applicant_id,matched_id,confidence,match_type,name_score,address_score,dob_score,tier,is_true_dup
APP000000,APP002865,71.09,FUZZY,78.79,92.31,20.0,AUTO_APPROVE,False
APP000001,APP005277,68.47,FUZZY,85.0,73.24,20.0,AUTO_APPROVE,False
APP000002,APP004232,97.0,EXACT_PHONE,97.3,100.0,100.0,AUTO_REJECT,True
APP000003,APP001884,64.37,FUZZY,100.0,47.89,0.0,AUTO_APPROVE,False
APP000004,APP004526,69.94,FUZZY,61.11,64.62,100.0,AUTO_APPROVE,False
APP000005,APP005909,64.33,FUZZY,100.0,47.76,0.0,AUTO_APPROVE,False
APP000006,APP008067,63.85,FUZZY,100.0,46.15,0.0,AUTO_APPROVE,False
APP000007,APP003591,64.78,FUZZY,69.57,100.0,0.0,AUTO_APPROVE,False
APP000008,APP006623,60.67,FUZZY,68.57,37.93,75.0,AUTO_APPROVE,False
APP000009,APP009166,65.81,FUZZY,68.75,54.79,75.0,AUTO_APPROVE,False
APP000010,APP008696,64.17,FUZZY,100.0,47.22,0.0,AUTO_APPROVE,False
APP000011,APP006299,62.0,FUZZY,100.0,40.0,0.0,AUTO_APPROVE,False
APP000012,APP007022,97.0,EXACT_PHONE,100.0,100.0,75.0,AUTO_REJECT,True
APP000013,APP006728,68.11,FUZZY,100.0,60.38,0.0,AUTO_APPROVE,False
APP000014,APP003516,65.21,FUZZY,100.0,50.7,0.0,AUTO_APPROVE,False
APP000015,APP007232,66.44,FUZZY,100.0,41.46,20.0,AUTO_APPROVE,False
APP000016,APP007141,70.32,FUZZY,100.0,67.74,0.0,AUTO_APPROVE,False
APP000017,APP002213,59.2,FUZZY,75.0,59.02,20.0,AUTO_APPROVE,False
APP000018,APP005400,63.62,FUZZY,66.67,34.29,100.0,AUTO_APPROVE,False
APP000019,APP001770,100.0,EXACT_PAN,95.0,100.0,75.0,AUTO_REJECT,True
APP000020,APP008982,63.75,FUZZY,30.77,94.55,100.0,AUTO_APPROVE,False
APP000021,APP005431,93.0,FUZZY,86.0,100.0,100.0,AUTO_REJECT,True
APP000022,APP002220,63.49,FUZZY,62.5,94.12,20.0,AUTO_APPROVE,False
APP000023,APP000115,60.52,FUZZY,66.67,40.62,75.0,AUTO_APPROVE,False
APP000024,APP002540,63.67,FUZZY,100.0,45.57,0.0,AUTO_APPROVE,False
APP000025,APP009826,71.82,FUZZY,100.0,72.73,0.0,AUTO_APPROVE,False
APP000026,APP001829,62.68,FUZZY,69.77,42.67,75.0,AUTO_APPROVE,False
APP000027,APP003562,67.14,FUZZY,73.33,88.24,20.0,AUTO_APPROVE,False
APP000028,APP003436,63.42,FUZZY,86.96,53.12,20.0,AUTO_APPROVE,False
APP000029,APP000651,66.9,FUZZY,100.0,56.34,0.0,AUTO_APPROVE,False
APP000030,APP006222,52.98,FUZZY,82.35,39.34,0.0,AUTO_APPROVE,False
APP000031,APP001388,62.58,FUZZY,84.85,53.85,20.0,AUTO_APPROVE,False
APP000032,APP006772,97.0,EXACT_PHONE,100.0,100.0,75.0,AUTO_REJECT,True
APP000033,APP002393,56.53,FUZZY,66.67,64.0,20.0,AUTO_APPROVE,False
APP000034,APP002776,63.43,FUZZY,100.0,44.78,0.0,AUTO_APPROVE,False
APP000035,APP001971,60.61,FUZZY,84.85,47.27,20.0,AUTO_APPROVE,False
APP000036,APP002390,60.61,FUZZY,82.76,64.1,0.0,AUTO_APPROVE,False
APP000037,APP001276,60.87,FUZZY,53.33,64.0,75.0,AUTO_APPROVE,False
APP000038,APP001907,63.7,FUZZY,81.25,76.92,0.0,AUTO_APPROVE,False
APP000039,APP006405,64.24,FUZZY,100.0,47.46,0.0,AUTO_APPROVE,False
APP000040,APP003642,63.52,FUZZY,81.08,76.6,0.0,AUTO_APPROVE,False
APP000041,APP008756,52.13,FUZZY,42.11,36.92,100.0,AUTO_APPROVE,False
APP000042,APP001296,100.0,EXACT_PAN,94.44,100.0,90.0,AUTO_REJECT,True
APP000043,APP005788,65.29,FUZZY,100.0,50.98,0.0,AUTO_APPROVE,False
APP000044,APP009509,74.38,FUZZY,63.16,76.0,100.0,AUTO_APPROVE,False
APP000045,APP004079,61.58,FUZZY,63.16,100.0,0.0,AUTO_APPROVE,False
APP000046,APP006531,69.67,FUZZY,100.0,65.57,0.0,AUTO_APPROVE,False
APP000047,APP004851,62.43,FUZZY,81.48,58.97,20.0,AUTO_APPROVE,False
APP000048,APP006083,67.58,FUZZY,85.71,69.09,20.0,AUTO_APPROVE,False
APP000049,APP002623,57.33,FUZZY,58.82,43.08,75.0,AUTO_APPROVE,False
APP000050,APP006079,60.68,FUZZY,100.0,35.62,0.0,AUTO_APPROVE,False
APP000051,APP003505,64.33,FUZZY,100.0,47.76,0.0,AUTO_APPROVE,False
APP000052,APP005501,70.21,FUZZY,80.0,50.7,75.0,AUTO_APPROVE,False
APP000053,APP008658,69.62,FUZZY,100.0,52.05,20.0,AUTO_APPROVE,False
APP000054,APP003631,65.93,FUZZY,66.67,58.67,75.0,AUTO_APPROVE,False
APP000055,APP004853,67.84,FUZZY,100.0,59.46,0.0,AUTO_APPROVE,False
APP000056,APP001347,62.47,FUZZY,100.0,41.56,0.0,AUTO_APPROVE,False
APP000057,APP002306,59.77,FUZZY,70.0,69.23,20.0,AUTO_APPROVE,False
APP000058,APP005366,60.0,FUZZY,45.71,57.14,100.0,AUTO_APPROVE,False
APP000059,APP001221,67.92,FUZZY,100.0,59.74,0.0,AUTO_APPROVE,False
APP000060,APP001337,57.12,FUZZY,57.14,45.16,75.0,AUTO_APPROVE,False
APP000061,APP002694,56.79,FUZZY,76.92,61.11,0.0,AUTO_APPROVE,False
APP000062,APP007593,54.65,FUZZY,80.0,35.48,20.0,AUTO_APPROVE,False
APP000063,APP007543,64.74,FUZZY,100.0,49.12,0.0,AUTO_APPROVE,False
APP000064,APP006587,97.06,FUZZY,94.12,100.0,100.0,AUTO_REJECT,True
APP000065,APP009976,65.45,FUZZY,100.0,51.52,0.0,AUTO_APPROVE,False
APP000066,APP001900,66.8,FUZZY,100.0,42.67,20.0,AUTO_APPROVE,False
APP000067,APP001637,100.0,EXACT_PAN,94.74,100.0,75.0,AUTO_REJECT,True
APP000068,APP009375,69.16,FUZZY,62.86,59.09,100.0,AUTO_APPROVE,False
APP000069,APP005398,59.41,FUZZY,58.82,100.0,0.0,AUTO_APPROVE,False
APP000070,APP008241,64.81,FUZZY,100.0,49.38,0.0,AUTO_APPROVE,False
APP000071,APP008638,62.17,FUZZY,100.0,40.58,0.0,AUTO_APPROVE,False
APP000072,APP000869,64.59,FUZZY,100.0,35.29,20.0,AUTO_APPROVE,False
APP000073,APP005489,61.58,FUZZY,63.16,100.0,0.0,AUTO_APPROVE,False
APP000074,APP001897,100.0,FUZZY,100.0,100.0,100.0,AUTO_REJECT,True
APP000075,APP000973,56.36,FUZZY,72.73,53.33,20.0,AUTO_APPROVE,False
APP000076,APP005116,63.24,FUZZY,66.67,86.36,20.0,AUTO_APPROVE,False
APP000077,APP003480,100.0,EXACT_PAN,100.0,100.0,75.0,AUTO_REJECT,True
APP000078,APP003682,69.12,FUZZY,83.87,77.27,20.0,AUTO_APPROVE,False
APP000079,APP004882,65.0,FUZZY,70.0,100.0,0.0,AUTO_APPROVE,False
APP000080,APP006723,64.36,FUZZY,62.5,60.38,75.0,AUTO_APPROVE,False
APP000081,APP009910,63.87,FUZZY,86.49,68.75,0.0,AUTO_APPROVE,False
APP000082,APP003662,68.48,FUZZY,81.25,42.86,75.0,AUTO_APPROVE,False
APP000083,APP009183,97.0,EXACT_PHONE,97.3,100.0,100.0,AUTO_REJECT,True
APP000084,APP008293,58.12,FUZZY,63.16,38.46,75.0,AUTO_APPROVE,False
APP000085,APP005035,63.07,FUZZY,66.67,49.12,75.0,AUTO_APPROVE,False
APP000086,APP008824,68.53,FUZZY,100.0,61.76,0.0,AUTO_APPROVE,False
APP000087,APP003209,56.27,FUZZY,84.85,46.15,0.0,AUTO_APPROVE,False
APP000088,APP000348,62.41,FUZZY,100.0,41.38,0.0,AUTO_APPROVE,False
APP000089,APP008465,65.21,FUZZY,100.0,50.7,0.0,AUTO_APPROVE,False
APP000090,,0.0,NO_MATCH,0.0,0.0,0.0,AUTO_APPROVE,False
APP000091,APP000908,97.0,EXACT_PHONE,100.0,100.0,100.0,AUTO_REJECT,True
APP000092,APP002920,61.82,FUZZY,63.64,100.0,0.0,AUTO_APPROVE,False
APP000093,APP001064,93.28,FUZZY,96.55,100.0,75.0,AUTO_REJECT,True
APP000094,APP003628,60.14,FUZZY,84.85,45.71,20.0,AUTO_APPROVE,False
APP000095,APP008275,54.82,FUZZY,59.26,33.96,75.0,AUTO_APPROVE,False
APP000096,APP005597,100.0,EXACT_PAN,100.0,100.0,100.0,AUTO_REJECT,True
APP000097,APP009773,100.0,EXACT_PAN,94.74,100.0,100.0,AUTO_REJECT,True
APP000098,APP002150,98.84,FUZZY,97.67,100.0,100.0,AUTO_REJECT,True
APP000099,APP006155,62.94,FUZZY,100.0,43.14,0.0,AUTO_APPROVE,False
APP000100,APP007896,59.54,FUZZY,83.87,45.33,20.0,AUTO_APPROVE,False
APP000101,APP007251,100.0,EXACT_PAN,100.0,100.0,75.0,AUTO_REJECT,True
APP000102,APP002540,92.22,FUZZY,94.44,100.0,75.0,AUTO_REJECT,True
APP000103,APP001535,67.26,FUZZY,100.0,57.53,0.0,AUTO_APPROVE,False
APP000104,APP008004,70.55,FUZZY,68.75,70.59,75.0,AUTO_APPROVE,False
APP000105,APP000022,61.22,FUZZY,60.0,54.05,75.0,AUTO_APPROVE,False
APP000106,APP005731,62.68,FUZZY,100.0,42.25,0.0,AUTO_APPROVE,False
APP000107,APP005429,72.16,FUZZY,100.0,60.53,20.0,AUTO_APPROVE,False
APP000108,APP008630,74.79,FUZZY,83.87,42.86,100.0,AUTO_APPROVE,False
APP000109,APP008284,72.92,FUZZY,100.0,26.42,75.0,AUTO_APPROVE,False
APP000110,APP002502,61.25,FUZZY,50.0,54.17,100.0,AUTO_APPROVE,False
APP000111,APP006847,68.33,FUZZY,100.0,61.11,0.0,AUTO_APPROVE,False
APP000112,APP000304,100.0,EXACT_PAN,91.67,100.0,75.0,AUTO_REJECT,True
APP000113,APP001102,66.9,FUZZY,75.86,46.58,75.0,AUTO_APPROVE,False
APP000114,APP009986,61.95,FUZZY,57.89,60.0,75.0,AUTO_APPROVE,False
APP000115,APP003553,67.38,FUZZY,66.67,63.49,75.0,AUTO_APPROVE,False
APP000116,APP008299,56.72,FUZZY,83.87,49.28,0.0,AUTO_APPROVE,False
APP000117,APP004575,61.05,FUZZY,100.0,36.84,0.0,AUTO_APPROVE,False
APP000118,APP008136,64.0,FUZZY,100.0,46.67,0.0,AUTO_APPROVE,False
APP000119,APP007731,61.54,FUZZY,100.0,38.46,0.0,AUTO_APPROVE,False
APP000120,APP001324,69.05,FUZZY,100.0,63.49,0.0,AUTO_APPROVE,False
APP000121,APP000618,64.62,FUZZY,100.0,48.72,0.0,AUTO_APPROVE,False
APP000122,APP008005,71.95,FUZZY,100.0,73.17,0.0,AUTO_APPROVE,False
APP000123,APP007316,92.37,FUZZY,94.74,100.0,75.0,AUTO_REJECT,True
APP000124,APP006552,70.53,FUZZY,100.0,68.42,0.0,AUTO_APPROVE,False
APP000125,APP004592,66.58,FUZZY,63.16,66.67,75.0,AUTO_APPROVE,False
APP000126,APP004252,58.73,FUZZY,55.56,53.16,75.0,AUTO_APPROVE,False
APP000127,APP001869,97.0,EXACT_PHONE,92.31,100.0,100.0,AUTO_REJECT,True
APP000128,APP002354,53.5,FUZZY,63.16,59.74,20.0,AUTO_APPROVE,False
APP000129,APP002424,100.0,FUZZY,100.0,100.0,100.0,AUTO_REJECT,True
APP000130,APP002361,59.45,FUZZY,78.79,53.52,20.0,AUTO_APPROVE,False
APP000131,APP005498,70.44,FUZZY,66.67,73.68,75.0,AUTO_APPROVE,False
APP000132,APP000297,67.29,FUZZY,82.35,37.04,75.0,AUTO_APPROVE,False
APP000133,APP005822,74.49,FUZZY,69.23,82.93,75.0,AUTO_APPROVE,False
APP000134,APP004122,60.63,FUZZY,100.0,35.44,0.0,AUTO_APPROVE,False
APP000135,APP004625,93.48,FUZZY,96.97,100.0,75.0,AUTO_REJECT,True
APP000136,APP004141,54.96,FUZZY,76.47,42.42,20.0,AUTO_APPROVE,False
APP000137,APP006720,61.7,FUZZY,61.11,90.48,20.0,AUTO_APPROVE,False
APP000138,APP005737,58.71,FUZZY,69.23,30.3,75.0,AUTO_APPROVE,False
APP000139,APP009198,67.31,FUZZY,100.0,57.69,0.0,AUTO_APPROVE,False
APP000140,APP009140,98.65,FUZZY,97.3,100.0,100.0,AUTO_REJECT,True
APP000141,APP000711,59.35,FUZZY,82.05,47.76,20.0,AUTO_APPROVE,False
APP000142,APP003344,65.66,FUZZY,64.71,61.02,75.0,AUTO_APPROVE,False
APP000143,APP004733,62.54,FUZZY,100.0,41.79,0.0,AUTO_APPROVE,False
APP000144,APP005679,65.83,FUZZY,100.0,52.78,0.0,AUTO_APPROVE,False
APP000145,APP002633,62.28,FUZZY,63.41,88.57,20.0,AUTO_APPROVE,False
APP000146,APP008194,100.0,EXACT_PAN,95.0,100.0,100.0,AUTO_REJECT,True
APP000147,APP007309,75.59,FUZZY,100.0,35.29,75.0,AUTO_APPROVE,False
APP000148,APP009548,58.76,FUZZY,94.44,38.46,0.0,AUTO_APPROVE,False
APP000149,APP004495,96.39,FUZZY,96.77,100.0,90.0,AUTO_REJECT,True
APP000150,APP006482,54.7,FUZZY,58.82,70.97,20.0,AUTO_APPROVE,False
APP000151,APP003285,67.14,FUZZY,100.0,57.14,0.0,AUTO_APPROVE,False
APP000152,APP008770,62.95,FUZZY,60.61,58.82,75.0,AUTO_APPROVE,False
APP000153,APP000722,100.0,EXACT_PAN,96.3,100.0,100.0,AUTO_REJECT,True
APP000154,APP007470,72.88,FUZZY,78.57,61.97,75.0,AUTO_APPROVE,False
APP000155,APP009931,65.18,FUZZY,65.0,42.25,100.0,AUTO_APPROVE,False
APP000156,APP009284,61.62,FUZZY,36.84,77.33,100.0,AUTO_APPROVE,False
APP000157,APP006106,74.94,FUZZY,83.87,60.0,75.0,AUTO_APPROVE,False
APP000158,APP008660,62.08,FUZZY,47.37,61.33,100.0,AUTO_APPROVE,False
APP000159,APP004987,96.57,FUZZY,97.14,100.0,90.0,AUTO_REJECT,True
APP000160,APP001752,65.57,FUZZY,72.73,47.37,75.0,AUTO_APPROVE,False
APP000161,APP002650,55.2,FUZZY,71.43,51.61,20.0,AUTO_APPROVE,False
APP000162,APP005536,67.65,FUZZY,100.0,58.82,0.0,AUTO_APPROVE,False
APP000163,APP003309,54.45,FUZZY,62.07,64.71,20.0,AUTO_APPROVE,False
APP000164,APP003907,100.0,EXACT_PAN,94.74,100.0,100.0,AUTO_REJECT,True
APP000165,APP002408,100.0,FUZZY,100.0,100.0,100.0,AUTO_REJECT,True
APP000166,APP007263,97.0,EXACT_PHONE,92.86,100.0,75.0,AUTO_REJECT,True
APP000167,APP002763,63.43,FUZZY,100.0,44.78,0.0,AUTO_APPROVE,False
APP000168,APP008358,71.11,FUZZY,100.0,70.37,0.0,AUTO_APPROVE,False
APP000169,APP004655,64.48,FUZZY,81.25,29.51,75.0,AUTO_APPROVE,False
APP000170,APP004866,59.71,FUZZY,100.0,32.35,0.0,AUTO_APPROVE,False
APP000171,APP007513,67.18,FUZZY,66.67,46.15,100.0,AUTO_APPROVE,False
APP000172,APP001604,61.82,FUZZY,100.0,39.39,0.0,AUTO_APPROVE,False
APP000173,APP002737,60.93,FUZZY,78.57,58.82,20.0,AUTO_APPROVE,False
APP000174,APP002084,61.93,FUZZY,75.86,66.67,20.0,AUTO_APPROVE,False
APP000175,APP003944,63.33,FUZZY,66.67,100.0,0.0,AUTO_APPROVE,False
APP000176,APP009922,100.0,EXACT_PAN,100.0,100.0,100.0,AUTO_REJECT,True
APP000177,APP004511,67.75,FUZZY,100.0,59.15,0.0,AUTO_APPROVE,False
APP000178,APP009439,59.82,FUZZY,88.89,37.93,20.0,AUTO_APPROVE,False
APP000179,APP007569,58.41,FUZZY,83.87,54.9,0.0,AUTO_APPROVE,False
APP000180,APP002626,69.53,FUZZY,100.0,65.12,0.0,AUTO_APPROVE,False
APP000181,APP005129,63.78,FUZZY,82.05,62.5,20.0,AUTO_APPROVE,False
APP000182,APP006180,98.57,FUZZY,97.14,100.0,100.0,AUTO_REJECT,True
APP000183,APP000952,97.0,EXACT_PHONE,96.97,100.0,75.0,AUTO_REJECT,True
APP000184,APP003922,70.12,FUZZY,100.0,53.73,20.0,AUTO_APPROVE,False
APP000185,APP008617,63.85,FUZZY,100.0,46.15,0.0,AUTO_APPROVE,False
APP000186,APP006010,62.28,FUZZY,65.0,49.28,75.0,AUTO_APPROVE,False
APP000187,APP002489,70.29,FUZZY,100.0,54.29,20.0,AUTO_APPROVE,False
APP000188,APP006739,59.65,FUZZY,78.57,54.55,20.0,AUTO_APPROVE,False
APP000189,APP001405,98.48,FUZZY,96.97,100.0,100.0,AUTO_REJECT,True
APP000190,APP004459,71.11,FUZZY,100.0,70.37,0.0,AUTO_APPROVE,False
APP000191,APP002297,60.0,FUZZY,100.0,33.33,0.0,AUTO_APPROVE,False
APP000192,APP002858,70.19,FUZZY,100.0,53.97,20.0,AUTO_APPROVE,False
APP000193,APP008377,65.83,FUZZY,82.35,68.85,20.0,AUTO_APPROVE,False
APP000194,APP008884,61.35,FUZZY,77.78,61.54,20.0,AUTO_APPROVE,False
APP000195,APP004890,58.34,FUZZY,62.07,41.03,75.0,AUTO_APPROVE,False
APP000196,APP008531,55.87,FUZZY,75.0,47.89,20.0,AUTO_APPROVE,False
APP000197,APP006700,62.22,FUZZY,65.0,49.06,75.0,AUTO_APPROVE,False
APP000198,APP008009,55.14,FUZZY,70.59,52.83,20.0,AUTO_APPROVE,False
APP000199,APP009396,56.62,FUZZY,44.44,48.0,100.0,AUTO_APPROVE,False
APP000200,APP006553,73.53,FUZZY,100.0,78.43,0.0,AUTO_APPROVE,False
APP000201,APP008041,68.62,FUZZY,100.0,62.07,0.0,AUTO_APPROVE,False
APP000202,APP002069,64.29,FUZZY,100.0,47.62,0.0,AUTO_APPROVE,False
APP000203,APP008436,62.2,FUZZY,100.0,40.68,0.0,AUTO_APPROVE,False
APP000204,APP009011,100.0,EXACT_PAN,100.0,100.0,100.0,AUTO_REJECT,True
APP000205,APP003794,69.5,FUZZY,100.0,65.0,0.0,AUTO_APPROVE,False
APP000206,APP000389,74.96,FUZZY,92.22,46.15,75.0,AUTO_APPROVE,True
APP000207,APP008268,60.34,FUZZY,100.0,34.48,0.0,AUTO_APPROVE,False
APP000208,APP002692,72.26,FUZZY,92.31,73.68,20.0,AUTO_APPROVE,False
APP000209,,0.0,NO_MATCH,0.0,0.0,0.0,AUTO_APPROVE,False
APP000210,APP004632,63.18,FUZZY,78.95,65.67,20.0,AUTO_APPROVE,False
APP000211,APP000588,62.07,FUZZY,83.33,68.0,0.0,AUTO_APPROVE,False
APP000212,APP005987,53.43,FUZZY,50.0,44.78,75.0,AUTO_APPROVE,False
APP000213,APP001713,55.29,FUZZY,63.16,29.03,75.0,AUTO_APPROVE,False
APP000214,APP005998,56.22,FUZZY,58.06,40.62,75.0,AUTO_APPROVE,False
APP000215,APP006064,63.6,FUZZY,100.0,45.33,0.0,AUTO_APPROVE,False
APP000216,APP001217,69.2,FUZZY,100.0,64.0,0.0,AUTO_APPROVE,False
APP000217,APP006792,65.37,FUZZY,100.0,51.22,0.0,AUTO_APPROVE,False
APP000218,APP006588,64.06,FUZZY,100.0,46.88,0.0,AUTO_APPROVE,False
APP000219,APP007531,75.91,FUZZY,100.0,36.36,75.0,AUTO_APPROVE,False
APP000220,APP004377,62.77,FUZZY,100.0,42.55,0.0,AUTO_APPROVE,False
APP000221,APP001543,65.53,FUZZY,63.16,63.16,75.0,AUTO_APPROVE,False
APP000222,APP009769,50.2,FUZZY,52.94,65.75,20.0,AUTO_APPROVE,False
APP000223,APP007549,63.91,FUZZY,100.0,46.38,0.0,AUTO_APPROVE,False
APP000224,APP009233,100.0,EXACT_PAN,95.0,100.0,100.0,AUTO_REJECT,True
APP000225,APP000596,62.97,FUZZY,100.0,43.24,0.0,AUTO_APPROVE,False
APP000226,APP006698,100.0,EXACT_PAN,96.0,100.0,100.0,AUTO_REJECT,True
APP000227,APP005953,69.41,FUZZY,100.0,64.71,0.0,AUTO_APPROVE,False
APP000228,APP002162,60.31,FUZZY,100.0,34.38,0.0,AUTO_APPROVE,False
APP000229,APP007240,55.96,FUZZY,46.67,42.11,100.0,AUTO_APPROVE,False
APP000230,APP009575,62.86,FUZZY,100.0,42.86,0.0,AUTO_APPROVE,False
APP000231,APP003022,79.77,FUZZY,87.18,70.59,75.0,AUTO_APPROVE,False
APP000232,APP000731,58.02,FUZZY,78.57,49.12,20.0,AUTO_APPROVE,False
APP000233,APP007569,62.45,FUZZY,100.0,41.51,0.0,AUTO_APPROVE,False
APP000234,APP007748,54.07,FUZZY,69.23,51.52,20.0,AUTO_APPROVE,False
APP000235,APP006045,59.6,FUZZY,71.43,29.63,75.0,AUTO_APPROVE,False
APP000236,APP009680,54.26,FUZZY,52.94,42.62,75.0,AUTO_APPROVE,False
APP000237,APP004198,55.44,FUZZY,81.25,36.07,20.0,AUTO_APPROVE,False
APP000238,APP008194,72.41,FUZZY,71.79,71.7,75.0,AUTO_APPROVE,False
APP000239,APP007356,51.96,FUZZY,53.33,70.97,20.0,AUTO_APPROVE,False
APP000240,APP007280,64.37,FUZZY,100.0,47.89,0.0,AUTO_APPROVE,False
APP000241,APP000476,68.0,FUZZY,100.0,60.0,0.0,AUTO_APPROVE,False
APP000242,APP006755,67.38,FUZZY,82.76,36.67,75.0,AUTO_APPROVE,False
APP000243,APP008286,82.69,FUZZY,100.0,58.97,75.0,FLAG_FOR_REVIEW,False
APP000244,APP005162,51.66,FUZZY,66.67,47.76,20.0,AUTO_APPROVE,False
APP000245,APP007500,59.38,FUZZY,100.0,31.25,0.0,AUTO_APPROVE,False
APP000246,APP006611,63.68,FUZZY,100.0,32.26,20.0,AUTO_APPROVE,False
APP000247,APP009453,56.47,FUZZY,64.86,30.14,75.0,AUTO_APPROVE,False
APP000248,APP007728,59.95,FUZZY,66.67,38.71,75.0,AUTO_APPROVE,False
APP000249,APP002809,62.31,FUZZY,100.0,27.69,20.0,AUTO_APPROVE,False
APP000250,APP000354,70.53,FUZZY,100.0,68.42,0.0,AUTO_APPROVE,False
APP000251,APP008334,63.36,FUZZY,58.82,63.16,75.0,AUTO_APPROVE,False
APP000252,APP004342,55.53,FUZZY,81.25,36.36,20.0,AUTO_APPROVE,False
APP000253,APP000313,69.78,FUZZY,69.57,66.67,75.0,AUTO_APPROVE,False
APP000254,APP001715,62.32,FUZZY,48.48,76.92,75.0,AUTO_APPROVE,False
APP000255,APP006329,62.92,FUZZY,57.89,46.58,100.0,AUTO_APPROVE,False
APP000256,APP008083,62.08,FUZZY,61.11,55.07,75.0,AUTO_APPROVE,False
APP000257,APP007209,63.52,FUZZY,100.0,45.07,0.0,AUTO_APPROVE,False
APP000258,APP003504,63.22,FUZZY,82.76,59.46,20.0,AUTO_APPROVE,False
APP000259,APP007921,64.79,FUZZY,100.0,49.32,0.0,AUTO_APPROVE,False
APP000260,APP007385,70.29,FUZZY,100.0,67.65,0.0,AUTO_APPROVE,False
APP000261,APP007593,62.45,FUZZY,100.0,41.51,0.0,AUTO_APPROVE,False
APP000262,APP007690,64.98,FUZZY,74.07,43.14,75.0,AUTO_APPROVE,False
APP000263,APP002921,54.16,FUZZY,47.06,35.44,100.0,AUTO_APPROVE,False
APP000264,APP009066,66.73,FUZZY,66.67,61.33,75.0,AUTO_APPROVE,False
APP000265,APP005724,59.2,FUZZY,82.35,46.75,20.0,AUTO_APPROVE,False
APP000266,APP001842,59.86,FUZZY,100.0,32.88,0.0,AUTO_APPROVE,False
APP000267,APP004721,59.01,FUZZY,48.48,49.23,100.0,AUTO_APPROVE,False
APP000268,APP006803,97.06,FUZZY,94.12,100.0,100.0,AUTO_REJECT,True
APP000269,APP008219,54.5,FUZZY,75.68,55.56,0.0,AUTO_APPROVE,False
APP000270,APP001059,100.0,EXACT_PAN,91.67,100.0,100.0,AUTO_REJECT,True
APP000271,APP008825,56.46,FUZZY,82.93,50.0,0.0,AUTO_APPROVE,False
APP000272,APP006498,65.48,FUZZY,70.97,100.0,0.0,AUTO_APPROVE,False
APP000273,APP006810,55.66,FUZZY,62.5,31.37,75.0,AUTO_APPROVE,False
APP000274,APP009078,54.77,FUZZY,57.14,37.33,75.0,AUTO_APPROVE,False
APP000275,APP009386,72.7,FUZZY,100.0,75.68,0.0,AUTO_APPROVE,False
APP000276,APP001907,95.37,FUZZY,94.74,100.0,90.0,AUTO_REJECT,True
APP000277,APP008129,60.83,FUZZY,100.0,36.11,0.0,AUTO_APPROVE,False
APP000278,APP000048,65.88,FUZZY,35.9,93.1,100.0,AUTO_APPROVE,False
APP000279,APP000385,97.0,EXACT_PHONE,93.75,100.0,75.0,AUTO_REJECT,True
APP000280,APP000454,56.0,FUZZY,80.0,40.0,20.0,AUTO_APPROVE,False
APP000281,APP002398,61.43,FUZZY,100.0,38.1,0.0,AUTO_APPROVE,False
APP000282,APP005282,59.09,FUZZY,100.0,30.3,0.0,AUTO_APPROVE,False
APP000283,APP009389,65.93,FUZZY,78.57,38.81,75.0,AUTO_APPROVE,False
APP000284,APP005047,51.65,FUZZY,64.0,52.17,20.0,AUTO_APPROVE,False
APP000285,APP005125,61.8,FUZZY,70.0,39.34,75.0,AUTO_APPROVE,False
APP000286,APP006193,100.0,FUZZY,100.0,100.0,100.0,AUTO_REJECT,True
APP000287,APP007733,63.64,FUZZY,100.0,45.45,0.0,AUTO_APPROVE,False
APP000288,APP009626,64.07,FUZZY,82.76,62.3,20.0,AUTO_APPROVE,False
APP000289,APP005539,71.19,FUZZY,85.71,44.44,75.0,AUTO_APPROVE,False
APP000290,APP006311,100.0,FUZZY,100.0,100.0,100.0,AUTO_REJECT,True
APP000291,APP003422,57.64,FUZZY,78.79,47.5,20.0,AUTO_APPROVE,False
APP000292,APP001254,66.36,FUZZY,100.0,54.55,0.0,AUTO_APPROVE,False
APP000293,APP004635,56.59,FUZZY,61.54,72.73,20.0,AUTO_APPROVE,False
APP000294,APP001942,61.19,FUZZY,60.0,37.29,100.0,AUTO_APPROVE,False
APP000295,APP002158,68.23,FUZZY,80.0,80.77,20.0,AUTO_APPROVE,False
APP000296,APP007017,65.64,FUZZY,84.21,65.12,20.0,AUTO_APPROVE,False
APP000297,APP000132,67.29,FUZZY,82.35,37.04,75.0,AUTO_APPROVE,False
APP000298,APP006941,95.06,FUZZY,94.12,100.0,90.0,AUTO_REJECT,True
APP000299,APP003243,92.5,FUZZY,95.0,100.0,75.0,AUTO_REJECT,True
APP000300,APP001777,63.15,FUZZY,100.0,43.84,0.0,AUTO_APPROVE,False
APP000301,,0.0,NO_MATCH,0.0,0.0,0.0,AUTO_APPROVE,False
APP000302,APP001311,59.0,FUZZY,100.0,30.0,0.0,AUTO_APPROVE,False
APP000303,APP002681,68.33,FUZZY,100.0,47.76,20.0,AUTO_APPROVE,False
APP000304,APP000112,100.0,EXACT_PAN,91.67,100.0,75.0,AUTO_REJECT,True
APP000305,APP000407,100.0,EXACT_PAN,94.74,100.0,75.0,AUTO_REJECT,True
APP000306,APP005870,59.39,FUZZY,63.16,79.37,20.0,AUTO_APPROVE,False
APP000307,APP000612,69.3,FUZZY,82.35,43.75,75.0,AUTO_APPROVE,False
APP000308,APP002889,73.45,FUZZY,82.5,40.68,100.0,AUTO_APPROVE,True
APP000309,APP005568,72.7,FUZZY,100.0,75.68,0.0,AUTO_APPROVE,False
APP000310,APP008761,61.58,FUZZY,63.16,50.0,75.0,AUTO_APPROVE,False
APP000311,APP002941,97.0,EXACT_PHONE,100.0,100.0,75.0,AUTO_REJECT,True
APP000312,APP000177,62.68,FUZZY,84.85,67.53,0.0,AUTO_APPROVE,False
APP000313,APP000253,69.78,FUZZY,69.57,66.67,75.0,AUTO_APPROVE,False
APP000314,APP008455,63.64,FUZZY,100.0,45.45,0.0,AUTO_APPROVE,False
APP000315,APP005579,54.71,FUZZY,77.42,40.0,20.0,AUTO_APPROVE,False
APP000316,APP009896,63.09,FUZZY,61.11,58.46,75.0,AUTO_APPROVE,False
APP000317,APP007750,63.04,FUZZY,100.0,43.48,0.0,AUTO_APPROVE,False
APP000318,APP006534,65.43,FUZZY,100.0,38.1,20.0,AUTO_APPROVE,False
APP000319,APP004049,68.65,FUZZY,100.0,62.16,0.0,AUTO_APPROVE,False
APP000320,APP008296,63.33,FUZZY,66.67,100.0,0.0,AUTO_APPROVE,False
APP000321,APP005957,67.25,FUZZY,83.33,35.29,75.0,AUTO_APPROVE,False
APP000322,APP006349,68.23,FUZZY,100.0,60.76,0.0,AUTO_APPROVE,False
APP000323,APP002508,71.0,FUZZY,80.0,53.33,75.0,AUTO_APPROVE,False
APP000324,APP009424,68.07,FUZZY,54.05,70.13,100.0,AUTO_APPROVE,False
APP000325,APP000872,97.22,FUZZY,94.44,100.0,100.0,AUTO_REJECT,True
APP000326,APP002158,64.57,FUZZY,80.0,31.88,75.0,AUTO_APPROVE,False
APP000327,APP004312,60.68,FUZZY,81.25,53.52,20.0,AUTO_APPROVE,False
APP000328,APP001628,60.91,FUZZY,100.0,36.36,0.0,AUTO_APPROVE,False
APP000329,APP004960,66.25,FUZZY,69.77,54.55,75.0,AUTO_APPROVE,False
APP000330,APP000503,60.06,FUZZY,76.92,58.67,20.0,AUTO_APPROVE,False
APP000331,APP008485,52.3,FUZZY,57.14,29.09,75.0,AUTO_APPROVE,False
APP000332,APP003350,61.84,FUZZY,61.54,53.57,75.0,AUTO_APPROVE,False
APP000333,APP001873,100.0,EXACT_PAN,96.77,100.0,75.0,AUTO_REJECT,True
APP000334,APP002553,75.05,FUZZY,64.71,92.31,75.0,AUTO_APPROVE,False
APP000335,APP008588,81.96,FUZZY,80.0,89.86,75.0,FLAG_FOR_REVIEW,False
APP000336,APP000636,69.41,FUZZY,76.92,53.16,75.0,AUTO_APPROVE,False
APP000337,APP002335,62.57,FUZZY,86.67,50.79,20.0,AUTO_APPROVE,False
APP000338,APP002819,66.97,FUZZY,85.0,31.58,75.0,AUTO_APPROVE,False
APP000339,APP001243,100.0,EXACT_PAN,95.65,100.0,100.0,AUTO_REJECT,True
APP000340,APP005382,69.41,FUZZY,100.0,64.71,0.0,AUTO_APPROVE,False
APP000341,APP008633,63.2,FUZZY,64.52,53.12,75.0,AUTO_APPROVE,False
APP000342,APP003405,68.75,FUZZY,100.0,62.5,0.0,AUTO_APPROVE,False
APP000343,APP000339,64.77,FUZZY,100.0,49.23,0.0,AUTO_APPROVE,False
APP000344,APP005206,64.08,FUZZY,57.14,68.35,75.0,AUTO_APPROVE,False
APP000345,APP006982,62.64,FUZZY,62.86,54.05,75.0,AUTO_APPROVE,False
APP000346,APP005481,63.57,FUZZY,57.14,66.67,75.0,AUTO_APPROVE,False
APP000347,APP003234,64.06,FUZZY,100.0,46.88,0.0,AUTO_APPROVE,False
APP000348,APP008683,69.02,FUZZY,100.0,63.41,0.0,AUTO_APPROVE,False
APP000349,APP008991,64.9,FUZZY,94.12,59.46,0.0,AUTO_APPROVE,False
APP000350,APP006284,69.29,FUZZY,100.0,64.29,0.0,AUTO_APPROVE,False
APP000351,APP007463,63.33,FUZZY,100.0,44.44,0.0,AUTO_APPROVE,False
APP000352,APP005640,59.85,FUZZY,34.29,75.68,100.0,AUTO_APPROVE,False
APP000353,APP002038,59.04,FUZZY,74.07,60.0,20.0,AUTO_APPROVE,False
APP000354,APP000250,70.53,FUZZY,100.0,68.42,0.0,AUTO_APPROVE,False
APP000355,APP005248,63.9,FUZZY,62.5,58.82,75.0,AUTO_APPROVE,False
APP000356,APP001695,57.14,FUZZY,72.0,57.14,20.0,AUTO_APPROVE,False
APP000357,APP007669,57.33,FUZZY,80.0,44.44,20.0,AUTO_APPROVE,False
APP000358,APP000955,60.24,FUZZY,36.84,72.73,100.0,AUTO_APPROVE,False
APP000359,APP003454,98.39,FUZZY,96.77,100.0,100.0,AUTO_REJECT,True
APP000360,APP005021,76.35,FUZZY,100.0,37.84,75.0,AUTO_APPROVE,False
APP000361,APP008643,61.79,FUZZY,63.16,50.7,75.0,AUTO_APPROVE,False
APP000362,APP004587,64.51,FUZZY,41.03,80.0,100.0,AUTO_APPROVE,False
APP000363,APP000349,60.91,FUZZY,100.0,36.36,0.0,AUTO_APPROVE,False
APP000364,APP006253,60.22,FUZZY,44.44,60.0,100.0,AUTO_APPROVE,False
APP000365,APP004055,64.0,FUZZY,76.92,35.14,75.0,AUTO_APPROVE,False
APP000366,APP004280,70.0,FUZZY,100.0,66.67,0.0,AUTO_APPROVE,False
APP000367,APP005631,63.72,FUZZY,82.93,60.87,20.0,AUTO_APPROVE,False
APP000368,APP008239,64.48,FUZZY,68.97,100.0,0.0,AUTO_APPROVE,False
APP000369,APP005553,65.0,FUZZY,100.0,50.0,0.0,AUTO_APPROVE,False
APP000370,APP007892,68.0,FUZZY,100.0,60.0,0.0,AUTO_APPROVE,False
APP000371,APP000834,50.54,FUZZY,68.75,40.54,20.0,AUTO_APPROVE,False
APP000372,APP006447,56.71,FUZZY,81.82,39.34,20.0,AUTO_APPROVE,False
APP000373,APP001270,69.25,FUZZY,100.0,64.15,0.0,AUTO_APPROVE,False
APP000374,APP004304,56.46,FUZZY,38.89,56.72,100.0,AUTO_APPROVE,False
APP000375,APP007186,98.57,FUZZY,97.14,100.0,100.0,AUTO_REJECT,True
APP000376,APP007965,100.0,EXACT_PAN,96.0,100.0,100.0,AUTO_REJECT,True
APP000377,APP001313,57.9,FUZZY,82.35,42.42,20.0,AUTO_APPROVE,False
APP000378,APP005513,79.75,FUZZY,100.0,49.18,75.0,AUTO_APPROVE,False
APP000379,APP001556,56.46,FUZZY,61.11,36.36,75.0,AUTO_APPROVE,False
APP000380,APP008417,56.77,FUZZY,61.54,36.67,75.0,AUTO_APPROVE,False
APP000381,APP002521,62.5,FUZZY,64.52,50.79,75.0,AUTO_APPROVE,False
APP000382,APP007026,70.0,FUZZY,90.91,68.49,20.0,AUTO_APPROVE,False
APP000383,APP007045,97.0,EXACT_PHONE,92.86,100.0,100.0,AUTO_REJECT,True
APP000384,APP005285,67.42,FUZZY,100.0,58.06,0.0,AUTO_APPROVE,False
APP000385,APP000279,97.0,EXACT_PHONE,93.75,100.0,75.0,AUTO_REJECT,True
APP000386,APP006086,71.43,FUZZY,85.71,28.57,100.0,AUTO_APPROVE,False
APP000387,APP004273,97.37,FUZZY,94.74,100.0,100.0,AUTO_REJECT,True
APP000388,APP006693,62.19,FUZZY,100.0,40.62,0.0,AUTO_APPROVE,False
APP000389,APP000206,74.96,FUZZY,92.22,46.15,75.0,AUTO_APPROVE,True
APP000390,APP003419,100.0,EXACT_PAN,96.97,100.0,100.0,AUTO_REJECT,True
APP000391,APP008573,63.43,FUZZY,100.0,44.78,0.0,AUTO_APPROVE,False
APP000392,APP006653,75.27,FUZZY,100.0,70.89,20.0,AUTO_APPROVE,False
APP000393,APP002757,63.9,FUZZY,62.86,58.23,75.0,AUTO_APPROVE,False
APP000394,APP001952,61.25,FUZZY,62.5,100.0,0.0,AUTO_APPROVE,False
APP000395,APP007578,65.61,FUZZY,71.79,49.06,75.0,AUTO_APPROVE,False
APP000396,APP003422,98.48,FUZZY,96.97,100.0,100.0,AUTO_REJECT,True
APP000397,APP006212,62.35,FUZZY,100.0,41.18,0.0,AUTO_APPROVE,False
APP000398,APP003812,67.01,FUZZY,100.0,56.72,0.0,AUTO_APPROVE,False
APP000399,APP000515,61.8,FUZZY,100.0,39.34,0.0,AUTO_APPROVE,False
APP000400,APP004761,54.0,FUZZY,80.0,33.33,20.0,AUTO_APPROVE,False
APP000401,APP005229,70.53,FUZZY,100.0,68.42,0.0,AUTO_APPROVE,False
APP000402,APP009780,60.75,FUZZY,100.0,35.82,0.0,AUTO_APPROVE,False
APP000403,APP008361,59.63,FUZZY,62.86,44.0,75.0,AUTO_APPROVE,False
APP000404,APP000131,64.0,FUZZY,70.97,45.07,75.0,AUTO_APPROVE,False
APP000405,APP009881,58.81,FUZZY,62.86,41.27,75.0,AUTO_APPROVE,False
APP000406,APP009109,60.93,FUZZY,86.67,45.33,20.0,AUTO_APPROVE,False
APP000407,APP000305,100.0,EXACT_PAN,94.74,100.0,75.0,AUTO_REJECT,True
APP000408,APP004511,65.6,FUZZY,68.29,54.84,75.0,AUTO_APPROVE,False
APP000409,APP001060,66.03,FUZZY,66.67,58.97,75.0,AUTO_APPROVE,False
APP000410,APP000554,67.03,FUZZY,54.05,66.67,100.0,AUTO_APPROVE,False
APP000411,APP005197,70.85,FUZZY,80.0,52.83,75.0,AUTO_APPROVE,False
APP000412,APP001759,59.79,FUZZY,80.0,52.63,20.0,AUTO_APPROVE,False
APP000413,APP005527,58.45,FUZZY,100.0,28.17,0.0,AUTO_APPROVE,False
APP000414,APP006996,62.25,FUZZY,62.5,53.33,75.0,AUTO_APPROVE,False
APP000415,APP009067,100.0,FUZZY,100.0,100.0,100.0,AUTO_REJECT,True
APP000416,APP007322,98.48,FUZZY,96.97,100.0,100.0,AUTO_REJECT,True
APP000417,APP001480,62.15,FUZZY,85.71,50.98,20.0,AUTO_APPROVE,False
APP000418,APP001005,59.58,FUZZY,66.67,37.5,75.0,AUTO_APPROVE,False
APP000419,APP003175,52.37,FUZZY,62.07,57.78,20.0,AUTO_APPROVE,False
APP000420,APP001833,72.7,FUZZY,100.0,75.68,0.0,AUTO_APPROVE,False
APP000421,APP000959,100.0,FUZZY,100.0,100.0,100.0,AUTO_REJECT,True
APP000422,APP007746,71.25,FUZZY,100.0,70.83,0.0,AUTO_APPROVE,False
APP000423,APP008874,59.76,FUZZY,89.47,36.73,20.0,AUTO_APPROVE,False
APP000424,APP001019,97.83,FUZZY,95.65,100.0,100.0,AUTO_REJECT,True
APP000425,APP008711,66.25,FUZZY,80.0,37.5,75.0,AUTO_APPROVE,False
APP000426,APP007108,51.9,FUZZY,35.71,46.81,100.0,AUTO_APPROVE,False
APP000427,APP006727,54.84,FUZZY,38.1,52.63,100.0,AUTO_APPROVE,False
APP000428,APP005463,72.72,FUZZY,62.86,70.97,100.0,AUTO_APPROVE,False
APP000429,APP005931,97.31,FUZZY,94.62,100.0,100.0,AUTO_REJECT,True
APP000430,APP002362,97.0,EXACT_PHONE,94.12,100.0,75.0,AUTO_REJECT,True
APP000431,APP000895,67.65,FUZZY,100.0,58.82,0.0,AUTO_APPROVE,False
APP000432,APP009971,97.0,EXACT_PHONE,100.0,100.0,100.0,AUTO_REJECT,True
APP000433,APP005588,66.84,FUZZY,73.68,100.0,0.0,AUTO_APPROVE,False
APP000434,APP006646,61.84,FUZZY,70.27,75.68,20.0,AUTO_APPROVE,False
APP000435,APP006592,59.26,FUZZY,63.16,78.95,20.0,AUTO_APPROVE,False
APP000436,APP008046,97.0,EXACT_PHONE,94.12,100.0,100.0,AUTO_REJECT,True
APP000437,APP004777,61.69,FUZZY,81.48,69.84,0.0,AUTO_APPROVE,False
APP000438,APP000384,59.8,FUZZY,62.5,45.16,75.0,AUTO_APPROVE,False
APP000439,APP004164,58.4,FUZZY,71.79,25.0,75.0,AUTO_APPROVE,False
APP000440,APP002373,59.56,FUZZY,66.67,74.07,20.0,AUTO_APPROVE,False
APP000441,APP008732,68.79,FUZZY,65.0,70.97,75.0,AUTO_APPROVE,False
APP000442,APP002479,70.0,FUZZY,100.0,66.67,0.0,AUTO_APPROVE,False
APP000443,APP002292,100.0,EXACT_PAN,100.0,100.0,90.0,AUTO_REJECT,True
APP000444,APP007972,70.62,FUZZY,100.0,68.75,0.0,AUTO_APPROVE,False
APP000445,APP002155,58.57,FUZZY,100.0,28.57,0.0,AUTO_APPROVE,False
APP000446,APP006332,68.1,FUZZY,76.19,100.0,0.0,AUTO_APPROVE,False
APP000447,APP006407,55.29,FUZZY,77.42,41.94,20.0,AUTO_APPROVE,False
APP000448,APP001928,61.67,FUZZY,66.67,44.44,75.0,AUTO_APPROVE,False
APP000449,APP004675,98.0,FUZZY,100.0,100.0,90.0,AUTO_REJECT,True
APP000450,APP003981,65.29,FUZZY,80.0,70.97,20.0,AUTO_APPROVE,False
APP000451,APP006213,59.76,FUZZY,75.0,60.87,20.0,AUTO_APPROVE,False
APP000452,APP004542,100.0,FUZZY,100.0,100.0,100.0,AUTO_REJECT,True
APP000453,APP002759,66.47,FUZZY,53.66,82.14,75.0,AUTO_APPROVE,False
APP000454,APP004642,70.08,FUZZY,64.86,58.82,100.0,AUTO_APPROVE,False
APP000455,APP007599,67.26,FUZZY,100.0,57.53,0.0,AUTO_APPROVE,False
APP000456,APP002532,61.94,FUZZY,78.95,61.54,20.0,AUTO_APPROVE,False
APP000457,APP007213,60.31,FUZZY,100.0,34.38,0.0,AUTO_APPROVE,False
APP000458,APP005544,60.0,FUZZY,100.0,33.33,0.0,AUTO_APPROVE,False
APP000459,APP009387,65.2,FUZZY,87.5,58.18,20.0,AUTO_APPROVE,False
APP000460,APP004723,58.91,FUZZY,51.43,44.0,100.0,AUTO_APPROVE,False
APP000461,APP008083,59.07,FUZZY,81.48,47.76,20.0,AUTO_APPROVE,False
APP000462,APP005868,56.56,FUZZY,62.5,34.38,75.0,AUTO_APPROVE,False
APP000463,APP003851,54.75,FUZZY,62.5,65.0,20.0,AUTO_APPROVE,False
APP000464,APP003434,63.53,FUZZY,77.78,32.14,75.0,AUTO_APPROVE,False
APP000465,APP000697,62.38,FUZZY,100.0,41.27,0.0,AUTO_APPROVE,False
APP000466,APP009840,77.86,FUZZY,100.0,92.86,0.0,AUTO_APPROVE,False
APP000467,APP000765,72.81,FUZZY,83.33,90.48,20.0,AUTO_APPROVE,False
APP000468,APP009159,69.64,FUZZY,100.0,65.45,0.0,AUTO_APPROVE,False
APP000469,APP003655,70.33,FUZZY,66.67,73.33,75.0,AUTO_APPROVE,False
APP000470,APP005938,68.27,FUZZY,61.54,58.33,100.0,AUTO_APPROVE,False
APP000471,APP002886,57.99,FUZZY,56.41,49.28,75.0,AUTO_APPROVE,False
APP000472,APP008349,97.0,EXACT_PHONE,96.3,100.0,75.0,AUTO_REJECT,True
APP000473,APP007362,66.93,FUZZY,68.18,59.46,75.0,AUTO_APPROVE,False
APP000474,APP002359,57.72,FUZZY,59.26,43.64,75.0,AUTO_APPROVE,False
APP000475,APP009044,69.74,FUZZY,82.05,45.71,75.0,AUTO_APPROVE,False
APP000476,APP000241,68.0,FUZZY,100.0,60.0,0.0,AUTO_APPROVE,False
APP000477,APP001116,100.0,EXACT_PAN,94.44,100.0,100.0,AUTO_REJECT,True
APP000478,APP008608,95.0,FUZZY,100.0,100.0,75.0,AUTO_REJECT,True
APP000479,APP006482,71.24,FUZZY,81.25,52.05,75.0,AUTO_APPROVE,False
APP000480,APP005622,63.94,FUZZY,62.07,59.7,75.0,AUTO_APPROVE,False
APP000481,APP004794,59.34,FUZZY,75.0,59.46,20.0,AUTO_APPROVE,False
APP000482,APP004942,93.84,FUZZY,97.67,100.0,75.0,AUTO_REJECT,True
APP000483,APP006539,68.64,FUZZY,78.79,47.5,75.0,AUTO_APPROVE,False
APP000484,APP006716,100.0,EXACT_PAN,100.0,100.0,75.0,AUTO_REJECT,True
APP000485,APP006975,52.57,FUZZY,80.0,28.57,20.0,AUTO_APPROVE,False
APP000486,APP000869,100.0,EXACT_PAN,100.0,100.0,75.0,AUTO_REJECT,True
APP000487,APP002974,72.11,FUZZY,100.0,73.68,0.0,AUTO_APPROVE,False
APP000488,APP006936,64.46,FUZZY,70.59,47.22,75.0,AUTO_APPROVE,False
APP000489,APP008419,63.09,FUZZY,100.0,43.64,0.0,AUTO_APPROVE,False
APP000490,APP004033,65.65,FUZZY,100.0,52.17,0.0,AUTO_APPROVE,False
APP000491,APP001506,69.71,FUZZY,80.0,85.71,20.0,AUTO_APPROVE,False
APP000492,APP000901,62.43,FUZZY,62.86,90.0,20.0,AUTO_APPROVE,False
APP000493,APP008266,60.54,FUZZY,100.0,35.14,0.0,AUTO_APPROVE,False
APP000494,APP001836,63.89,FUZZY,66.67,51.85,75.0,AUTO_APPROVE,False
APP000495,APP009743,78.97,FUZZY,100.0,46.58,75.0,AUTO_APPROVE,True
APP000496,APP005219,63.77,FUZZY,82.35,61.97,20.0,AUTO_APPROVE,False
APP000497,APP000504,59.09,FUZZY,73.17,25.0,75.0,AUTO_APPROVE,False
APP000498,APP003684,70.57,FUZZY,78.26,54.79,75.0,AUTO_APPROVE,False
APP000499,APP001390,66.71,FUZZY,100.0,55.7,0.0,AUTO_APPROVE,False
APP000500,APP001210,53.47,FUZZY,80.0,31.58,20.0,AUTO_APPROVE,False
APP000501,APP009688,100.0,EXACT_PAN,97.44,100.0,100.0,AUTO_REJECT,True
APP000502,APP003141,59.41,FUZZY,58.82,100.0,0.0,AUTO_APPROVE,False
APP000503,APP000330,60.06,FUZZY,76.92,58.67,20.0,AUTO_APPROVE,False
APP000504,APP003493,62.83,FUZZY,78.79,28.12,75.0,AUTO_APPROVE,False
APP000505,APP001280,63.75,FUZZY,100.0,45.83,0.0,AUTO_APPROVE,False
APP000506,APP001874,63.93,FUZZY,100.0,46.43,0.0,AUTO_APPROVE,False
APP000507,APP002935,62.41,FUZZY,58.82,60.0,75.0,AUTO_APPROVE,False
APP000508,APP004739,100.0,EXACT_PAN,90.91,100.0,75.0,AUTO_REJECT,True
APP000509,APP007944,61.39,FUZZY,80.0,57.97,20.0,AUTO_APPROVE,False
APP000510,APP004775,59.82,FUZZY,29.41,83.72,100.0,AUTO_APPROVE,False
APP000511,APP002164,62.25,FUZZY,38.71,76.32,100.0,AUTO_APPROVE,False
APP000512,APP007278,67.73,FUZZY,60.0,75.76,75.0,AUTO_APPROVE,False
APP000513,APP001699,56.27,FUZZY,81.25,38.81,20.0,AUTO_APPROVE,False
APP000514,APP007109,80.0,FUZZY,100.0,100.0,0.0,FLAG_FOR_REVIEW,False
APP000515,APP004616,97.0,EXACT_PHONE,97.44,100.0,75.0,AUTO_REJECT,True
APP000516,APP002368,97.0,EXACT_PHONE,96.77,100.0,100.0,AUTO_REJECT,True
APP000517,APP002172,61.46,FUZZY,64.86,46.75,75.0,AUTO_APPROVE,False
APP000518,APP004619,100.0,EXACT_PAN,94.74,100.0,75.0,AUTO_REJECT,True
APP000519,APP006065,65.81,FUZZY,68.57,55.07,75.0,AUTO_APPROVE,False
APP000520,APP007840,63.52,FUZZY,61.54,59.15,75.0,AUTO_APPROVE,False
APP000521,APP004404,100.0,EXACT_PAN,93.33,100.0,100.0,AUTO_REJECT,True
APP000522,APP002985,66.52,FUZZY,100.0,55.07,0.0,AUTO_APPROVE,False
APP000523,APP006555,66.27,FUZZY,100.0,54.24,0.0,AUTO_APPROVE,False
APP000524,APP002999,63.33,FUZZY,66.67,100.0,0.0,AUTO_APPROVE,False
APP000525,APP009355,100.0,EXACT_PAN,96.77,100.0,75.0,AUTO_REJECT,True
APP000526,APP001726,66.71,FUZZY,63.41,50.0,100.0,AUTO_APPROVE,False
APP000527,APP009022,61.58,FUZZY,100.0,38.6,0.0,AUTO_APPROVE,False
APP000528,APP005104,97.5,FUZZY,95.0,100.0,100.0,AUTO_REJECT,True
APP000529,APP003587,72.29,FUZZY,78.57,50.0,90.0,AUTO_APPROVE,False
APP000530,APP009687,60.5,FUZZY,68.42,74.29,20.0,AUTO_APPROVE,False
APP000531,APP009754,51.67,FUZZY,36.84,44.16,100.0,AUTO_APPROVE,False
APP000532,,0.0,NO_MATCH,0.0,0.0,0.0,AUTO_APPROVE,False
APP000533,APP002574,63.33,FUZZY,66.67,100.0,0.0,AUTO_APPROVE,False
APP000534,APP002959,69.94,FUZZY,100.0,53.12,20.0,AUTO_APPROVE,False
APP000535,APP003080,57.72,FUZZY,64.86,70.97,20.0,AUTO_APPROVE,False
APP000536,APP009556,72.39,FUZZY,82.35,54.05,75.0,AUTO_APPROVE,False
APP000537,APP000236,52.24,FUZZY,51.61,38.1,75.0,AUTO_APPROVE,False
APP000538,APP007296,58.15,FUZZY,70.59,62.86,20.0,AUTO_APPROVE,False
APP000539,APP006678,63.83,FUZZY,82.35,62.16,20.0,AUTO_APPROVE,False
APP000540,APP007963,60.4,FUZZY,68.42,73.97,20.0,AUTO_APPROVE,False
APP000541,APP006440,65.79,FUZZY,100.0,39.29,20.0,AUTO_APPROVE,False
APP000542,APP008348,97.06,FUZZY,94.12,100.0,100.0,AUTO_REJECT,True
APP000543,APP003496,58.79,FUZZY,83.87,42.86,20.0,AUTO_APPROVE,False
APP000544,APP000534,67.29,FUZZY,100.0,57.63,0.0,AUTO_APPROVE,False
APP000545,APP007698,63.68,FUZZY,100.0,45.61,0.0,AUTO_APPROVE,False
APP000546,APP006931,66.06,FUZZY,100.0,53.52,0.0,AUTO_APPROVE,False
APP000547,APP006083,59.82,FUZZY,60.61,48.39,75.0,AUTO_APPROVE,False
APP000548,APP000245,58.89,FUZZY,100.0,29.63,0.0,AUTO_APPROVE,False
APP000549,,0.0,NO_MATCH,0.0,0.0,0.0,AUTO_APPROVE,False
APP000550,APP004147,98.57,FUZZY,97.14,100.0,100.0,AUTO_REJECT,True
APP000551,APP004897,51.25,FUZZY,58.33,60.27,20.0,AUTO_APPROVE,False
APP000552,APP002178,67.14,FUZZY,100.0,57.14,0.0,AUTO_APPROVE,False
APP000553,APP002863,63.58,FUZZY,72.0,41.94,75.0,AUTO_APPROVE,False
APP000554,APP000410,67.03,FUZZY,54.05,66.67,100.0,AUTO_APPROVE,False
APP000555,APP003070,66.05,FUZZY,82.35,69.57,20.0,AUTO_APPROVE,False
APP000556,APP003274,97.0,EXACT_PHONE,100.0,100.0,100.0,AUTO_REJECT,True
APP000557,APP005585,61.4,FUZZY,84.62,63.64,0.0,AUTO_APPROVE,False
APP000558,APP002534,95.62,FUZZY,91.25,100.0,100.0,AUTO_REJECT,True
APP000559,APP001536,69.09,FUZZY,100.0,63.64,0.0,AUTO_APPROVE,False
APP000560,APP005547,97.0,EXACT_PHONE,100.0,100.0,100.0,AUTO_REJECT,True
APP000561,APP008611,61.03,FUZZY,62.07,100.0,0.0,AUTO_APPROVE,False
APP000562,APP001178,100.0,EXACT_PAN,97.14,100.0,100.0,AUTO_REJECT,True
APP000563,APP006510,64.46,FUZZY,60.0,64.86,75.0,AUTO_APPROVE,False
APP000564,APP005403,100.0,FUZZY,100.0,100.0,100.0,AUTO_REJECT,True
APP000565,APP000842,50.08,FUZZY,58.82,55.56,20.0,AUTO_APPROVE,False
APP000566,APP008613,66.67,FUZZY,100.0,55.56,0.0,AUTO_APPROVE,False
APP000567,APP008795,63.6,FUZZY,76.92,33.8,75.0,AUTO_APPROVE,False
APP000568,APP000334,61.62,FUZZY,41.03,70.37,100.0,AUTO_APPROVE,False
APP000569,APP002856,72.69,FUZZY,80.0,58.97,75.0,AUTO_APPROVE,False
APP000570,APP000541,65.0,FUZZY,100.0,50.0,0.0,AUTO_APPROVE,False
APP000571,APP003688,98.39,FUZZY,96.77,100.0,100.0,AUTO_REJECT,True
APP000572,APP008995,90.83,FUZZY,91.67,100.0,75.0,FLAG_FOR_REVIEW,True
APP000573,APP000744,79.86,FUZZY,80.0,82.86,75.0,AUTO_APPROVE,False
APP000574,APP000991,63.26,FUZZY,82.35,60.27,20.0,AUTO_APPROVE,False
APP000575,APP003106,62.77,FUZZY,70.27,92.11,0.0,AUTO_APPROVE,False
APP000576,APP006478,61.73,FUZZY,78.79,61.11,20.0,AUTO_APPROVE,False
APP000577,APP008938,54.38,FUZZY,61.11,29.41,75.0,AUTO_APPROVE,False
APP000578,APP008231,64.06,FUZZY,100.0,46.88,0.0,AUTO_APPROVE,False
APP000579,APP004516,57.11,FUZZY,52.63,52.63,75.0,AUTO_APPROVE,False
APP000580,APP003515,54.05,FUZZY,58.82,32.14,75.0,AUTO_APPROVE,False
APP000581,APP003145,97.0,EXACT_PHONE,94.74,100.0,75.0,AUTO_REJECT,True
APP000582,APP005209,70.4,FUZZY,100.0,68.0,0.0,AUTO_APPROVE,False
APP000583,APP002457,80.29,FUZZY,100.0,34.29,100.0,FLAG_FOR_REVIEW,True
APP000584,APP001416,97.06,FUZZY,94.12,100.0,100.0,AUTO_REJECT,True
APP000585,APP009297,60.43,FUZZY,100.0,34.78,0.0,AUTO_APPROVE,False
APP000586,APP003385,60.99,FUZZY,100.0,36.62,0.0,AUTO_APPROVE,False
APP000587,APP002716,59.97,FUZZY,82.35,49.32,20.0,AUTO_APPROVE,False
APP000588,APP000211,62.07,FUZZY,83.33,68.0,0.0,AUTO_APPROVE,False
APP000589,APP002565,76.02,FUZZY,83.33,64.52,75.0,AUTO_APPROVE,False
APP000590,APP002142,62.85,FUZZY,55.17,67.53,75.0,AUTO_APPROVE,False
APP000591,APP005175,62.71,FUZZY,100.0,29.03,20.0,AUTO_APPROVE,False
APP000592,APP009003,95.37,FUZZY,94.74,100.0,90.0,AUTO_REJECT,True
APP000593,APP001730,98.72,FUZZY,97.44,100.0,100.0,AUTO_REJECT,True
APP000594,APP002309,66.25,FUZZY,62.5,66.67,75.0,AUTO_APPROVE,False
APP000595,APP007334,62.92,FUZZY,100.0,43.08,0.0,AUTO_APPROVE,False
APP000596,APP007743,63.11,FUZZY,72.22,40.0,75.0,AUTO_APPROVE,False
APP000597,APP003531,64.57,FUZZY,100.0,48.57,0.0,AUTO_APPROVE,False
APP000598,APP009978,93.57,FUZZY,97.14,100.0,75.0,AUTO_REJECT,True
APP000599,APP009821,67.84,FUZZY,100.0,59.46,0.0,AUTO_APPROVE,False
APP000600,APP008407,63.06,FUZZY,58.82,62.16,75.0,AUTO_APPROVE,False
APP000601,APP001769,100.0,FUZZY,100.0,100.0,100.0,AUTO_REJECT,True
APP000602,APP008863,97.0,EXACT_PHONE,100.0,100.0,75.0,AUTO_REJECT,True
APP000603,APP003035,95.0,FUZZY,100.0,100.0,75.0,AUTO_REJECT,True
APP000604,APP006775,74.02,FUZZY,80.0,63.41,75.0,AUTO_APPROVE,False
APP000605,APP001636,59.79,FUZZY,50.0,49.32,100.0,AUTO_APPROVE,False
APP000606,APP000928,67.75,FUZZY,83.87,72.73,20.0,AUTO_APPROVE,False
APP000607,APP004950,100.0,EXACT_PAN,94.12,100.0,90.0,AUTO_REJECT,True
APP000608,APP006699,63.91,FUZZY,42.11,76.19,100.0,AUTO_APPROVE,False
APP000609,APP007670,68.9,FUZZY,100.0,63.01,0.0,AUTO_APPROVE,False
APP000610,APP005210,64.12,FUZZY,100.0,47.06,0.0,AUTO_APPROVE,False
APP000611,APP003128,68.88,FUZZY,76.19,52.63,75.0,AUTO_APPROVE,False
APP000612,APP000307,69.3,FUZZY,82.35,43.75,75.0,AUTO_APPROVE,False
APP000613,APP008110,65.29,FUZZY,70.59,100.0,0.0,AUTO_APPROVE,False
APP000614,APP008434,71.05,FUZZY,100.0,70.18,0.0,AUTO_APPROVE,False
APP000615,APP005463,66.67,FUZZY,82.76,70.97,20.0,AUTO_APPROVE,False
APP000616,APP007031,100.0,EXACT_PAN,96.97,100.0,75.0,AUTO_REJECT,True
APP000617,APP004971,67.27,FUZZY,100.0,57.58,0.0,AUTO_APPROVE,False
APP000618,APP008924,95.0,FUZZY,100.0,100.0,75.0,AUTO_REJECT,True
APP000619,,0.0,NO_MATCH,0.0,0.0,0.0,AUTO_APPROVE,False
APP000620,APP002645,60.0,FUZZY,55.0,58.33,75.0,AUTO_APPROVE,False
APP000621,APP008244,62.7,FUZZY,40.0,75.68,100.0,AUTO_APPROVE,False
APP000622,APP007220,73.46,FUZZY,76.92,66.67,75.0,AUTO_APPROVE,False
APP000623,APP004877,71.5,FUZZY,75.0,100.0,20.0,AUTO_APPROVE,False
APP000624,APP004666,100.0,EXACT_PAN,94.44,100.0,100.0,AUTO_REJECT,True
APP000625,APP007050,92.22,FUZZY,94.44,100.0,75.0,AUTO_REJECT,True
APP000626,APP003456,54.83,FUZZY,76.92,54.55,0.0,AUTO_APPROVE,False
APP000627,APP009313,100.0,FUZZY,100.0,100.0,100.0,AUTO_REJECT,True
APP000628,APP001618,61.83,FUZZY,100.0,39.44,0.0,AUTO_APPROVE,False
APP000629,APP002667,54.52,FUZZY,57.14,73.17,20.0,AUTO_APPROVE,False
APP000630,APP005218,64.42,FUZZY,63.16,59.46,75.0,AUTO_APPROVE,False
APP000631,APP009109,52.86,FUZZY,43.75,36.62,100.0,AUTO_APPROVE,False
APP000632,APP008015,67.59,FUZZY,100.0,58.62,0.0,AUTO_APPROVE,False
APP000633,APP008549,57.12,FUZZY,80.0,43.75,20.0,AUTO_APPROVE,False
APP000634,APP006800,64.67,FUZZY,100.0,48.89,0.0,AUTO_APPROVE,False
APP000635,APP005676,59.96,FUZZY,75.0,61.54,20.0,AUTO_APPROVE,False
APP000636,APP000336,69.41,FUZZY,76.92,53.16,75.0,AUTO_APPROVE,False
APP000637,APP009047,93.48,FUZZY,96.97,100.0,75.0,AUTO_REJECT,True
APP000638,APP003801,60.67,FUZZY,100.0,35.56,0.0,AUTO_APPROVE,False
APP000639,APP007541,76.11,FUZZY,66.67,92.59,75.0,AUTO_APPROVE,False
APP000640,APP001443,63.24,FUZZY,70.0,44.12,75.0,AUTO_APPROVE,False
APP000641,APP004370,56.88,FUZZY,64.71,68.42,20.0,AUTO_APPROVE,False
APP000642,APP007805,60.87,FUZZY,64.71,45.07,75.0,AUTO_APPROVE,False
APP000643,APP007542,67.84,FUZZY,100.0,59.46,0.0,AUTO_APPROVE,False
APP000644,APP003760,58.92,FUZZY,82.76,58.46,0.0,AUTO_APPROVE,False
APP000645,APP008693,69.03,FUZZY,81.48,80.95,20.0,AUTO_APPROVE,False
APP000646,APP001163,62.05,FUZZY,66.67,45.71,75.0,AUTO_APPROVE,False
APP000647,APP009394,67.79,FUZZY,76.92,84.44,20.0,AUTO_APPROVE,False
APP000648,APP003722,66.43,FUZZY,60.87,70.0,75.0,AUTO_APPROVE,False
APP000649,APP004139,58.43,FUZZY,60.61,43.75,75.0,AUTO_APPROVE,False
APP000650,APP002400,63.09,FUZZY,81.25,61.54,20.0,AUTO_APPROVE,False
APP000651,APP000029,66.9,FUZZY,100.0,56.34,0.0,AUTO_APPROVE,False
APP000652,APP000296,54.01,FUZZY,61.11,28.17,75.0,AUTO_APPROVE,False
APP000653,APP001224,54.24,FUZZY,85.71,37.93,0.0,AUTO_APPROVE,False
APP000654,APP009938,100.0,EXACT_PAN,92.31,100.0,100.0,AUTO_REJECT,True
APP000655,APP006413,69.78,FUZZY,80.0,49.28,75.0,AUTO_APPROVE,False
APP000656,APP006373,64.75,FUZZY,100.0,49.18,0.0,AUTO_APPROVE,False
APP000657,APP002685,62.0,FUZZY,100.0,40.0,0.0,AUTO_APPROVE,False
APP000658,APP009234,67.92,FUZZY,100.0,59.74,0.0,AUTO_APPROVE,False
APP000659,APP001872,65.43,FUZZY,100.0,51.43,0.0,AUTO_APPROVE,False
APP000660,APP009406,73.91,FUZZY,78.79,48.39,100.0,AUTO_APPROVE,False
APP000661,APP004805,59.51,FUZZY,64.52,77.5,20.0,AUTO_APPROVE,False
APP000662,APP008328,100.0,EXACT_PAN,100.0,100.0,100.0,AUTO_REJECT,True
APP000663,APP005200,53.8,FUZZY,68.29,52.17,20.0,AUTO_APPROVE,False
APP000664,APP001690,66.79,FUZZY,66.67,61.54,75.0,AUTO_APPROVE,False
APP000665,APP002662,63.52,FUZZY,100.0,45.07,0.0,AUTO_APPROVE,False
APP000666,APP001752,64.05,FUZZY,72.73,78.95,20.0,AUTO_APPROVE,False
APP000667,APP006719,100.0,EXACT_PAN,95.24,100.0,100.0,AUTO_REJECT,True
APP000668,APP001377,65.71,FUZZY,71.43,100.0,0.0,AUTO_APPROVE,False
APP000669,APP005177,60.31,FUZZY,100.0,34.38,0.0,AUTO_APPROVE,False
APP000670,APP005549,60.68,FUZZY,100.0,35.62,0.0,AUTO_APPROVE,False
APP000671,APP003523,65.79,FUZZY,100.0,52.63,0.0,AUTO_APPROVE,False
APP000672,APP002580,98.48,FUZZY,96.97,100.0,100.0,AUTO_REJECT,True
APP000673,APP001734,73.72,FUZZY,70.0,79.07,75.0,AUTO_APPROVE,False
APP000674,APP002242,60.29,FUZZY,70.59,33.33,75.0,AUTO_APPROVE,False
APP000675,APP002813,67.62,FUZZY,51.61,72.73,100.0,AUTO_APPROVE,False
APP000676,APP002917,67.33,FUZZY,100.0,44.44,20.0,AUTO_APPROVE,False
APP000677,APP001238,69.39,FUZZY,78.33,50.75,75.0,AUTO_APPROVE,False
APP000678,APP002064,67.28,FUZZY,66.67,63.16,75.0,AUTO_APPROVE,False
APP000679,APP001954,73.27,FUZZY,100.0,77.55,0.0,AUTO_APPROVE,False
APP000680,APP004135,62.09,FUZZY,83.87,53.85,20.0,AUTO_APPROVE,False
APP000681,APP002774,63.36,FUZZY,78.05,67.8,20.0,AUTO_APPROVE,False
APP000682,APP001489,65.62,FUZZY,100.0,52.05,0.0,AUTO_APPROVE,False
APP000683,,0.0,NO_MATCH,0.0,0.0,0.0,AUTO_APPROVE,False
APP000684,APP007755,60.22,FUZZY,80.0,54.05,20.0,AUTO_APPROVE,False
APP000685,APP005723,71.01,FUZZY,81.25,51.28,75.0,AUTO_APPROVE,False
APP000686,APP005856,51.57,FUZZY,66.67,47.46,20.0,AUTO_APPROVE,False
APP000687,APP007864,63.33,FUZZY,66.67,100.0,0.0,AUTO_APPROVE,False
APP000688,APP001665,59.33,FUZZY,43.24,59.02,100.0,AUTO_APPROVE,False
APP000689,APP001013,59.38,FUZZY,100.0,31.25,0.0,AUTO_APPROVE,False
APP000690,APP008316,58.33,FUZZY,37.84,64.71,100.0,AUTO_APPROVE,False
APP000691,APP008925,100.0,EXACT_PAN,100.0,100.0,100.0,AUTO_REJECT,True
APP000692,APP003004,68.77,FUZZY,81.25,80.49,20.0,AUTO_APPROVE,False
APP000693,APP009841,60.83,FUZZY,100.0,36.11,0.0,AUTO_APPROVE,False
APP000694,APP006237,67.29,FUZZY,82.76,36.36,75.0,AUTO_APPROVE,False
APP000695,APP001396,59.06,FUZZY,62.86,42.11,75.0,AUTO_APPROVE,False
APP000696,APP008928,98.0,FUZZY,100.0,100.0,90.0,AUTO_REJECT,True
APP000697,APP000465,62.38,FUZZY,100.0,41.27,0.0,AUTO_APPROVE,False
APP000698,APP001371,65.32,FUZZY,100.0,51.06,0.0,AUTO_APPROVE,False
APP000699,APP003869,60.34,FUZZY,100.0,34.48,0.0,AUTO_APPROVE,False
APP000700,APP000685,57.71,FUZZY,68.42,65.0,20.0,AUTO_APPROVE,False
APP000701,APP007427,97.0,EXACT_PHONE,92.86,100.0,100.0,AUTO_REJECT,True
APP000702,APP005373,53.04,FUZZY,68.57,49.18,20.0,AUTO_APPROVE,False
APP000703,APP002588,64.17,FUZZY,100.0,47.22,0.0,AUTO_APPROVE,False
APP000704,APP005924,57.45,FUZZY,46.67,47.06,100.0,AUTO_APPROVE,False
APP000705,APP007379,65.0,FUZZY,100.0,50.0,0.0,AUTO_APPROVE,False
APP000706,APP006074,66.57,FUZZY,87.5,76.06,0.0,AUTO_APPROVE,False
APP000707,APP008604,64.12,FUZZY,64.71,55.88,75.0,AUTO_APPROVE,False
APP000708,APP008032,61.3,FUZZY,100.0,37.68,0.0,AUTO_APPROVE,False
APP000709,APP002161,59.39,FUZZY,72.73,63.41,20.0,AUTO_APPROVE,False
APP000710,APP008518,69.29,FUZZY,100.0,64.29,0.0,AUTO_APPROVE,False
APP000711,APP001162,70.19,FUZZY,82.05,47.22,75.0,AUTO_APPROVE,False
APP000712,APP009192,61.38,FUZZY,100.0,37.93,0.0,AUTO_APPROVE,False
APP000713,APP005200,64.27,FUZZY,69.57,48.28,75.0,AUTO_APPROVE,False
APP000714,APP003306,59.47,FUZZY,69.23,32.84,75.0,AUTO_APPROVE,False
APP000715,APP003011,66.77,FUZZY,78.79,77.92,20.0,AUTO_APPROVE,False
APP000716,APP004196,97.0,EXACT_PHONE,97.14,100.0,75.0,AUTO_REJECT,True
APP000717,APP007970,69.62,FUZZY,66.67,70.97,75.0,AUTO_APPROVE,False
APP000718,APP007848,69.09,FUZZY,100.0,63.64,0.0,AUTO_APPROVE,False
APP000719,APP005767,95.0,FUZZY,100.0,100.0,75.0,AUTO_REJECT,True
APP000720,APP000185,63.33,FUZZY,100.0,44.44,0.0,AUTO_APPROVE,False
APP000721,APP007796,57.92,FUZZY,100.0,26.42,0.0,AUTO_APPROVE,False
APP000722,APP000153,100.0,EXACT_PAN,96.3,100.0,100.0,AUTO_REJECT,True
APP000723,APP006146,60.0,FUZZY,100.0,33.33,0.0,AUTO_APPROVE,False
APP000724,APP006695,66.15,FUZZY,100.0,53.85,0.0,AUTO_APPROVE,False
APP000725,APP005474,65.0,FUZZY,100.0,50.0,0.0,AUTO_APPROVE,False
APP000726,APP009370,67.5,FUZZY,100.0,58.33,0.0,AUTO_APPROVE,False
APP000727,APP009250,67.75,FUZZY,100.0,59.15,0.0,AUTO_APPROVE,False
APP000728,APP006018,50.33,FUZZY,76.92,26.23,20.0,AUTO_APPROVE,False
APP000729,APP007745,63.11,FUZZY,100.0,30.38,20.0,AUTO_APPROVE,False
APP000730,APP004017,64.48,FUZZY,68.97,86.67,20.0,AUTO_APPROVE,False
APP000731,APP000232,58.02,FUZZY,78.57,49.12,20.0,AUTO_APPROVE,False
APP000732,APP001478,69.73,FUZZY,100.0,65.75,0.0,AUTO_APPROVE,False
APP000733,APP005172,63.95,FUZZY,66.67,52.05,75.0,AUTO_APPROVE,False
APP000734,APP008352,73.75,FUZZY,62.5,91.67,75.0,AUTO_APPROVE,False
APP000735,APP004965,59.65,FUZZY,80.0,52.17,20.0,AUTO_APPROVE,False
APP000736,APP006451,60.31,FUZZY,100.0,34.38,0.0,AUTO_APPROVE,False
APP000737,APP008971,100.0,EXACT_PAN,100.0,100.0,90.0,AUTO_REJECT,True
APP000738,APP000069,57.75,FUZZY,58.82,44.44,75.0,AUTO_APPROVE,False
APP000739,APP003295,60.43,FUZZY,62.5,47.27,75.0,AUTO_APPROVE,False
APP000740,APP007976,69.0,FUZZY,100.0,50.0,20.0,AUTO_APPROVE,False
APP000741,APP001326,63.0,FUZZY,100.0,43.33,0.0,AUTO_APPROVE,False
APP000742,APP003914,64.75,FUZZY,100.0,49.18,0.0,AUTO_APPROVE,False
APP000743,APP004359,93.65,FUZZY,97.3,100.0,75.0,AUTO_REJECT,True
APP000744,APP000573,79.86,FUZZY,80.0,82.86,75.0,AUTO_APPROVE,False
APP000745,APP008236,61.94,FUZZY,84.21,52.78,20.0,AUTO_APPROVE,False
APP000746,APP009008,62.54,FUZZY,100.0,41.79,0.0,AUTO_APPROVE,False
APP000747,APP003875,95.0,FUZZY,100.0,100.0,75.0,AUTO_REJECT,True
APP000748,APP005941,62.87,FUZZY,62.5,55.38,75.0,AUTO_APPROVE,False
APP000749,APP008156,62.11,FUZZY,50.0,73.68,75.0,AUTO_APPROVE,False
APP000750,APP007879,97.0,EXACT_PHONE,96.55,100.0,75.0,AUTO_REJECT,True
APP000751,APP005035,60.93,FUZZY,51.85,50.0,100.0,AUTO_APPROVE,False
APP000752,APP002275,63.42,FUZZY,100.0,44.74,0.0,AUTO_APPROVE,False
APP000753,APP004210,68.14,FUZZY,100.0,60.47,0.0,AUTO_APPROVE,False
APP000754,APP004796,62.22,FUZZY,100.0,40.74,0.0,AUTO_APPROVE,False
APP000755,APP003743,68.78,FUZZY,81.08,44.12,75.0,AUTO_APPROVE,False
APP000756,APP009018,70.78,FUZZY,73.33,47.06,100.0,AUTO_APPROVE,False
APP000757,APP005272,93.39,FUZZY,96.77,100.0,75.0,AUTO_REJECT,True
APP000758,APP007973,100.0,EXACT_PAN,96.55,100.0,100.0,AUTO_REJECT,True
APP000759,APP001309,64.57,FUZZY,100.0,48.57,0.0,AUTO_APPROVE,False
APP000760,APP006823,60.0,FUZZY,100.0,33.33,0.0,AUTO_APPROVE,False
APP000761,APP001509,65.29,FUZZY,70.59,100.0,0.0,AUTO_APPROVE,False
APP000762,APP009266,59.64,FUZZY,100.0,32.14,0.0,AUTO_APPROVE,False
APP000763,APP006353,59.64,FUZZY,100.0,32.14,0.0,AUTO_APPROVE,False
APP000764,APP005299,66.86,FUZZY,85.71,66.67,20.0,AUTO_APPROVE,False
APP000765,APP004048,77.27,FUZZY,100.0,90.91,0.0,AUTO_APPROVE,False
APP000766,APP000851,62.65,FUZZY,81.48,59.7,20.0,AUTO_APPROVE,False
APP000767,APP009915,100.0,FUZZY,100.0,100.0,100.0,AUTO_REJECT,True
APP000768,APP003426,61.75,FUZZY,78.57,61.54,20.0,AUTO_APPROVE,False
APP000769,APP007558,78.7,FUZZY,80.0,79.01,75.0,AUTO_APPROVE,False
APP000770,APP003345,100.0,EXACT_PAN,90.0,100.0,75.0,AUTO_REJECT,True
APP000771,APP007507,62.92,FUZZY,100.0,43.08,0.0,AUTO_APPROVE,False
APP000772,APP006898,53.58,FUZZY,64.86,57.14,20.0,AUTO_APPROVE,False
APP000773,APP003076,64.33,FUZZY,66.67,53.33,75.0,AUTO_APPROVE,False
APP000774,APP007028,51.04,FUZZY,52.94,31.88,75.0,AUTO_APPROVE,False
APP000775,APP005106,63.85,FUZZY,100.0,46.15,0.0,AUTO_APPROVE,False
APP000776,APP000512,66.44,FUZZY,100.0,54.79,0.0,AUTO_APPROVE,False
APP000777,APP009533,55.0,FUZZY,40.0,50.0,100.0,AUTO_APPROVE,False
APP000778,APP004860,59.48,FUZZY,57.14,36.36,100.0,AUTO_APPROVE,False
APP000779,APP007955,51.19,FUZZY,55.56,64.71,20.0,AUTO_APPROVE,False
APP000780,APP009193,97.0,EXACT_PHONE,94.44,100.0,75.0,AUTO_REJECT,True
APP000781,APP007697,60.55,FUZZY,82.76,63.89,0.0,AUTO_APPROVE,False
APP000782,APP001066,51.02,FUZZY,53.33,67.86,20.0,AUTO_APPROVE,False
APP000783,,0.0,NO_MATCH,0.0,0.0,0.0,AUTO_APPROVE,False
APP000784,APP001055,67.59,FUZZY,58.82,77.27,75.0,AUTO_APPROVE,False
APP000785,APP003511,64.95,FUZZY,66.67,55.38,75.0,AUTO_APPROVE,False
APP000786,APP003702,65.75,FUZZY,63.16,63.89,75.0,AUTO_APPROVE,False
APP000787,APP005339,62.18,FUZZY,73.33,71.7,20.0,AUTO_APPROVE,False
APP000788,APP009103,54.47,FUZZY,78.57,37.29,20.0,AUTO_APPROVE,False
APP000789,APP004530,96.88,FUZZY,93.75,100.0,100.0,AUTO_REJECT,True
APP000790,APP008525,60.34,FUZZY,100.0,34.48,0.0,AUTO_APPROVE,False
APP000791,APP001276,100.0,FUZZY,100.0,100.0,100.0,AUTO_REJECT,True
APP000792,APP002982,68.27,FUZZY,76.92,49.35,75.0,AUTO_APPROVE,False
APP000793,APP008424,67.28,FUZZY,94.12,54.05,20.0,AUTO_APPROVE,False
APP000794,APP002982,65.73,FUZZY,62.5,64.94,75.0,AUTO_APPROVE,False
APP000795,APP008720,68.37,FUZZY,61.11,59.38,100.0,AUTO_APPROVE,False
APP000796,APP009949,64.03,FUZZY,100.0,46.75,0.0,AUTO_APPROVE,False
APP000797,APP002274,65.45,FUZZY,100.0,51.52,0.0,AUTO_APPROVE,False
APP000798,APP008958,57.63,FUZZY,57.89,45.61,75.0,AUTO_APPROVE,False
APP000799,APP000902,64.0,FUZZY,72.0,80.0,20.0,AUTO_APPROVE,False
APP000800,APP005395,63.58,FUZZY,63.16,40.0,100.0,AUTO_APPROVE,False
APP000801,APP008284,68.37,FUZZY,100.0,61.22,0.0,AUTO_APPROVE,False
APP000802,APP000773,56.14,FUZZY,66.67,62.69,20.0,AUTO_APPROVE,False
APP000803,APP007804,65.49,FUZZY,62.5,47.46,100.0,AUTO_APPROVE,False
APP000804,APP004301,69.74,FUZZY,100.0,65.79,0.0,AUTO_APPROVE,False
APP000805,APP005154,100.0,FUZZY,100.0,100.0,100.0,AUTO_REJECT,True
APP000806,APP006317,65.51,FUZZY,57.89,71.88,75.0,AUTO_APPROVE,False
APP000807,APP004025,52.77,FUZZY,84.85,34.48,0.0,AUTO_APPROVE,False
APP000808,APP009616,60.02,FUZZY,59.46,50.98,75.0,AUTO_APPROVE,False
APP000809,APP004412,67.69,FUZZY,64.86,50.85,100.0,AUTO_APPROVE,False
APP000810,APP007347,59.5,FUZZY,65.0,40.0,75.0,AUTO_APPROVE,False
APP000811,APP000109,68.46,FUZZY,76.92,100.0,0.0,AUTO_APPROVE,False
APP000812,APP005643,97.22,FUZZY,94.44,100.0,100.0,AUTO_REJECT,True
APP000813,APP008203,54.05,FUZZY,45.16,38.24,100.0,AUTO_APPROVE,False
APP000814,APP002378,97.37,FUZZY,94.74,100.0,100.0,AUTO_REJECT,True
APP000815,APP004896,60.65,FUZZY,90.91,37.33,20.0,AUTO_APPROVE,False
APP000816,APP007560,59.24,FUZZY,64.52,76.6,20.0,AUTO_APPROVE,False
APP000817,APP003623,52.68,FUZZY,75.86,35.82,20.0,AUTO_APPROVE,False
APP000818,APP006719,65.22,FUZZY,100.0,50.75,0.0,AUTO_APPROVE,False
APP000819,APP008023,61.82,FUZZY,100.0,39.39,0.0,AUTO_APPROVE,False
APP000820,APP002001,60.68,FUZZY,52.94,47.37,100.0,AUTO_APPROVE,False
APP000821,APP006417,100.0,EXACT_PAN,97.56,100.0,100.0,AUTO_REJECT,True
APP000822,APP002272,68.63,FUZZY,82.35,41.51,75.0,AUTO_APPROVE,False
APP000823,APP006692,70.02,FUZZY,84.85,92.0,0.0,AUTO_APPROVE,False
APP000824,APP007317,63.52,FUZZY,68.42,31.03,100.0,AUTO_APPROVE,False
APP000825,APP003148,60.68,FUZZY,100.0,35.62,0.0,AUTO_APPROVE,False
APP000826,APP003835,56.16,FUZZY,59.46,38.1,75.0,AUTO_APPROVE,False
APP000827,APP008594,58.85,FUZZY,100.0,29.51,0.0,AUTO_APPROVE,False
APP000828,APP001805,67.68,FUZZY,82.76,37.68,75.0,AUTO_APPROVE,False
APP000829,APP006762,65.62,FUZZY,100.0,52.05,0.0,AUTO_APPROVE,False
APP000830,APP009573,64.24,FUZZY,83.33,61.9,20.0,AUTO_APPROVE,False
APP000831,APP001268,100.0,EXACT_PAN,91.67,100.0,100.0,AUTO_REJECT,True
APP000832,APP003420,60.48,FUZZY,100.0,34.92,0.0,AUTO_APPROVE,False
APP000833,APP004457,64.48,FUZZY,68.97,50.0,75.0,AUTO_APPROVE,False
APP000834,APP001353,68.33,FUZZY,100.0,61.11,0.0,AUTO_APPROVE,False
APP000835,APP007434,58.16,FUZZY,84.62,52.83,0.0,AUTO_APPROVE,False
APP000836,APP002051,73.06,FUZZY,77.78,63.89,75.0,AUTO_APPROVE,False
APP000837,APP008463,55.18,FUZZY,54.05,80.52,20.0,AUTO_APPROVE,False
APP000838,APP002965,66.92,FUZZY,82.35,72.46,20.0,AUTO_APPROVE,False
APP000839,APP001915,57.57,FUZZY,70.59,24.24,75.0,AUTO_APPROVE,False
APP000840,APP001394,68.13,FUZZY,84.21,36.73,75.0,AUTO_APPROVE,False
APP000841,APP009852,57.9,FUZZY,82.35,42.42,20.0,AUTO_APPROVE,False
APP000842,APP009834,68.33,FUZZY,100.0,61.11,0.0,AUTO_APPROVE,False
APP000843,APP004444,66.25,FUZZY,60.0,70.83,75.0,AUTO_APPROVE,False
APP000844,APP002859,62.93,FUZZY,78.95,64.86,20.0,AUTO_APPROVE,False
APP000845,APP006885,62.55,FUZZY,85.71,52.31,20.0,AUTO_APPROVE,False
APP000846,APP003681,63.65,FUZZY,82.05,62.07,20.0,AUTO_APPROVE,False
APP000847,APP008677,59.61,FUZZY,32.43,77.97,100.0,AUTO_APPROVE,False
APP000848,APP006193,57.21,FUZZY,85.0,35.71,20.0,AUTO_APPROVE,False
APP000849,APP000308,67.14,FUZZY,100.0,57.14,0.0,AUTO_APPROVE,False
APP000850,APP002703,98.57,FUZZY,97.14,100.0,100.0,AUTO_REJECT,True
APP000851,APP001466,97.0,EXACT_PHONE,96.97,100.0,75.0,AUTO_REJECT,True
APP000852,APP001103,68.28,FUZZY,81.48,41.79,75.0,AUTO_APPROVE,False
APP000853,APP009538,67.33,FUZZY,59.46,58.67,100.0,AUTO_APPROVE,False
APP000854,APP005241,100.0,EXACT_PAN,96.3,100.0,75.0,AUTO_REJECT,True
APP000855,APP008587,64.31,FUZZY,78.26,70.59,20.0,AUTO_APPROVE,False
APP000856,APP004690,63.29,FUZZY,78.57,66.67,20.0,AUTO_APPROVE,False
APP000857,APP004013,67.33,FUZZY,66.67,46.67,100.0,AUTO_APPROVE,False
APP000858,APP003145,60.71,FUZZY,57.14,57.14,75.0,AUTO_APPROVE,False
APP000859,APP004423,65.94,FUZZY,100.0,53.12,0.0,AUTO_APPROVE,False
APP000860,APP008900,97.0,EXACT_PHONE,97.44,100.0,100.0,AUTO_REJECT,True
APP000861,APP001586,57.06,FUZZY,78.79,45.57,20.0,AUTO_APPROVE,False
APP000862,APP005599,67.64,FUZZY,83.87,72.34,20.0,AUTO_APPROVE,False
APP000863,APP002958,98.0,FUZZY,100.0,100.0,90.0,AUTO_REJECT,True
APP000864,APP004849,60.16,FUZZY,78.26,56.76,20.0,AUTO_APPROVE,False
APP000865,APP008670,59.96,FUZZY,84.85,58.46,0.0,AUTO_APPROVE,False
APP000866,APP007666,61.9,FUZZY,60.47,38.89,100.0,AUTO_APPROVE,False
APP000867,APP002933,97.0,EXACT_PHONE,94.44,100.0,75.0,AUTO_REJECT,True
APP000868,APP004820,60.29,FUZZY,70.59,33.33,75.0,AUTO_APPROVE,False
APP000869,APP000486,100.0,EXACT_PAN,100.0,100.0,75.0,AUTO_REJECT,True
APP000870,APP000124,69.95,FUZZY,100.0,53.16,20.0,AUTO_APPROVE,False
APP000871,APP003086,62.45,FUZZY,66.67,47.06,75.0,AUTO_APPROVE,False
APP000872,APP000325,97.22,FUZZY,94.44,100.0,100.0,AUTO_REJECT,True
APP000873,APP001310,63.85,FUZZY,100.0,46.15,0.0,AUTO_APPROVE,False
APP000874,APP009877,69.66,FUZZY,100.0,65.52,0.0,AUTO_APPROVE,False
APP000875,APP004891,100.0,EXACT_PAN,94.44,100.0,75.0,AUTO_REJECT,True
APP000876,APP004450,57.08,FUZZY,83.87,37.14,20.0,AUTO_APPROVE,False
APP000877,APP009338,59.52,FUZZY,100.0,31.75,0.0,AUTO_APPROVE,False
APP000878,APP002391,60.34,FUZZY,42.11,64.29,100.0,AUTO_APPROVE,False
APP000879,APP000542,84.57,FUZZY,91.43,62.86,100.0,FLAG_FOR_REVIEW,False
APP000880,APP000741,59.51,FUZZY,62.5,80.85,20.0,AUTO_APPROVE,False
APP000881,APP003331,63.86,FUZZY,64.52,92.0,20.0,AUTO_APPROVE,False
APP000882,APP000964,57.26,FUZZY,62.86,36.11,75.0,AUTO_APPROVE,False
APP000883,APP001225,60.66,FUZZY,58.82,54.17,75.0,AUTO_APPROVE,False
APP000884,APP009054,67.63,FUZZY,76.92,47.22,75.0,AUTO_APPROVE,False
APP000885,APP006855,70.49,FUZZY,100.0,68.29,0.0,AUTO_APPROVE,False
APP000886,APP004196,63.25,FUZZY,100.0,44.16,0.0,AUTO_APPROVE,False
APP000887,APP009589,97.0,EXACT_PHONE,100.0,100.0,100.0,AUTO_REJECT,True
APP000888,APP009220,67.89,FUZZY,100.0,59.65,0.0,AUTO_APPROVE,False
APP000889,APP001249,60.52,FUZZY,61.54,49.18,75.0,AUTO_APPROVE,False
APP000890,APP003100,64.21,FUZZY,100.0,47.37,0.0,AUTO_APPROVE,False
APP000891,APP001761,58.48,FUZZY,68.97,66.67,20.0,AUTO_APPROVE,False
APP000892,APP003400,97.0,EXACT_PHONE,100.0,100.0,100.0,AUTO_REJECT,True
APP000893,,0.0,NO_MATCH,0.0,0.0,0.0,AUTO_APPROVE,False
APP000894,APP001126,64.79,FUZZY,100.0,49.32,0.0,AUTO_APPROVE,False
APP000895,APP000431,67.65,FUZZY,100.0,58.82,0.0,AUTO_APPROVE,False
APP000896,APP004880,63.33,FUZZY,66.67,100.0,0.0,AUTO_APPROVE,False
APP000897,APP001791,63.58,FUZZY,63.41,56.25,75.0,AUTO_APPROVE,False
APP000898,APP004917,62.54,FUZZY,62.5,54.29,75.0,AUTO_APPROVE,False
APP000899,APP001287,54.89,FUZZY,57.14,37.74,75.0,AUTO_APPROVE,False
APP000900,,0.0,NO_MATCH,0.0,0.0,0.0,AUTO_APPROVE,False
APP000901,APP000492,62.43,FUZZY,62.86,90.0,20.0,AUTO_APPROVE,False
APP000902,APP008765,67.5,FUZZY,75.0,100.0,0.0,AUTO_APPROVE,False
APP000903,APP008818,60.29,FUZZY,100.0,34.29,0.0,AUTO_APPROVE,False
APP000904,APP004853,73.95,FUZZY,84.85,55.07,75.0,AUTO_APPROVE,False
APP000905,APP004079,52.57,FUZZY,62.86,57.14,20.0,AUTO_APPROVE,False
APP000906,APP008295,66.95,FUZZY,47.37,77.55,100.0,AUTO_APPROVE,False
APP000907,APP005063,65.56,FUZZY,100.0,51.85,0.0,AUTO_APPROVE,False
APP000908,APP000091,97.0,EXACT_PHONE,100.0,100.0,100.0,AUTO_REJECT,True
APP000909,APP003311,64.24,FUZZY,100.0,47.46,0.0,AUTO_APPROVE,False
APP000910,APP000162,63.33,FUZZY,66.67,100.0,0.0,AUTO_APPROVE,False
APP000911,APP008180,55.13,FUZZY,54.55,42.86,75.0,AUTO_APPROVE,False
APP000912,APP005986,64.87,FUZZY,83.33,64.0,20.0,AUTO_APPROVE,False
APP000913,APP008237,61.12,FUZZY,54.05,63.64,75.0,AUTO_APPROVE,False
APP000914,APP002663,71.18,FUZZY,100.0,70.59,0.0,AUTO_APPROVE,False
APP000915,APP006148,70.0,FUZZY,100.0,66.67,0.0,AUTO_APPROVE,False
APP000916,APP005542,62.97,FUZZY,100.0,43.24,0.0,AUTO_APPROVE,False
APP000917,APP006743,100.0,FUZZY,100.0,100.0,100.0,AUTO_REJECT,True
APP000918,APP009940,63.33,FUZZY,66.67,100.0,0.0,AUTO_APPROVE,False
APP000919,APP001384,67.56,FUZZY,91.67,72.41,0.0,AUTO_APPROVE,False
APP000920,APP009050,70.0,FUZZY,100.0,66.67,0.0,AUTO_APPROVE,False
APP000921,APP004714,68.98,FUZZY,64.52,72.41,75.0,AUTO_APPROVE,False
APP000922,APP004707,57.56,FUZZY,57.89,82.05,20.0,AUTO_APPROVE,False
APP000923,APP006974,55.38,FUZZY,58.82,73.24,20.0,AUTO_APPROVE,False
APP000924,APP000159,65.44,FUZZY,72.22,84.44,20.0,AUTO_APPROVE,False
APP000925,APP007850,62.63,FUZZY,100.0,42.11,0.0,AUTO_APPROVE,False
APP000926,APP005392,70.61,FUZZY,77.42,56.34,75.0,AUTO_APPROVE,False
APP000927,APP009528,60.0,FUZZY,40.0,66.67,100.0,AUTO_APPROVE,False
APP000928,APP000606,67.75,FUZZY,83.87,72.73,20.0,AUTO_APPROVE,False
APP000929,APP005727,64.0,FUZZY,100.0,46.67,0.0,AUTO_APPROVE,False
APP000930,APP005263,75.19,FUZZY,100.0,83.95,0.0,AUTO_APPROVE,False
APP000931,APP009578,90.71,FUZZY,91.43,100.0,75.0,FLAG_FOR_REVIEW,True
APP000932,APP004771,67.92,FUZZY,64.86,68.29,75.0,AUTO_APPROVE,False
APP000933,APP001470,60.43,FUZZY,100.0,34.78,0.0,AUTO_APPROVE,False
APP000934,APP002701,64.75,FUZZY,100.0,49.18,0.0,AUTO_APPROVE,False
APP000935,APP002507,58.88,FUZZY,45.45,53.85,100.0,AUTO_APPROVE,False
APP000936,APP001227,70.0,FUZZY,76.19,56.34,75.0,AUTO_APPROVE,False
APP000937,APP002925,52.7,FUZZY,58.82,64.29,20.0,AUTO_APPROVE,False
APP000938,APP006943,56.23,FUZZY,55.56,44.83,75.0,AUTO_APPROVE,False
APP000939,APP006862,58.47,FUZZY,83.87,41.79,20.0,AUTO_APPROVE,False
APP000940,APP009596,65.3,FUZZY,78.79,36.36,75.0,AUTO_APPROVE,False
APP000941,APP003091,68.89,FUZZY,70.59,61.97,75.0,AUTO_APPROVE,False
APP000942,APP005305,60.0,FUZZY,100.0,33.33,0.0,AUTO_APPROVE,False
APP000943,APP002416,69.5,FUZZY,100.0,65.0,0.0,AUTO_APPROVE,False
APP000944,APP007062,58.02,FUZZY,55.56,50.79,75.0,AUTO_APPROVE,False
APP000945,APP001504,53.52,FUZZY,62.86,60.32,20.0,AUTO_APPROVE,False
APP000946,APP007826,77.48,FUZZY,100.0,78.26,20.0,AUTO_APPROVE,False
APP000947,APP003297,65.0,FUZZY,100.0,50.0,0.0,AUTO_APPROVE,False
APP000948,APP004437,97.0,EXACT_PHONE,97.3,100.0,75.0,AUTO_REJECT,True
APP000949,APP008058,54.74,FUZZY,38.89,50.98,100.0,AUTO_APPROVE,False
APP000950,APP003556,100.0,EXACT_PAN,93.75,100.0,100.0,AUTO_REJECT,True
APP000951,APP005833,64.58,FUZZY,63.16,60.0,75.0,AUTO_APPROVE,False
APP000952,APP000183,97.0,EXACT_PHONE,96.97,100.0,75.0,AUTO_REJECT,True
APP000953,APP006909,67.94,FUZZY,76.92,48.28,75.0,AUTO_APPROVE,False
APP000954,APP007683,64.6,FUZZY,62.5,61.18,75.0,AUTO_APPROVE,False
APP000955,APP005921,74.55,FUZZY,100.0,81.82,0.0,AUTO_APPROVE,False
APP000956,APP009862,59.13,FUZZY,78.95,52.17,20.0,AUTO_APPROVE,False
APP000957,APP009499,68.67,FUZZY,68.57,64.62,75.0,AUTO_APPROVE,False
APP000958,APP002686,71.43,FUZZY,100.0,71.43,0.0,AUTO_APPROVE,False
APP000959,APP000421,100.0,FUZZY,100.0,100.0,100.0,AUTO_REJECT,True
APP000960,APP005525,62.2,FUZZY,77.78,27.69,75.0,AUTO_APPROVE,False
APP000961,APP001584,63.85,FUZZY,84.21,59.15,20.0,AUTO_APPROVE,False
APP000962,APP009287,61.67,FUZZY,50.0,55.56,100.0,AUTO_APPROVE,False
APP000963,APP009930,64.07,FUZZY,75.86,37.14,75.0,AUTO_APPROVE,False
APP000964,APP006490,66.92,FUZZY,83.33,70.83,20.0,AUTO_APPROVE,False
APP000965,APP006631,66.45,FUZZY,100.0,54.84,0.0,AUTO_APPROVE,False
APP000966,APP004661,66.52,FUZZY,100.0,55.07,0.0,AUTO_APPROVE,False
APP000967,APP003886,56.18,FUZZY,78.79,42.62,20.0,AUTO_APPROVE,False
APP000968,APP003145,68.57,FUZZY,100.0,61.9,0.0,AUTO_APPROVE,False
APP000969,APP001809,61.66,FUZZY,87.5,46.38,20.0,AUTO_APPROVE,False
APP000970,APP005282,64.81,FUZZY,51.43,63.64,100.0,AUTO_APPROVE,False
APP000971,APP007153,57.73,FUZZY,66.67,68.0,20.0,AUTO_APPROVE,False
APP000972,APP006749,61.04,FUZZY,64.71,45.61,75.0,AUTO_APPROVE,False
APP000973,APP006671,57.79,FUZZY,84.62,51.61,0.0,AUTO_APPROVE,False
APP000974,APP008059,60.91,FUZZY,100.0,36.36,0.0,AUTO_APPROVE,False
APP000975,APP004930,54.72,FUZZY,75.0,44.07,20.0,AUTO_APPROVE,False
APP000976,APP000307,54.57,FUZZY,70.59,50.91,20.0,AUTO_APPROVE,False
APP000977,APP005970,65.21,FUZZY,100.0,50.7,0.0,AUTO_APPROVE,False
APP000978,APP002332,60.31,FUZZY,66.67,76.6,20.0,AUTO_APPROVE,False
APP000979,APP004428,63.86,FUZZY,86.67,55.07,20.0,AUTO_APPROVE,False
APP000980,APP008381,64.35,FUZZY,86.49,70.37,0.0,AUTO_APPROVE,False
APP000981,APP008338,64.23,FUZZY,85.0,59.09,20.0,AUTO_APPROVE,False
APP000982,APP002964,93.72,FUZZY,97.44,100.0,75.0,AUTO_REJECT,True
APP000983,APP003372,73.68,FUZZY,100.0,28.95,75.0,AUTO_APPROVE,False
APP000984,APP008846,62.86,FUZZY,100.0,42.86,0.0,AUTO_APPROVE,False
APP000985,APP002070,63.52,FUZZY,100.0,45.07,0.0,AUTO_APPROVE,False
APP000986,APP001890,66.67,FUZZY,100.0,55.56,0.0,AUTO_APPROVE,False
APP000987,APP006810,61.25,FUZZY,62.5,100.0,0.0,AUTO_APPROVE,False
APP000988,APP008484,69.53,FUZZY,100.0,65.12,0.0,AUTO_APPROVE,False
APP000989,APP003630,66.19,FUZZY,76.92,42.42,75.0,AUTO_APPROVE,False
APP000990,APP004328,54.89,FUZZY,72.22,49.28,20.0,AUTO_APPROVE,False
APP000991,APP004236,64.78,FUZZY,66.67,54.84,75.0,AUTO_APPROVE,False
APP000992,APP006835,69.33,FUZZY,66.67,60.0,90.0,AUTO_APPROVE,False
APP000993,APP009833,64.78,FUZZY,69.57,100.0,0.0,AUTO_APPROVE,False
APP000994,APP000588,57.06,FUZZY,73.68,54.05,20.0,AUTO_APPROVE,False
APP000995,APP001656,66.61,FUZZY,62.5,67.86,75.0,AUTO_APPROVE,False
APP000996,APP004812,63.44,FUZZY,81.48,62.34,20.0,AUTO_APPROVE,False
APP000997,APP004367,73.73,FUZZY,84.62,44.74,90.0,AUTO_APPROVE,False
APP000998,APP001817,70.84,FUZZY,83.87,46.34,75.0,AUTO_APPROVE,False
APP000999,APP005447,62.02,FUZZY,56.0,63.41,75.0,AUTO_APPROVE,False
APP001000,APP009039,62.67,FUZZY,58.82,60.87,75.0,AUTO_APPROVE,False
APP001001,APP008257,57.32,FUZZY,70.97,59.46,20.0,AUTO_APPROVE,False
APP001002,APP004426,97.0,EXACT_PHONE,100.0,100.0,75.0,AUTO_REJECT,True
APP001003,APP005223,57.44,FUZZY,72.22,57.78,20.0,AUTO_APPROVE,False
APP001004,APP007622,64.04,FUZZY,75.86,73.68,20.0,AUTO_APPROVE,False
APP001005,APP000418,59.58,FUZZY,66.67,37.5,75.0,AUTO_APPROVE,False
APP001006,APP003352,63.22,FUZZY,100.0,44.07,0.0,AUTO_APPROVE,False
APP001007,APP002497,53.9,FUZZY,62.5,62.16,20.0,AUTO_APPROVE,False
APP001008,APP009351,65.2,FUZZY,100.0,50.67,0.0,AUTO_APPROVE,False
APP001009,APP003662,66.63,FUZZY,100.0,42.11,20.0,AUTO_APPROVE,False
APP001010,APP006539,63.9,FUZZY,78.79,68.35,20.0,AUTO_APPROVE,False
APP001011,APP001091,61.47,FUZZY,100.0,38.24,0.0,AUTO_APPROVE,False
APP001012,APP003922,71.14,FUZZY,100.0,57.14,20.0,AUTO_APPROVE,False
APP001013,APP000689,59.38,FUZZY,100.0,31.25,0.0,AUTO_APPROVE,False
APP001014,APP005088,97.62,FUZZY,95.24,100.0,100.0,AUTO_REJECT,True
APP001015,APP002882,66.25,FUZZY,80.0,37.5,75.0,AUTO_APPROVE,False
APP001016,APP001874,65.0,FUZZY,70.0,100.0,0.0,AUTO_APPROVE,False
APP001017,APP000797,64.59,FUZZY,100.0,48.65,0.0,AUTO_APPROVE,False
APP001018,APP006256,61.86,FUZZY,78.79,61.54,20.0,AUTO_APPROVE,False
APP001019,APP000424,97.83,FUZZY,95.65,100.0,100.0,AUTO_REJECT,True
APP001020,APP002981,67.69,FUZZY,100.0,58.97,0.0,AUTO_APPROVE,False
APP001021,APP009368,50.89,FUZZY,61.54,53.73,20.0,AUTO_APPROVE,False
APP001022,APP007163,91.15,FUZZY,92.31,100.0,75.0,FLAG_FOR_REVIEW,True
APP001023,APP005098,63.07,FUZZY,78.79,65.57,20.0,AUTO_APPROVE,False
APP001024,APP004297,59.42,FUZZY,60.61,47.06,75.0,AUTO_APPROVE,False
APP001025,APP005563,70.62,FUZZY,100.0,68.75,0.0,AUTO_APPROVE,False
APP001026,APP009654,58.89,FUZZY,100.0,29.63,0.0,AUTO_APPROVE,False
APP001027,APP001121,54.61,FUZZY,70.59,51.06,20.0,AUTO_APPROVE,False
APP001028,APP006624,72.03,FUZZY,100.0,73.42,0.0,AUTO_APPROVE,False
APP001029,APP000184,63.33,FUZZY,66.67,100.0,0.0,AUTO_APPROVE,False
APP001030,APP003301,73.0,FUZZY,100.0,76.67,0.0,AUTO_APPROVE,False
APP001031,APP004842,62.61,FUZZY,75.86,32.26,75.0,AUTO_APPROVE,False
APP001032,APP004468,66.76,FUZZY,100.0,55.88,0.0,AUTO_APPROVE,False
APP001033,APP006747,65.94,FUZZY,100.0,53.12,0.0,AUTO_APPROVE,False
APP001034,APP005100,67.03,FUZZY,100.0,56.76,0.0,AUTO_APPROVE,False
APP001035,APP008202,65.74,FUZZY,100.0,52.46,0.0,AUTO_APPROVE,False
APP001036,APP009418,69.41,FUZZY,100.0,64.71,0.0,AUTO_APPROVE,False
APP001037,APP002093,65.02,FUZZY,71.79,47.06,75.0,AUTO_APPROVE,False
APP001038,APP006639,98.0,FUZZY,96.0,100.0,100.0,AUTO_REJECT,True
APP001039,APP000275,61.7,FUZZY,62.5,51.52,75.0,AUTO_APPROVE,False
APP001040,APP009832,54.71,FUZZY,62.86,64.29,20.0,AUTO_APPROVE,False
APP001041,APP005314,57.71,FUZZY,80.0,45.71,20.0,AUTO_APPROVE,False
APP001042,APP002986,60.33,FUZZY,66.67,40.0,75.0,AUTO_APPROVE,False
APP001043,APP004808,91.88,FUZZY,93.75,100.0,75.0,FLAG_FOR_REVIEW,True
APP001044,APP002594,58.39,FUZZY,82.05,57.89,0.0,AUTO_APPROVE,False
APP001045,APP003749,54.07,FUZZY,76.92,38.71,20.0,AUTO_APPROVE,False
APP001046,APP003344,62.67,FUZZY,78.57,64.62,20.0,AUTO_APPROVE,False
APP001047,APP004897,59.47,FUZZY,73.33,62.69,20.0,AUTO_APPROVE,False
APP001048,APP008466,69.09,FUZZY,100.0,63.64,0.0,AUTO_APPROVE,False
APP001049,APP005909,62.15,FUZZY,77.42,64.79,20.0,AUTO_APPROVE,False
APP001050,APP006012,64.73,FUZZY,68.97,87.5,20.0,AUTO_APPROVE,False
APP001051,APP001556,64.52,FUZZY,83.33,62.86,20.0,AUTO_APPROVE,False
APP001052,APP009991,68.35,FUZZY,62.86,73.08,75.0,AUTO_APPROVE,False
APP001053,APP009542,61.24,FUZZY,86.49,46.67,20.0,AUTO_APPROVE,False
APP001054,APP002825,64.04,FUZZY,75.86,73.68,20.0,AUTO_APPROVE,False
APP001055,APP000784,67.59,FUZZY,58.82,77.27,75.0,AUTO_APPROVE,False
APP001056,APP004345,67.32,FUZZY,52.63,70.0,100.0,AUTO_APPROVE,False
APP001057,APP007673,61.82,FUZZY,100.0,39.39,0.0,AUTO_APPROVE,False
APP001058,APP007573,59.47,FUZZY,100.0,31.58,0.0,AUTO_APPROVE,False
APP001059,APP000270,100.0,EXACT_PAN,91.67,100.0,100.0,AUTO_REJECT,True
APP001060,APP000409,66.03,FUZZY,66.67,58.97,75.0,AUTO_APPROVE,False
APP001061,APP005217,100.0,FUZZY,100.0,100.0,100.0,AUTO_REJECT,True
APP001062,APP007376,59.59,FUZZY,48.48,51.16,100.0,AUTO_APPROVE,False
APP001063,APP006934,100.0,EXACT_PAN,97.14,100.0,100.0,AUTO_REJECT,True
APP001064,APP000093,93.28,FUZZY,96.55,100.0,75.0,AUTO_REJECT,True
APP001065,APP006877,57.06,FUZZY,64.86,68.75,20.0,AUTO_APPROVE,False
APP001066,APP007231,57.69,FUZZY,50.0,58.97,75.0,AUTO_APPROVE,False
APP001067,APP007392,68.39,FUZZY,76.19,50.98,75.0,AUTO_APPROVE,False
APP001068,APP007560,56.23,FUZZY,58.82,39.39,75.0,AUTO_APPROVE,False
APP001069,APP004878,64.63,FUZZY,70.0,48.78,75.0,AUTO_APPROVE,False
APP001070,APP006739,60.18,FUZZY,82.35,50.0,20.0,AUTO_APPROVE,False
APP001071,APP007195,52.7,FUZZY,66.67,51.22,20.0,AUTO_APPROVE,False
APP001072,APP002583,66.38,FUZZY,82.76,33.33,75.0,AUTO_APPROVE,False
APP001073,APP004546,61.49,FUZZY,78.57,24.0,75.0,AUTO_APPROVE,False
APP001074,APP003131,100.0,FUZZY,100.0,100.0,100.0,AUTO_REJECT,True
APP001075,APP005124,57.13,FUZZY,47.37,44.83,100.0,AUTO_APPROVE,False
APP001076,,0.0,NO_MATCH,0.0,0.0,0.0,AUTO_APPROVE,False
APP001077,APP001701,65.24,FUZZY,100.0,50.79,0.0,AUTO_APPROVE,False
APP001078,APP001109,65.2,FUZZY,100.0,50.67,0.0,AUTO_APPROVE,False
APP001079,APP005476,62.33,FUZZY,100.0,41.1,0.0,AUTO_APPROVE,False
APP001080,APP005417,97.0,EXACT_PHONE,96.3,100.0,75.0,AUTO_REJECT,True
APP001081,APP003933,93.57,FUZZY,97.14,100.0,75.0,AUTO_REJECT,True
APP001082,APP002495,56.84,FUZZY,60.0,39.47,75.0,AUTO_APPROVE,False
APP001083,APP002537,68.57,FUZZY,100.0,61.9,0.0,AUTO_APPROVE,False
APP001084,APP002758,71.13,FUZZY,61.11,68.57,100.0,AUTO_APPROVE,False
APP001085,APP001125,95.62,FUZZY,95.24,100.0,90.0,AUTO_REJECT,True
APP001086,APP008312,58.83,FUZZY,84.21,42.42,20.0,AUTO_APPROVE,False
APP001087,APP004557,97.06,FUZZY,94.12,100.0,100.0,AUTO_REJECT,True
APP001088,APP007876,53.67,FUZZY,73.33,43.33,20.0,AUTO_APPROVE,False
APP001089,APP006261,61.54,FUZZY,100.0,38.46,0.0,AUTO_APPROVE,False
APP001090,APP003733,56.93,FUZZY,75.0,51.43,20.0,AUTO_APPROVE,False
APP001091,APP000725,62.5,FUZZY,57.14,46.43,100.0,AUTO_APPROVE,False
APP001092,APP006206,69.67,FUZZY,89.47,83.12,0.0,AUTO_APPROVE,False
APP001093,APP009304,63.6,FUZZY,100.0,45.33,0.0,AUTO_APPROVE,False
APP001094,APP005280,65.69,FUZZY,100.0,52.31,0.0,AUTO_APPROVE,False
APP001095,APP008665,65.83,FUZZY,100.0,39.44,20.0,AUTO_APPROVE,False
APP001096,APP005881,65.45,FUZZY,100.0,51.52,0.0,AUTO_APPROVE,False
APP001097,APP008139,97.0,EXACT_PHONE,95.65,100.0,75.0,AUTO_REJECT,True
APP001098,APP007674,59.43,FUZZY,80.0,51.43,20.0,AUTO_APPROVE,False
APP001099,APP006978,65.21,FUZZY,78.26,36.92,75.0,AUTO_APPROVE,False
APP001100,APP009747,65.38,FUZZY,100.0,37.93,20.0,AUTO_APPROVE,False
APP001101,APP001512,63.22,FUZZY,85.71,54.55,20.0,AUTO_APPROVE,False
APP001102,APP009986,68.75,FUZZY,100.0,62.5,0.0,AUTO_APPROVE,False
APP001103,APP000852,68.28,FUZZY,81.48,41.79,75.0,AUTO_APPROVE,False
APP001104,APP007981,62.35,FUZZY,100.0,41.18,0.0,AUTO_APPROVE,False
APP001105,APP006966,62.2,FUZZY,100.0,40.68,0.0,AUTO_APPROVE,False
APP001106,APP004390,100.0,EXACT_PAN,96.0,100.0,100.0,AUTO_REJECT,True
APP001107,APP007761,69.64,FUZZY,85.71,75.95,20.0,AUTO_APPROVE,False
APP001108,APP000020,61.82,FUZZY,100.0,39.39,0.0,AUTO_APPROVE,False
APP001109,APP001078,65.2,FUZZY,100.0,50.67,0.0,AUTO_APPROVE,False
APP001110,APP005041,67.5,FUZZY,66.67,63.89,75.0,AUTO_APPROVE,False
APP001111,APP007811,52.03,FUZZY,64.29,52.94,20.0,AUTO_APPROVE,False
APP001112,APP000796,63.64,FUZZY,100.0,45.45,0.0,AUTO_APPROVE,False
APP001113,APP007896,62.03,FUZZY,54.05,66.67,75.0,AUTO_APPROVE,False
APP001114,APP003348,62.33,FUZZY,100.0,41.1,0.0,AUTO_APPROVE,False
APP001115,APP001975,100.0,EXACT_PAN,96.3,100.0,100.0,AUTO_REJECT,True
APP001116,APP000477,100.0,EXACT_PAN,94.44,100.0,100.0,AUTO_REJECT,True
APP001117,APP008356,57.5,FUZZY,85.71,35.48,20.0,AUTO_APPROVE,False
APP001118,APP007429,66.72,FUZZY,100.0,55.74,0.0,AUTO_APPROVE,False
APP001119,APP003879,52.4,FUZZY,46.67,46.88,75.0,AUTO_APPROVE,False
APP001120,APP002780,71.38,FUZZY,85.71,45.07,75.0,AUTO_APPROVE,False
APP001121,APP002191,66.21,FUZZY,70.59,53.06,75.0,AUTO_APPROVE,False
APP001122,APP006485,66.58,FUZZY,100.0,55.26,0.0,AUTO_APPROVE,False
APP001123,APP001715,56.67,FUZZY,53.33,100.0,0.0,AUTO_APPROVE,False
APP001124,APP007547,100.0,EXACT_PAN,96.0,100.0,75.0,AUTO_REJECT,True
APP001125,APP001085,95.62,FUZZY,95.24,100.0,90.0,AUTO_REJECT,True
APP001126,APP000894,64.79,FUZZY,100.0,49.32,0.0,AUTO_APPROVE,False
APP001127,APP002162,63.31,FUZZY,62.07,57.58,75.0,AUTO_APPROVE,False
APP001128,APP001683,68.59,FUZZY,70.0,61.97,75.0,AUTO_APPROVE,False
APP001129,APP002559,100.0,FUZZY,100.0,100.0,100.0,AUTO_REJECT,True
APP001130,APP005893,67.14,FUZZY,100.0,57.14,0.0,AUTO_APPROVE,False
APP001131,APP003806,70.55,FUZZY,100.0,68.49,0.0,AUTO_APPROVE,False
APP001132,APP004662,52.38,FUZZY,63.16,56.0,20.0,AUTO_APPROVE,False
APP001133,APP006502,95.0,FUZZY,100.0,100.0,75.0,AUTO_REJECT,True
APP001134,APP005195,57.43,FUZZY,80.0,44.78,20.0,AUTO_APPROVE,False
APP001135,APP004201,93.57,FUZZY,97.14,100.0,75.0,AUTO_REJECT,True
APP001136,APP008386,67.24,FUZZY,100.0,44.12,20.0,AUTO_APPROVE,False
APP001137,APP001235,54.0,FUZZY,74.29,42.86,20.0,AUTO_APPROVE,False
APP001138,APP006171,71.57,FUZZY,57.14,93.33,75.0,AUTO_APPROVE,False
APP001139,APP003344,66.3,FUZZY,63.16,65.75,75.0,AUTO_APPROVE,False
APP001140,APP007321,79.34,FUZZY,75.0,89.47,75.0,AUTO_APPROVE,False
APP001141,APP008188,66.58,FUZZY,63.16,50.0,100.0,AUTO_APPROVE,False
APP001142,APP009253,50.3,FUZZY,58.06,57.58,20.0,AUTO_APPROVE,False
APP001143,APP001660,59.83,FUZZY,53.66,43.33,100.0,AUTO_APPROVE,False
APP001144,APP002028,55.06,FUZZY,57.14,38.3,75.0,AUTO_APPROVE,False
APP001145,APP007136,63.75,FUZZY,80.0,29.17,75.0,AUTO_APPROVE,False
APP001146,APP001887,63.33,FUZZY,66.67,100.0,0.0,AUTO_APPROVE,False
APP001147,APP006848,64.29,FUZZY,62.86,59.52,75.0,AUTO_APPROVE,False
APP001148,APP008486,57.64,FUZZY,100.0,25.45,0.0,AUTO_APPROVE,False
APP001149,APP007255,59.97,FUZZY,78.79,68.57,0.0,AUTO_APPROVE,False
APP001150,APP003118,63.15,FUZZY,100.0,43.84,0.0,AUTO_APPROVE,False
APP001151,APP006043,67.39,FUZZY,100.0,57.97,0.0,AUTO_APPROVE,False
APP001152,APP006718,63.0,FUZZY,95.24,37.93,20.0,AUTO_APPROVE,False
APP001153,APP006167,72.64,FUZZY,100.0,75.47,0.0,AUTO_APPROVE,False
APP001154,APP009434,62.99,FUZZY,76.92,68.42,20.0,AUTO_APPROVE,False
APP001155,APP007806,68.83,FUZZY,68.75,64.86,75.0,AUTO_APPROVE,False
APP001156,APP003659,97.0,EXACT_PHONE,92.31,100.0,100.0,AUTO_REJECT,True
APP001157,APP003614,62.2,FUZZY,100.0,40.68,0.0,AUTO_APPROVE,False
APP001158,APP007363,67.23,FUZZY,77.42,45.07,75.0,AUTO_APPROVE,False
APP001159,APP007432,75.93,FUZZY,81.25,67.69,75.0,AUTO_APPROVE,False
APP001160,APP008553,93.57,FUZZY,97.14,100.0,75.0,AUTO_REJECT,True
APP001161,APP004814,62.89,FUZZY,77.78,66.67,20.0,AUTO_APPROVE,False
APP001162,APP000711,70.19,FUZZY,82.05,47.22,75.0,AUTO_APPROVE,False
APP001163,APP000646,62.05,FUZZY,66.67,45.71,75.0,AUTO_APPROVE,False
APP001164,APP007390,65.37,FUZZY,83.33,65.67,20.0,AUTO_APPROVE,False
APP001165,APP007197,69.29,FUZZY,100.0,64.29,0.0,AUTO_APPROVE,False
APP001166,APP005789,58.55,FUZZY,60.0,45.16,75.0,AUTO_APPROVE,False
APP001167,APP001411,59.52,FUZZY,100.0,31.75,0.0,AUTO_APPROVE,False
APP001168,APP007330,62.24,FUZZY,76.47,66.67,20.0,AUTO_APPROVE,False
APP001169,APP009521,64.52,FUZZY,61.54,62.5,75.0,AUTO_APPROVE,False
APP001170,APP008387,63.25,FUZZY,100.0,44.16,0.0,AUTO_APPROVE,False
APP001171,APP006358,100.0,EXACT_PAN,94.74,100.0,75.0,AUTO_REJECT,True
APP001172,APP009178,77.11,FUZZY,95.88,30.56,100.0,AUTO_APPROVE,True
APP001173,APP008260,68.18,FUZZY,82.35,40.0,75.0,AUTO_APPROVE,False
APP001174,APP001206,67.47,FUZZY,80.0,41.56,75.0,AUTO_APPROVE,False
APP001175,APP003150,62.0,FUZZY,100.0,40.0,0.0,AUTO_APPROVE,False
APP001176,APP002934,67.14,FUZZY,100.0,57.14,0.0,AUTO_APPROVE,False
APP001177,APP006019,56.41,FUZZY,83.87,34.92,20.0,AUTO_APPROVE,False
APP001178,APP000562,100.0,EXACT_PAN,97.14,100.0,100.0,AUTO_REJECT,True
APP001179,APP008614,64.38,FUZZY,66.67,90.14,20.0,AUTO_APPROVE,False
APP001180,APP001690,100.0,EXACT_PAN,97.14,100.0,90.0,AUTO_REJECT,True
APP001181,APP002983,64.85,FUZZY,80.95,31.25,75.0,AUTO_APPROVE,False
APP001182,APP007684,68.06,FUZZY,78.26,46.43,75.0,AUTO_APPROVE,False
APP001183,APP006228,79.89,FUZZY,74.07,92.86,75.0,AUTO_APPROVE,False
APP001184,APP003771,66.67,FUZZY,100.0,55.56,0.0,AUTO_APPROVE,False
APP001185,APP003793,100.0,FUZZY,100.0,100.0,100.0,AUTO_REJECT,True
APP001186,APP003593,98.57,FUZZY,97.14,100.0,100.0,AUTO_REJECT,True
APP001187,APP004276,68.45,FUZZY,81.25,79.41,20.0,AUTO_APPROVE,False
APP001188,APP004602,97.94,FUZZY,95.88,100.0,100.0,AUTO_REJECT,True
APP001189,APP007038,61.92,FUZZY,80.0,59.74,20.0,AUTO_APPROVE,False
APP001190,APP004815,62.86,FUZZY,100.0,42.86,0.0,AUTO_APPROVE,False
APP001191,APP007486,97.0,EXACT_PHONE,93.33,100.0,100.0,AUTO_REJECT,True
APP001192,APP009150,61.29,FUZZY,68.57,40.0,75.0,AUTO_APPROVE,False
APP001193,APP003281,65.48,FUZZY,100.0,51.61,0.0,AUTO_APPROVE,False
APP001194,APP009963,59.31,FUZZY,82.76,46.43,20.0,AUTO_APPROVE,False
APP001195,APP003911,100.0,EXACT_PAN,94.12,100.0,90.0,AUTO_REJECT,True
APP001196,APP004205,71.54,FUZZY,100.0,71.79,0.0,AUTO_APPROVE,False
APP001197,APP001863,64.67,FUZZY,63.16,60.32,75.0,AUTO_APPROVE,False
APP001198,APP002432,64.35,FUZZY,100.0,47.83,0.0,AUTO_APPROVE,False
APP001199,APP009958,71.24,FUZZY,66.67,59.7,100.0,AUTO_APPROVE,False
APP001200,APP000906,61.39,FUZZY,81.25,55.88,20.0,AUTO_APPROVE,False
APP001201,APP007108,64.41,FUZZY,70.59,47.06,75.0,AUTO_APPROVE,False
APP001202,APP009963,66.92,FUZZY,100.0,56.41,0.0,AUTO_APPROVE,False
APP001203,APP001375,68.33,FUZZY,100.0,61.11,0.0,AUTO_APPROVE,False
APP001204,APP006944,58.5,FUZZY,66.67,33.9,75.0,AUTO_APPROVE,False
APP001205,APP002189,98.57,FUZZY,97.14,100.0,100.0,AUTO_REJECT,True
APP001206,APP007143,92.22,FUZZY,94.44,100.0,75.0,AUTO_REJECT,True
APP001207,APP005921,60.48,FUZZY,100.0,34.92,0.0,AUTO_APPROVE,False
APP001208,APP003852,62.5,FUZZY,100.0,41.67,0.0,AUTO_APPROVE,False
APP001209,APP002647,69.63,FUZZY,96.97,57.14,20.0,AUTO_APPROVE,False
APP001210,APP003264,64.37,FUZZY,100.0,47.89,0.0,AUTO_APPROVE,False
APP001211,APP003301,60.36,FUZZY,72.73,66.67,20.0,AUTO_APPROVE,False
APP001212,APP003626,60.59,FUZZY,70.0,35.29,75.0,AUTO_APPROVE,False
APP001213,APP002971,60.89,FUZZY,84.21,49.28,20.0,AUTO_APPROVE,False
APP001214,APP006391,62.91,FUZZY,100.0,43.04,0.0,AUTO_APPROVE,False
APP001215,APP000491,59.38,FUZZY,77.42,55.56,20.0,AUTO_APPROVE,False
APP001216,APP008069,73.0,FUZZY,100.0,76.67,0.0,AUTO_APPROVE,False
APP001217,APP000216,69.2,FUZZY,100.0,64.0,0.0,AUTO_APPROVE,False
APP001218,APP003473,70.91,FUZZY,81.82,100.0,0.0,AUTO_APPROVE,False
APP001219,APP004773,61.89,FUZZY,88.24,45.9,20.0,AUTO_APPROVE,False
APP001220,APP000359,60.14,FUZZY,66.67,39.34,75.0,AUTO_APPROVE,False
APP001221,APP001826,100.0,EXACT_PAN,100.0,100.0,75.0,AUTO_REJECT,True
APP001222,APP001937,67.27,FUZZY,100.0,57.58,0.0,AUTO_APPROVE,False
APP001223,APP001149,57.6,FUZZY,78.79,47.37,20.0,AUTO_APPROVE,False
APP001224,APP003289,62.97,FUZZY,100.0,43.24,0.0,AUTO_APPROVE,False
APP001225,APP008201,62.86,FUZZY,78.57,28.57,75.0,AUTO_APPROVE,False
APP001226,APP009325,72.45,FUZZY,88.24,44.44,75.0,AUTO_APPROVE,False
APP001227,APP009984,74.56,FUZZY,82.93,60.32,75.0,AUTO_APPROVE,False
APP001228,APP009373,63.71,FUZZY,100.0,45.71,0.0,AUTO_APPROVE,False
APP001229,APP005793,67.55,FUZZY,100.0,45.16,20.0,AUTO_APPROVE,False
APP001230,APP009304,71.49,FUZZY,100.0,71.64,0.0,AUTO_APPROVE,False
APP001231,APP003453,62.66,FUZZY,57.14,63.64,75.0,AUTO_APPROVE,False
APP001232,APP001395,65.74,FUZZY,100.0,52.46,0.0,AUTO_APPROVE,False
APP001233,APP006256,64.55,FUZZY,100.0,48.48,0.0,AUTO_APPROVE,False
APP001234,APP009389,63.43,FUZZY,100.0,44.78,0.0,AUTO_APPROVE,False
APP001235,APP001892,64.24,FUZZY,100.0,47.46,0.0,AUTO_APPROVE,False
APP001236,APP008307,71.67,FUZZY,100.0,72.22,0.0,AUTO_APPROVE,False
APP001237,APP007874,64.75,FUZZY,100.0,49.18,0.0,AUTO_APPROVE,False
APP001238,APP006517,76.5,FUZZY,88.33,47.76,90.0,AUTO_APPROVE,True
APP001239,APP007115,65.65,FUZZY,100.0,52.17,0.0,AUTO_APPROVE,False
APP001240,APP009546,63.33,FUZZY,66.67,50.0,75.0,AUTO_APPROVE,False
APP001241,APP008217,63.98,FUZZY,70.59,45.61,75.0,AUTO_APPROVE,False
APP001242,APP004631,60.06,FUZZY,78.79,55.56,20.0,AUTO_APPROVE,False
APP001243,APP000339,100.0,EXACT_PAN,95.65,100.0,100.0,AUTO_REJECT,True
APP001244,APP004398,61.11,FUZZY,84.21,50.0,20.0,AUTO_APPROVE,False
APP001245,APP006789,55.54,FUZZY,80.0,38.46,20.0,AUTO_APPROVE,False
APP001246,APP001318,62.86,FUZZY,100.0,42.86,0.0,AUTO_APPROVE,False
APP001247,APP009945,65.59,FUZZY,64.52,61.11,75.0,AUTO_APPROVE,False
APP001248,APP003145,64.03,FUZZY,82.76,62.16,20.0,AUTO_APPROVE,False
APP001249,APP000889,60.52,FUZZY,61.54,49.18,75.0,AUTO_APPROVE,False
APP001250,APP005810,68.82,FUZZY,100.0,62.75,0.0,AUTO_APPROVE,False
APP001251,APP008271,68.82,FUZZY,76.47,88.61,20.0,AUTO_APPROVE,False
APP001252,APP009720,69.5,FUZZY,78.57,50.7,75.0,AUTO_APPROVE,False
APP001253,APP004176,60.77,FUZZY,61.54,100.0,0.0,AUTO_APPROVE,False
APP001254,APP000292,66.36,FUZZY,100.0,54.55,0.0,AUTO_APPROVE,False
APP001255,APP003508,61.23,FUZZY,51.43,51.72,100.0,AUTO_APPROVE,False
APP001256,APP008796,78.77,FUZZY,100.0,45.9,75.0,AUTO_APPROVE,False
APP001257,APP007700,62.24,FUZZY,100.0,40.82,0.0,AUTO_APPROVE,False
APP001258,APP009847,63.78,FUZZY,100.0,45.95,0.0,AUTO_APPROVE,False
APP001259,APP002139,63.33,FUZZY,100.0,44.44,0.0,AUTO_APPROVE,False
APP001260,APP008502,65.83,FUZZY,66.67,58.33,75.0,AUTO_APPROVE,False
APP001261,APP000092,61.05,FUZZY,100.0,36.84,0.0,AUTO_APPROVE,False
APP001262,APP009682,98.39,FUZZY,96.77,100.0,100.0,AUTO_REJECT,True
APP001263,APP009742,55.11,FUZZY,57.14,38.46,75.0,AUTO_APPROVE,False
APP001264,APP007548,64.65,FUZZY,100.0,35.48,20.0,AUTO_APPROVE,False
APP001265,APP008149,60.17,FUZZY,82.76,49.32,20.0,AUTO_APPROVE,False
APP001266,APP001760,100.0,EXACT_PAN,97.3,100.0,100.0,AUTO_REJECT,True
APP001267,APP008893,58.75,FUZZY,81.08,47.37,20.0,AUTO_APPROVE,False
APP001268,APP000831,100.0,EXACT_PAN,91.67,100.0,100.0,AUTO_REJECT,True
APP001269,APP009801,100.0,FUZZY,100.0,100.0,100.0,AUTO_REJECT,True
APP001270,APP000373,69.25,FUZZY,100.0,64.15,0.0,AUTO_APPROVE,False
APP001271,APP009781,68.21,FUZZY,100.0,60.71,0.0,AUTO_APPROVE,False
APP001272,APP009937,93.57,FUZZY,97.14,100.0,75.0,AUTO_REJECT,True
APP001273,APP005081,64.78,FUZZY,100.0,49.28,0.0,AUTO_APPROVE,False
APP001274,APP004733,63.81,FUZZY,61.54,43.48,100.0,AUTO_APPROVE,False
APP001275,APP001871,61.81,FUZZY,75.0,31.03,75.0,AUTO_APPROVE,False
APP001276,APP000791,100.0,FUZZY,100.0,100.0,100.0,AUTO_REJECT,True
APP001277,APP002126,64.09,FUZZY,85.0,58.62,20.0,AUTO_APPROVE,False
APP001278,APP004579,53.73,FUZZY,58.33,31.88,75.0,AUTO_APPROVE,False
APP001279,APP005335,60.68,FUZZY,64.71,81.08,20.0,AUTO_APPROVE,False
APP001280,APP000505,63.75,FUZZY,100.0,45.83,0.0,AUTO_APPROVE,False
APP001281,APP003626,65.0,FUZZY,70.0,100.0,0.0,AUTO_APPROVE,False
APP001282,APP009327,92.22,FUZZY,94.44,100.0,75.0,AUTO_REJECT,True
APP001283,APP008290,63.04,FUZZY,100.0,43.48,0.0,AUTO_APPROVE,False
APP001284,APP008367,95.37,FUZZY,94.74,100.0,90.0,AUTO_REJECT,True
APP001285,APP006382,67.47,FUZZY,100.0,58.23,0.0,AUTO_APPROVE,False
APP001286,APP003846,98.65,FUZZY,97.3,100.0,100.0,AUTO_REJECT,True
APP001287,APP005875,59.31,FUZZY,100.0,31.03,0.0,AUTO_APPROVE,False
APP001288,APP006503,65.88,FUZZY,100.0,52.94,0.0,AUTO_APPROVE,False
APP001289,APP000445,56.47,FUZZY,80.0,41.56,20.0,AUTO_APPROVE,False
APP001290,APP009577,60.99,FUZZY,62.5,49.12,75.0,AUTO_APPROVE,False
APP001291,APP001335,65.79,FUZZY,100.0,52.63,0.0,AUTO_APPROVE,False
APP001292,APP009199,60.05,FUZZY,78.57,55.88,20.0,AUTO_APPROVE,False
APP001293,APP008546,71.13,FUZZY,70.59,69.44,75.0,AUTO_APPROVE,False
APP001294,APP002989,56.95,FUZZY,52.94,34.92,100.0,AUTO_APPROVE,False
APP001295,APP005976,61.54,FUZZY,54.05,48.39,100.0,AUTO_APPROVE,False
APP001296,APP000042,100.0,EXACT_PAN,94.44,100.0,90.0,AUTO_REJECT,True
APP001297,APP004863,60.77,FUZZY,100.0,35.9,0.0,AUTO_APPROVE,False
APP001298,APP009212,60.52,FUZZY,66.67,77.27,20.0,AUTO_APPROVE,False
APP001299,APP004255,59.31,FUZZY,53.33,58.82,75.0,AUTO_APPROVE,False
APP001300,APP005946,100.0,EXACT_PAN,97.56,100.0,75.0,AUTO_REJECT,True
APP001301,APP003222,54.86,FUZZY,59.46,33.77,75.0,AUTO_APPROVE,False
APP001302,APP008397,63.43,FUZZY,100.0,44.78,0.0,AUTO_APPROVE,False
APP001303,APP006097,56.67,FUZZY,84.62,47.89,0.0,AUTO_APPROVE,False
APP001304,APP002126,65.71,FUZZY,71.43,100.0,0.0,AUTO_APPROVE,False
APP001305,APP005849,70.0,FUZZY,100.0,66.67,0.0,AUTO_APPROVE,False
APP001306,APP000338,62.28,FUZZY,100.0,27.59,20.0,AUTO_APPROVE,False
APP001307,APP005945,69.12,FUZZY,56.25,70.0,100.0,AUTO_APPROVE,False
APP001308,APP001915,65.54,FUZZY,100.0,38.46,20.0,AUTO_APPROVE,False
APP001309,APP000759,64.57,FUZZY,100.0,48.57,0.0,AUTO_APPROVE,False
APP001310,APP003480,87.61,FUZZY,100.0,75.36,75.0,FLAG_FOR_REVIEW,False
APP001311,APP001348,64.39,FUZZY,66.67,53.52,75.0,AUTO_APPROVE,False
APP001312,APP002708,91.88,FUZZY,93.75,100.0,75.0,FLAG_FOR_REVIEW,True
APP001313,APP006904,59.75,FUZZY,82.35,48.57,20.0,AUTO_APPROVE,False
APP001314,APP001028,65.24,FUZZY,69.57,51.52,75.0,AUTO_APPROVE,False
APP001315,APP009371,62.57,FUZZY,78.57,64.29,20.0,AUTO_APPROVE,False
APP001316,APP007822,62.46,FUZZY,61.54,92.31,20.0,AUTO_APPROVE,False
APP001317,APP004583,97.0,EXACT_PHONE,97.3,100.0,90.0,AUTO_REJECT,True
APP001318,APP007315,67.04,FUZZY,100.0,56.79,0.0,AUTO_APPROVE,False
APP001319,APP006361,62.92,FUZZY,100.0,43.08,0.0,AUTO_APPROVE,False
APP001320,APP006291,59.52,FUZZY,41.67,62.3,100.0,AUTO_APPROVE,False
APP001321,APP004843,55.24,FUZZY,33.33,61.9,100.0,AUTO_APPROVE,False
APP001322,APP001836,56.62,FUZZY,81.25,40.0,20.0,AUTO_APPROVE,False
APP001323,APP008002,66.67,FUZZY,100.0,55.56,0.0,AUTO_APPROVE,False
APP001324,APP000120,69.05,FUZZY,100.0,63.49,0.0,AUTO_APPROVE,False
APP001325,APP006511,59.98,FUZZY,82.35,62.69,0.0,AUTO_APPROVE,False
APP001326,APP000741,63.0,FUZZY,100.0,43.33,0.0,AUTO_APPROVE,False
APP001327,APP002041,70.96,FUZZY,66.67,75.41,75.0,AUTO_APPROVE,False
APP001328,APP004457,54.51,FUZZY,75.0,56.72,0.0,AUTO_APPROVE,False
APP001329,APP007647,72.26,FUZZY,100.0,74.19,0.0,AUTO_APPROVE,False
APP001330,APP002294,63.8,FUZZY,58.82,64.62,75.0,AUTO_APPROVE,False
APP001331,APP003988,58.75,FUZZY,40.0,62.5,100.0,AUTO_APPROVE,False
APP001332,APP002960,64.4,FUZZY,100.0,48.0,0.0,AUTO_APPROVE,False
APP001333,APP005653,66.36,FUZZY,100.0,54.55,0.0,AUTO_APPROVE,False
APP001334,APP006940,72.81,FUZZY,83.33,90.48,20.0,AUTO_APPROVE,False
APP001335,APP001515,77.28,FUZZY,86.67,63.16,75.0,AUTO_APPROVE,False
APP001336,APP000487,63.35,FUZZY,43.24,72.41,100.0,AUTO_APPROVE,False
APP001337,APP003894,68.46,FUZZY,70.0,61.54,75.0,AUTO_APPROVE,False
APP001338,APP009139,66.82,FUZZY,70.59,55.07,75.0,AUTO_APPROVE,False
APP001339,APP003817,61.33,FUZZY,72.0,71.11,20.0,AUTO_APPROVE,False
APP001340,APP009914,93.72,FUZZY,97.44,100.0,75.0,AUTO_REJECT,True
APP001341,APP006676,61.82,FUZZY,63.16,50.79,75.0,AUTO_APPROVE,False
APP001342,APP003187,69.41,FUZZY,62.86,76.6,75.0,AUTO_APPROVE,False
APP001343,APP001706,61.61,FUZZY,100.0,38.71,0.0,AUTO_APPROVE,False
APP001344,APP004195,64.14,FUZZY,78.57,32.84,75.0,AUTO_APPROVE,False
APP001345,APP003451,62.14,FUZZY,78.57,62.86,20.0,AUTO_APPROVE,False
APP001346,APP004100,74.17,FUZZY,73.33,75.0,75.0,AUTO_APPROVE,False
APP001347,APP000056,62.47,FUZZY,100.0,41.56,0.0,AUTO_APPROVE,False
APP001348,APP002820,65.79,FUZZY,100.0,52.63,0.0,AUTO_APPROVE,False
APP001349,APP005205,64.91,FUZZY,100.0,36.36,20.0,AUTO_APPROVE,False
APP001350,APP000743,64.97,FUZZY,61.11,64.71,75.0,AUTO_APPROVE,False
APP001351,APP008572,73.0,FUZZY,80.0,60.0,75.0,AUTO_APPROVE,False
APP001352,APP007343,64.57,FUZZY,100.0,48.57,0.0,AUTO_APPROVE,False
APP001353,APP000834,68.33,FUZZY,100.0,61.11,0.0,AUTO_APPROVE,False
APP001354,APP003028,53.13,FUZZY,62.07,60.32,20.0,AUTO_APPROVE,False
APP001355,APP005289,97.0,EXACT_PHONE,97.14,100.0,100.0,AUTO_REJECT,True
APP001356,APP004113,67.75,FUZZY,100.0,59.15,0.0,AUTO_APPROVE,False
APP001357,APP000441,65.92,FUZZY,100.0,53.06,0.0,AUTO_APPROVE,False
APP001358,APP001604,58.31,FUZZY,48.65,63.29,75.0,AUTO_APPROVE,False
APP001359,APP006788,61.71,FUZZY,66.67,81.25,20.0,AUTO_APPROVE,False
APP001360,APP001761,58.86,FUZZY,87.5,37.04,20.0,AUTO_APPROVE,False
APP001361,APP006428,95.0,FUZZY,100.0,100.0,75.0,AUTO_REJECT,True
APP001362,APP004528,67.56,FUZZY,100.0,58.54,0.0,AUTO_APPROVE,False
APP001363,APP007975,59.67,FUZZY,53.33,60.0,75.0,AUTO_APPROVE,False
APP001364,APP008789,60.84,FUZZY,86.49,45.33,20.0,AUTO_APPROVE,False
APP001365,APP003398,100.0,EXACT_PAN,97.14,100.0,75.0,AUTO_REJECT,True
APP001366,APP005455,59.74,FUZZY,82.05,49.06,20.0,AUTO_APPROVE,False
APP001367,,0.0,NO_MATCH,0.0,0.0,0.0,AUTO_APPROVE,False
APP001368,APP004328,51.32,FUZZY,61.11,55.88,20.0,AUTO_APPROVE,False
APP001369,APP008573,60.44,FUZZY,60.47,50.7,75.0,AUTO_APPROVE,False
APP001370,APP004730,72.42,FUZZY,84.85,50.0,75.0,AUTO_APPROVE,False
APP001371,APP000698,65.32,FUZZY,100.0,51.06,0.0,AUTO_APPROVE,False
APP001372,APP007867,68.75,FUZZY,100.0,62.5,0.0,AUTO_APPROVE,False
APP001373,APP002466,100.0,EXACT_PAN,100.0,100.0,90.0,AUTO_REJECT,True
APP001374,APP007994,80.61,FUZZY,88.33,54.79,100.0,FLAG_FOR_REVIEW,True
APP001375,APP005133,97.0,EXACT_PHONE,100.0,100.0,75.0,AUTO_REJECT,True
APP001376,APP005248,69.25,FUZZY,56.25,87.1,75.0,AUTO_APPROVE,False
APP001377,APP000668,65.71,FUZZY,71.43,100.0,0.0,AUTO_APPROVE,False
APP001378,APP003113,61.65,FUZZY,85.71,49.32,20.0,AUTO_APPROVE,False
APP001379,APP007784,64.05,FUZZY,66.67,35.71,100.0,AUTO_APPROVE,False
APP001380,APP007602,58.95,FUZZY,78.79,51.85,20.0,AUTO_APPROVE,False
APP001381,APP008506,67.2,FUZZY,100.0,44.0,20.0,AUTO_APPROVE,False
APP001382,APP007078,68.13,FUZZY,77.78,47.46,75.0,AUTO_APPROVE,False
APP001383,APP003960,68.74,FUZZY,62.86,57.69,100.0,AUTO_APPROVE,False
APP001384,APP000919,67.56,FUZZY,91.67,72.41,0.0,AUTO_APPROVE,False
APP001385,APP005653,74.02,FUZZY,87.5,50.91,75.0,AUTO_APPROVE,False
APP001386,APP003196,59.5,FUZZY,85.0,43.33,20.0,AUTO_APPROVE,False
APP001387,APP002420,100.0,FUZZY,100.0,100.0,100.0,AUTO_REJECT,True
APP001388,APP005706,64.05,FUZZY,63.16,58.23,75.0,AUTO_APPROVE,False
APP001389,APP009441,68.16,FUZZY,100.0,60.53,0.0,AUTO_APPROVE,False
APP001390,APP003494,71.43,FUZZY,60.0,71.43,100.0,AUTO_APPROVE,False
APP001391,APP005985,62.8,FUZZY,100.0,42.67,0.0,AUTO_APPROVE,False
APP001392,APP009059,60.34,FUZZY,62.86,46.38,75.0,AUTO_APPROVE,False
APP001393,APP007134,79.78,FUZZY,82.35,78.69,75.0,AUTO_APPROVE,False
APP001394,APP009833,70.62,FUZZY,100.0,68.75,0.0,AUTO_APPROVE,False
APP001395,APP008875,100.0,FUZZY,100.0,100.0,100.0,AUTO_REJECT,True
APP001396,APP000695,59.06,FUZZY,62.86,42.11,75.0,AUTO_APPROVE,False
APP001397,APP002403,61.25,FUZZY,84.85,62.75,0.0,AUTO_APPROVE,False
APP001398,APP003984,62.58,FUZZY,62.86,53.85,75.0,AUTO_APPROVE,False
APP001399,APP006250,66.06,FUZZY,84.85,65.45,20.0,AUTO_APPROVE,False
APP001400,APP002687,56.35,FUZZY,64.71,66.67,20.0,AUTO_APPROVE,False
APP001401,APP003417,68.9,FUZZY,100.0,63.01,0.0,AUTO_APPROVE,False
APP001402,APP005612,64.06,FUZZY,100.0,46.88,0.0,AUTO_APPROVE,False
APP001403,APP000159,63.33,FUZZY,100.0,44.44,0.0,AUTO_APPROVE,False
APP001404,APP005732,65.0,FUZZY,100.0,50.0,0.0,AUTO_APPROVE,False
APP001405,APP000189,98.48,FUZZY,96.97,100.0,100.0,AUTO_REJECT,True
APP001406,APP002262,60.75,FUZZY,66.67,41.38,75.0,AUTO_APPROVE,False
APP001407,APP001766,64.29,FUZZY,57.14,52.38,100.0,AUTO_APPROVE,False
APP001408,APP009924,64.72,FUZZY,100.0,49.06,0.0,AUTO_APPROVE,False
APP001409,APP008254,71.06,FUZZY,85.71,44.0,75.0,AUTO_APPROVE,False
APP001410,APP002616,58.96,FUZZY,100.0,29.85,0.0,AUTO_APPROVE,False
APP001411,APP008728,63.99,FUZZY,78.79,32.0,75.0,AUTO_APPROVE,False
APP001412,APP008816,55.24,FUZZY,48.48,36.67,100.0,AUTO_APPROVE,False
APP001413,APP001834,70.5,FUZZY,85.0,80.0,20.0,AUTO_APPROVE,False
APP001414,APP001049,59.31,FUZZY,63.16,42.42,75.0,AUTO_APPROVE,False
APP001415,APP001371,64.89,FUZZY,66.67,55.17,75.0,AUTO_APPROVE,False
APP001416,APP000584,97.06,FUZZY,94.12,100.0,100.0,AUTO_REJECT,True
APP001417,APP003317,71.84,FUZZY,80.0,56.14,75.0,AUTO_APPROVE,False
APP001418,APP008641,55.31,FUZZY,82.35,33.77,20.0,AUTO_APPROVE,False
APP001419,,0.0,NO_MATCH,0.0,0.0,0.0,AUTO_APPROVE,False
APP001420,APP001774,61.51,FUZZY,100.0,38.36,0.0,AUTO_APPROVE,False
APP001421,APP002774,61.82,FUZZY,100.0,39.39,0.0,AUTO_APPROVE,False
APP001422,APP006164,59.35,FUZZY,75.86,58.06,20.0,AUTO_APPROVE,False
APP001423,APP002291,65.74,FUZZY,100.0,39.13,20.0,AUTO_APPROVE,False
APP001424,APP008711,62.68,FUZZY,81.08,60.47,20.0,AUTO_APPROVE,False
APP001425,APP008799,61.4,FUZZY,63.16,32.73,100.0,AUTO_APPROVE,False
APP001426,APP007318,64.74,FUZZY,100.0,49.12,0.0,AUTO_APPROVE,False
APP001427,APP006540,63.03,FUZZY,61.54,57.53,75.0,AUTO_APPROVE,False
APP001428,APP005391,65.21,FUZZY,58.54,53.12,100.0,AUTO_APPROVE,False
APP001429,APP001572,61.29,FUZZY,72.22,70.59,20.0,AUTO_APPROVE,False
APP001430,APP002855,67.42,FUZZY,100.0,58.06,0.0,AUTO_APPROVE,False
APP001431,APP002492,62.91,FUZZY,100.0,43.04,0.0,AUTO_APPROVE,False
APP001432,APP004578,59.58,FUZZY,70.59,67.61,20.0,AUTO_APPROVE,False
APP001433,APP008253,59.73,FUZZY,48.48,51.61,100.0,AUTO_APPROVE,False
APP001434,APP004367,65.01,FUZZY,75.68,40.58,75.0,AUTO_APPROVE,False
APP001435,APP002852,64.64,FUZZY,57.89,68.97,75.0,AUTO_APPROVE,False
APP001436,APP008704,61.38,FUZZY,66.67,43.48,75.0,AUTO_APPROVE,False
APP001437,APP008646,50.25,FUZZY,62.5,50.0,20.0,AUTO_APPROVE,False
APP001438,APP007500,58.62,FUZZY,70.59,64.41,20.0,AUTO_APPROVE,False
APP001439,APP001487,63.24,FUZZY,100.0,44.12,0.0,AUTO_APPROVE,False
APP001440,APP009860,100.0,FUZZY,100.0,100.0,100.0,AUTO_REJECT,True
APP001441,APP007095,67.01,FUZZY,100.0,56.72,0.0,AUTO_APPROVE,False
APP001442,APP009336,100.0,EXACT_PAN,96.0,100.0,100.0,AUTO_REJECT,True
APP001443,APP004032,77.58,FUZZY,100.0,41.94,75.0,AUTO_APPROVE,True
APP001444,APP006355,61.43,FUZZY,100.0,38.1,0.0,AUTO_APPROVE,False
APP001445,APP003683,66.36,FUZZY,100.0,54.55,0.0,AUTO_APPROVE,False
APP001446,APP002385,60.11,FUZZY,54.05,60.27,75.0,AUTO_APPROVE,False
APP001447,APP004270,68.65,FUZZY,100.0,62.16,0.0,AUTO_APPROVE,False
APP001448,APP007647,59.58,FUZZY,68.29,34.78,75.0,AUTO_APPROVE,False
APP001449,APP003981,72.82,FUZZY,82.76,54.79,75.0,AUTO_APPROVE,False
APP001450,APP007116,100.0,EXACT_PAN,97.44,100.0,75.0,AUTO_REJECT,True
APP001451,APP008282,71.05,FUZZY,100.0,70.18,0.0,AUTO_APPROVE,False
APP001452,APP008817,69.09,FUZZY,100.0,63.64,0.0,AUTO_APPROVE,False
APP001453,APP007790,66.18,FUZZY,82.35,33.33,75.0,AUTO_APPROVE,False
APP001454,APP005288,56.62,FUZZY,78.57,44.44,20.0,AUTO_APPROVE,False
APP001455,APP001319,61.58,FUZZY,63.16,100.0,0.0,AUTO_APPROVE,False
APP001456,APP003026,55.47,FUZZY,68.42,57.53,20.0,AUTO_APPROVE,False
APP001457,APP002060,72.46,FUZZY,68.97,76.6,75.0,AUTO_APPROVE,False
APP001458,APP000059,58.58,FUZZY,63.16,40.0,75.0,AUTO_APPROVE,False
APP001459,APP005634,63.57,FUZZY,66.67,50.79,75.0,AUTO_APPROVE,False
APP001460,APP008480,63.43,FUZZY,100.0,44.78,0.0,AUTO_APPROVE,False
APP001461,APP003077,66.84,FUZZY,73.68,100.0,0.0,AUTO_APPROVE,False
APP001462,APP005696,97.0,EXACT_PHONE,95.0,100.0,75.0,AUTO_REJECT,True
APP001463,APP009223,67.5,FUZZY,75.0,100.0,0.0,AUTO_APPROVE,False
APP001464,APP004537,63.33,FUZZY,66.67,100.0,0.0,AUTO_APPROVE,False
APP001465,APP006035,63.68,FUZZY,100.0,45.61,0.0,AUTO_APPROVE,False
APP001466,APP000851,97.0,EXACT_PHONE,96.97,100.0,75.0,AUTO_REJECT,True
APP001467,APP007979,66.83,FUZZY,85.0,31.11,75.0,AUTO_APPROVE,False
APP001468,APP007650,62.41,FUZZY,100.0,41.38,0.0,AUTO_APPROVE,False
APP001469,APP006871,57.96,FUZZY,66.67,68.75,20.0,AUTO_APPROVE,False
APP001470,APP006660,69.64,FUZZY,64.71,74.29,75.0,AUTO_APPROVE,False
APP001471,APP008727,54.93,FUZZY,78.57,38.81,20.0,AUTO_APPROVE,False
APP001472,APP002477,67.67,FUZZY,83.33,36.67,75.0,AUTO_APPROVE,False
APP001473,APP009907,59.72,FUZZY,81.25,63.64,0.0,AUTO_APPROVE,False
APP001474,APP002943,62.93,FUZZY,90.32,45.9,20.0,AUTO_APPROVE,False
APP001475,APP002299,65.51,FUZZY,60.61,50.7,100.0,AUTO_APPROVE,False
APP001476,APP006787,54.8,FUZZY,66.67,58.23,20.0,AUTO_APPROVE,False
APP001477,APP006297,63.03,FUZZY,62.86,92.0,20.0,AUTO_APPROVE,False
APP001478,APP000732,69.73,FUZZY,100.0,65.75,0.0,AUTO_APPROVE,False
APP001479,APP001933,100.0,FUZZY,100.0,100.0,100.0,AUTO_REJECT,True
APP001480,APP009536,67.5,FUZZY,76.92,46.81,75.0,AUTO_APPROVE,False
APP001481,APP005753,73.3,FUZZY,83.87,54.55,75.0,AUTO_APPROVE,False
APP001482,APP006189,58.92,FUZZY,84.62,55.38,0.0,AUTO_APPROVE,False
APP001483,APP009780,65.62,FUZZY,100.0,52.05,0.0,AUTO_APPROVE,False
APP001484,APP002885,80.76,FUZZY,78.57,88.24,75.0,FLAG_FOR_REVIEW,False
APP001485,APP009739,55.84,FUZZY,58.82,38.1,75.0,AUTO_APPROVE,False
APP001486,APP007615,59.62,FUZZY,82.76,47.46,20.0,AUTO_APPROVE,False
APP001487,APP001439,63.24,FUZZY,100.0,44.12,0.0,AUTO_APPROVE,False
APP001488,APP003541,54.75,FUZZY,62.5,65.0,20.0,AUTO_APPROVE,False
APP001489,APP000682,65.62,FUZZY,100.0,52.05,0.0,AUTO_APPROVE,False
APP001490,APP006483,58.03,FUZZY,80.0,46.75,20.0,AUTO_APPROVE,False
APP001491,APP008155,50.61,FUZZY,70.0,38.71,20.0,AUTO_APPROVE,False
APP001492,APP006808,72.7,FUZZY,100.0,75.68,0.0,AUTO_APPROVE,False
APP001493,APP003906,68.17,FUZZY,72.73,92.68,20.0,AUTO_APPROVE,False
APP001494,APP005603,66.82,FUZZY,82.35,35.48,75.0,AUTO_APPROVE,False
APP001495,APP003964,83.33,FUZZY,100.0,44.44,100.0,FLAG_FOR_REVIEW,True
APP001496,APP006081,58.17,FUZZY,48.48,46.43,100.0,AUTO_APPROVE,False
APP001497,APP006715,52.23,FUZZY,62.5,56.6,20.0,AUTO_APPROVE,False
APP001498,APP006337,59.86,FUZZY,68.42,35.48,75.0,AUTO_APPROVE,False
APP001499,APP008757,54.03,FUZZY,56.25,36.36,75.0,AUTO_APPROVE,False
APP001500,APP006354,100.0,EXACT_PAN,96.3,100.0,75.0,AUTO_REJECT,True
APP001501,APP000540,55.39,FUZZY,57.14,39.39,75.0,AUTO_APPROVE,False
APP001502,APP006759,66.58,FUZZY,100.0,55.26,0.0,AUTO_APPROVE,False
APP001503,APP001080,54.66,FUZZY,64.52,61.33,20.0,AUTO_APPROVE,False
APP001504,APP007402,72.92,FUZZY,87.18,47.76,75.0,AUTO_APPROVE,False
APP001505,APP007145,60.36,FUZZY,52.94,62.96,75.0,AUTO_APPROVE,False
APP001506,APP000491,69.71,FUZZY,80.0,85.71,20.0,AUTO_APPROVE,False
APP001507,APP008884,60.16,FUZZY,77.78,57.58,20.0,AUTO_APPROVE,False
APP001508,APP005786,61.19,FUZZY,55.17,45.33,100.0,AUTO_APPROVE,False
APP001509,APP006998,86.8,FUZZY,100.0,56.0,100.0,FLAG_FOR_REVIEW,True
APP001510,APP002632,66.18,FUZZY,81.25,85.19,0.0,AUTO_APPROVE,False
APP001511,APP005633,58.69,FUZZY,54.05,55.56,75.0,AUTO_APPROVE,False
APP001512,APP001101,63.22,FUZZY,85.71,54.55,20.0,AUTO_APPROVE,False
APP001513,APP006960,56.59,FUZZY,75.68,49.18,20.0,AUTO_APPROVE,False
APP001514,APP001737,65.27,FUZZY,64.86,59.46,75.0,AUTO_APPROVE,False
APP001515,APP001335,77.28,FUZZY,86.67,63.16,75.0,AUTO_APPROVE,False
APP001516,APP006393,65.0,FUZZY,100.0,50.0,0.0,AUTO_APPROVE,False
APP001517,APP000615,61.83,FUZZY,100.0,39.44,0.0,AUTO_APPROVE,False
APP001518,APP008025,60.81,FUZZY,51.61,66.67,75.0,AUTO_APPROVE,False
APP001519,APP004941,63.44,FUZZY,64.0,54.79,75.0,AUTO_APPROVE,False
APP001520,APP002557,100.0,EXACT_PAN,100.0,100.0,75.0,AUTO_REJECT,True
APP001521,APP005171,65.38,FUZZY,100.0,51.28,0.0,AUTO_APPROVE,False
APP001522,APP005317,64.44,FUZZY,100.0,48.15,0.0,AUTO_APPROVE,False
APP001523,APP003403,64.38,FUZZY,65.0,56.25,75.0,AUTO_APPROVE,False
APP001524,APP003493,60.03,FUZZY,87.18,54.79,0.0,AUTO_APPROVE,False
APP001525,APP007228,92.83,FUZZY,95.65,100.0,75.0,AUTO_REJECT,True
APP001526,APP005319,74.84,FUZZY,73.68,66.67,90.0,AUTO_APPROVE,False
APP001527,APP005989,62.33,FUZZY,63.16,35.82,100.0,AUTO_APPROVE,False
APP001528,APP007242,61.33,FUZZY,91.89,37.93,20.0,AUTO_APPROVE,False
APP001529,APP008710,60.24,FUZZY,84.85,59.38,0.0,AUTO_APPROVE,False
APP001530,APP001675,100.0,EXACT_PAN,100.0,100.0,100.0,AUTO_REJECT,True
APP001531,APP007373,76.78,FUZZY,76.19,78.95,75.0,AUTO_APPROVE,False
APP001532,APP006995,58.82,FUZZY,100.0,29.41,0.0,AUTO_APPROVE,False
APP001533,APP005886,69.09,FUZZY,100.0,63.64,0.0,AUTO_APPROVE,False
APP001534,APP002976,70.03,FUZZY,84.21,43.08,75.0,AUTO_APPROVE,False
APP001535,APP000103,67.26,FUZZY,100.0,57.53,0.0,AUTO_APPROVE,False
APP001536,APP000559,69.09,FUZZY,100.0,63.64,0.0,AUTO_APPROVE,False
APP001537,APP001557,57.45,FUZZY,77.42,49.12,20.0,AUTO_APPROVE,False
APP001538,APP001667,76.14,FUZZY,88.24,56.76,75.0,AUTO_APPROVE,False
APP001539,APP004099,54.52,FUZZY,50.0,48.39,75.0,AUTO_APPROVE,False
APP001540,APP001864,64.29,FUZZY,100.0,47.62,0.0,AUTO_APPROVE,False
APP001541,APP007944,57.47,FUZZY,60.61,40.54,75.0,AUTO_APPROVE,False
APP001542,APP006752,62.62,FUZZY,70.59,41.1,75.0,AUTO_APPROVE,False
APP001543,APP000221,65.53,FUZZY,63.16,63.16,75.0,AUTO_APPROVE,False
APP001544,APP005965,60.59,FUZZY,100.0,35.29,0.0,AUTO_APPROVE,False
APP001545,APP007425,53.41,FUZZY,70.59,47.06,20.0,AUTO_APPROVE,False
APP001546,APP007565,65.21,FUZZY,100.0,50.7,0.0,AUTO_APPROVE,False
APP001547,APP009595,58.08,FUZZY,83.33,41.38,20.0,AUTO_APPROVE,False
APP001548,APP005830,98.39,FUZZY,96.77,100.0,100.0,AUTO_REJECT,True
APP001549,APP009891,100.0,EXACT_PAN,95.0,100.0,75.0,AUTO_REJECT,True
APP001550,APP002903,60.83,FUZZY,100.0,36.11,0.0,AUTO_APPROVE,False
APP001551,APP003685,68.67,FUZZY,81.08,43.75,75.0,AUTO_APPROVE,False
APP001552,APP000662,64.8,FUZZY,66.67,38.24,100.0,AUTO_APPROVE,False
APP001553,APP002131,100.0,FUZZY,100.0,100.0,100.0,AUTO_REJECT,True
APP001554,APP000220,56.29,FUZZY,48.0,57.63,75.0,AUTO_APPROVE,False
APP001555,APP008680,66.92,FUZZY,100.0,43.08,20.0,AUTO_APPROVE,False
APP001556,APP001051,64.52,FUZZY,83.33,62.86,20.0,AUTO_APPROVE,False
APP001557,APP001537,57.45,FUZZY,77.42,49.12,20.0,AUTO_APPROVE,False
APP001558,APP001156,63.47,FUZZY,100.0,44.9,0.0,AUTO_APPROVE,False
APP001559,APP009291,70.0,FUZZY,100.0,66.67,0.0,AUTO_APPROVE,False
APP001560,APP001389,64.12,FUZZY,100.0,47.06,0.0,AUTO_APPROVE,False
APP001561,APP006253,66.3,FUZZY,64.71,63.16,75.0,AUTO_APPROVE,False
APP001562,APP006670,63.24,FUZZY,100.0,44.12,0.0,AUTO_APPROVE,False
APP001563,APP005001,97.0,EXACT_PHONE,96.97,100.0,90.0,AUTO_REJECT,True
APP001564,,0.0,NO_MATCH,0.0,0.0,0.0,AUTO_APPROVE,False
APP001565,APP006026,56.98,FUZZY,47.06,44.83,100.0,AUTO_APPROVE,False
APP001566,APP008051,69.06,FUZZY,73.33,57.97,75.0,AUTO_APPROVE,False
APP001567,APP001066,55.69,FUZZY,83.33,46.75,0.0,AUTO_APPROVE,False
APP001568,APP005860,62.54,FUZZY,100.0,41.79,0.0,AUTO_APPROVE,False
APP001569,APP003665,79.11,FUZZY,81.48,61.22,100.0,AUTO_APPROVE,False
APP001570,APP003629,62.0,FUZZY,80.0,60.0,20.0,AUTO_APPROVE,False
APP001571,APP001585,70.89,FUZZY,84.21,45.95,75.0,AUTO_APPROVE,False
APP001572,APP001429,61.29,FUZZY,72.22,70.59,20.0,AUTO_APPROVE,False
APP001573,APP004336,100.0,EXACT_PAN,96.77,100.0,75.0,AUTO_REJECT,True
APP001574,APP003961,64.25,FUZZY,85.71,57.97,20.0,AUTO_APPROVE,False
APP001575,APP000299,62.19,FUZZY,95.0,48.98,0.0,AUTO_APPROVE,False
APP001576,APP005631,70.42,FUZZY,84.85,80.0,20.0,AUTO_APPROVE,False
APP001577,APP003862,64.12,FUZZY,100.0,47.06,0.0,AUTO_APPROVE,False
APP001578,APP004179,58.44,FUZZY,100.0,28.12,0.0,AUTO_APPROVE,False
APP001579,APP005758,51.47,FUZZY,78.57,27.27,20.0,AUTO_APPROVE,False
APP001580,APP002014,63.7,FUZZY,58.82,64.29,75.0,AUTO_APPROVE,False
APP001581,APP004072,68.18,FUZZY,100.0,60.61,0.0,AUTO_APPROVE,False
APP001582,APP003741,52.14,FUZZY,52.94,72.22,20.0,AUTO_APPROVE,False
APP001583,APP004699,56.84,FUZZY,55.56,46.88,75.0,AUTO_APPROVE,False
APP001584,APP000961,63.85,FUZZY,84.21,59.15,20.0,AUTO_APPROVE,False
APP001585,APP001571,70.89,FUZZY,84.21,45.95,75.0,AUTO_APPROVE,False
APP001586,APP008313,66.8,FUZZY,100.0,56.0,0.0,AUTO_APPROVE,False
APP001587,APP004624,65.0,FUZZY,100.0,50.0,0.0,AUTO_APPROVE,False
APP001588,,0.0,NO_MATCH,0.0,0.0,0.0,AUTO_APPROVE,False
APP001589,APP004338,62.68,FUZZY,100.0,42.25,0.0,AUTO_APPROVE,False
APP001590,APP008903,100.0,EXACT_PAN,97.14,100.0,100.0,AUTO_REJECT,True
APP001591,APP003091,71.81,FUZZY,100.0,59.38,20.0,AUTO_APPROVE,False
APP001592,APP002044,100.0,FUZZY,100.0,100.0,100.0,AUTO_REJECT,True
APP001593,APP005717,58.47,FUZZY,58.82,46.88,75.0,AUTO_APPROVE,False
APP001594,APP007021,60.34,FUZZY,100.0,34.48,0.0,AUTO_APPROVE,False
APP001595,APP001935,58.97,FUZZY,50.0,46.58,100.0,AUTO_APPROVE,False
APP001596,APP007437,70.0,FUZZY,100.0,66.67,0.0,AUTO_APPROVE,False
APP001597,APP003193,61.99,FUZZY,27.03,94.92,100.0,AUTO_APPROVE,False
APP001598,APP004486,63.09,FUZZY,60.61,42.62,100.0,AUTO_APPROVE,False
APP001599,APP002800,100.0,FUZZY,100.0,100.0,100.0,AUTO_REJECT,True
APP001600,APP005969,70.27,FUZZY,100.0,67.57,0.0,AUTO_APPROVE,False
APP001601,APP003844,65.19,FUZZY,100.0,37.29,20.0,AUTO_APPROVE,False
APP001602,APP007133,64.4,FUZZY,100.0,48.0,0.0,AUTO_APPROVE,False
APP001603,APP007484,100.0,EXACT_PAN,95.24,100.0,100.0,AUTO_REJECT,True
APP001604,APP000172,61.82,FUZZY,100.0,39.39,0.0,AUTO_APPROVE,False
APP001605,APP007939,61.14,FUZZY,100.0,37.14,0.0,AUTO_APPROVE,False
APP001606,APP000828,61.19,FUZZY,100.0,37.29,0.0,AUTO_APPROVE,False
APP001607,APP009010,54.46,FUZZY,68.42,54.17,20.0,AUTO_APPROVE,False
APP001608,APP008340,53.48,FUZZY,60.0,64.94,20.0,AUTO_APPROVE,False
APP001609,APP003280,68.26,FUZZY,100.0,60.87,0.0,AUTO_APPROVE,False
APP001610,APP005662,58.23,FUZZY,59.26,45.33,75.0,AUTO_APPROVE,False
APP001611,APP009492,64.27,FUZZY,56.0,70.89,75.0,AUTO_APPROVE,False
APP001612,APP008423,65.48,FUZZY,66.67,57.14,75.0,AUTO_APPROVE,False
APP001613,APP006742,62.86,FUZZY,75.86,69.77,20.0,AUTO_APPROVE,False
APP001614,APP001624,65.0,FUZZY,100.0,50.0,0.0,AUTO_APPROVE,False
APP001615,APP005556,66.22,FUZZY,100.0,54.05,0.0,AUTO_APPROVE,False
APP001616,APP003028,56.55,FUZZY,72.73,53.97,20.0,AUTO_APPROVE,False
APP001617,APP006545,74.56,FUZZY,84.21,58.18,75.0,AUTO_APPROVE,False
APP001618,APP005333,65.65,FUZZY,76.92,40.62,75.0,AUTO_APPROVE,False
APP001619,APP003547,56.98,FUZZY,53.33,34.38,100.0,AUTO_APPROVE,False
APP001620,APP002636,53.38,FUZZY,51.85,41.51,75.0,AUTO_APPROVE,False
APP001621,APP005446,63.85,FUZZY,100.0,46.15,0.0,AUTO_APPROVE,False
APP001622,,0.0,NO_MATCH,0.0,0.0,0.0,AUTO_APPROVE,False
APP001623,APP002023,66.0,FUZZY,100.0,40.0,20.0,AUTO_APPROVE,False
APP001624,APP001614,65.0,FUZZY,100.0,50.0,0.0,AUTO_APPROVE,False
APP001625,APP000842,65.56,FUZZY,64.86,43.75,100.0,AUTO_APPROVE,False
APP001626,APP001557,54.71,FUZZY,62.86,64.29,20.0,AUTO_APPROVE,False
APP001627,APP004924,96.88,FUZZY,93.75,100.0,100.0,AUTO_REJECT,True
APP001628,APP000328,60.91,FUZZY,100.0,36.36,0.0,AUTO_APPROVE,False
APP001629,APP006339,100.0,EXACT_PAN,95.24,100.0,100.0,AUTO_REJECT,True
APP001630,APP002327,54.57,FUZZY,80.0,48.57,0.0,AUTO_APPROVE,False
APP001631,APP004689,63.14,FUZZY,62.86,55.7,75.0,AUTO_APPROVE,False
APP001632,APP006065,92.06,FUZZY,94.12,100.0,75.0,AUTO_REJECT,True
APP001633,APP002356,59.29,FUZZY,62.86,42.86,75.0,AUTO_APPROVE,False
APP001634,APP007184,69.43,FUZZY,64.29,74.29,75.0,AUTO_APPROVE,False
APP001635,APP007521,65.0,FUZZY,70.0,100.0,0.0,AUTO_APPROVE,False
APP001636,APP009329,62.86,FUZZY,100.0,42.86,0.0,AUTO_APPROVE,False
APP001637,APP000067,100.0,EXACT_PAN,94.74,100.0,75.0,AUTO_REJECT,True
APP001638,APP002338,55.31,FUZZY,81.25,35.62,20.0,AUTO_APPROVE,False
APP001639,APP002458,57.78,FUZZY,81.25,43.84,20.0,AUTO_APPROVE,False
APP001640,APP008414,100.0,EXACT_PAN,96.55,100.0,75.0,AUTO_REJECT,True
APP001641,APP006188,100.0,EXACT_PAN,97.56,100.0,100.0,AUTO_REJECT,True
APP001642,APP000763,57.92,FUZZY,78.26,49.32,20.0,AUTO_APPROVE,False
APP001643,APP000022,51.98,FUZZY,75.0,48.28,0.0,AUTO_APPROVE,False
APP001644,APP000914,65.34,FUZZY,62.5,63.64,75.0,AUTO_APPROVE,False
APP001645,APP002297,54.28,FUZZY,74.07,44.16,20.0,AUTO_APPROVE,False
APP001646,APP009564,60.19,FUZZY,80.0,53.97,20.0,AUTO_APPROVE,False
APP001647,APP004877,100.0,FUZZY,100.0,100.0,100.0,AUTO_REJECT,True
APP001648,APP004890,66.59,FUZZY,72.73,50.75,75.0,AUTO_APPROVE,False
APP001649,APP005815,54.63,FUZZY,54.55,41.18,75.0,AUTO_APPROVE,False
APP001650,APP006405,70.22,FUZZY,100.0,54.05,20.0,AUTO_APPROVE,False
APP001651,APP002463,60.59,FUZZY,100.0,35.29,0.0,AUTO_APPROVE,False
APP001652,APP006819,69.35,FUZZY,100.0,51.16,20.0,AUTO_APPROVE,False
APP001653,APP003710,98.78,FUZZY,97.56,100.0,100.0,AUTO_REJECT,True
APP001654,APP007339,65.28,FUZZY,83.33,65.38,20.0,AUTO_APPROVE,False
APP001655,APP004947,64.55,FUZZY,100.0,48.48,0.0,AUTO_APPROVE,False
APP001656,APP000995,66.61,FUZZY,62.5,67.86,75.0,AUTO_APPROVE,False
APP001657,APP008272,68.95,FUZZY,100.0,63.16,0.0,AUTO_APPROVE,False
APP001658,APP000487,59.27,FUZZY,83.33,45.33,20.0,AUTO_APPROVE,False
APP001659,APP002790,55.48,FUZZY,84.85,30.19,20.0,AUTO_APPROVE,False
APP001660,APP007340,63.33,FUZZY,66.67,100.0,0.0,AUTO_APPROVE,False
APP001661,APP004710,69.23,FUZZY,100.0,64.1,0.0,AUTO_APPROVE,False
APP001662,APP007408,100.0,FUZZY,100.0,100.0,100.0,AUTO_REJECT,True
APP001663,APP001286,54.06,FUZZY,54.55,39.29,75.0,AUTO_APPROVE,False
APP001664,APP006719,59.48,FUZZY,69.23,69.57,20.0,AUTO_APPROVE,False
APP001665,APP000688,59.33,FUZZY,43.24,59.02,100.0,AUTO_APPROVE,False
APP001666,APP006875,97.0,EXACT_PHONE,97.14,100.0,100.0,AUTO_REJECT,True
APP001667,APP001538,76.14,FUZZY,88.24,56.76,75.0,AUTO_APPROVE,False
APP001668,APP001761,55.88,FUZZY,68.75,58.33,20.0,AUTO_APPROVE,False
APP001669,APP005730,70.93,FUZZY,100.0,69.77,0.0,AUTO_APPROVE,False
APP001670,APP007241,67.37,FUZZY,100.0,57.89,0.0,AUTO_APPROVE,False
APP001671,APP009089,67.1,FUZZY,83.33,34.78,75.0,AUTO_APPROVE,False
APP001672,APP004646,59.57,FUZZY,100.0,31.88,0.0,AUTO_APPROVE,False
APP001673,APP002712,98.39,FUZZY,96.77,100.0,100.0,AUTO_REJECT,True
APP001674,APP005614,54.22,FUZZY,60.61,29.73,75.0,AUTO_APPROVE,False
APP001675,APP001530,100.0,EXACT_PAN,100.0,100.0,100.0,AUTO_REJECT,True
APP001676,APP002430,65.88,FUZZY,100.0,52.94,0.0,AUTO_APPROVE,False
APP001677,APP002140,64.4,FUZZY,70.0,48.0,75.0,AUTO_APPROVE,False
APP001678,APP006297,64.92,FUZZY,60.61,65.38,75.0,AUTO_APPROVE,False
APP001679,APP008658,61.49,FUZZY,60.87,53.52,75.0,AUTO_APPROVE,False
APP001680,APP004040,67.98,FUZZY,85.0,34.92,75.0,AUTO_APPROVE,False
APP001681,APP005022,92.22,FUZZY,94.44,100.0,75.0,AUTO_REJECT,True
APP001682,APP009315,67.01,FUZZY,100.0,56.72,0.0,AUTO_APPROVE,False
APP001683,APP001128,68.59,FUZZY,70.0,61.97,75.0,AUTO_APPROVE,False
APP001684,APP008477,53.39,FUZZY,51.43,42.25,75.0,AUTO_APPROVE,False
APP001685,APP000410,61.88,FUZZY,50.0,56.25,100.0,AUTO_APPROVE,False
APP001686,APP002929,60.53,FUZZY,40.0,68.42,100.0,AUTO_APPROVE,False
APP001687,APP004062,58.21,FUZZY,38.71,62.86,100.0,AUTO_APPROVE,False
APP001688,APP008584,66.46,FUZZY,94.12,51.35,20.0,AUTO_APPROVE,False
APP001689,APP003277,53.86,FUZZY,66.67,68.42,0.0,AUTO_APPROVE,False
APP001690,APP001180,100.0,EXACT_PAN,97.14,100.0,90.0,AUTO_REJECT,True
APP001691,APP008541,66.36,FUZZY,100.0,54.55,0.0,AUTO_APPROVE,False
APP001692,APP004180,64.72,FUZZY,100.0,49.06,0.0,AUTO_APPROVE,False
APP001693,APP007424,65.67,FUZZY,80.0,72.22,20.0,AUTO_APPROVE,False
APP001694,APP009945,63.33,FUZZY,66.67,50.0,75.0,AUTO_APPROVE,False
APP001695,APP003515,61.38,FUZZY,100.0,37.93,0.0,AUTO_APPROVE,False
APP001696,APP001310,64.78,FUZZY,69.57,100.0,0.0,AUTO_APPROVE,False
APP001697,APP003730,62.79,FUZZY,92.31,42.11,20.0,AUTO_APPROVE,False
APP001698,APP005093,67.0,FUZZY,100.0,56.67,0.0,AUTO_APPROVE,False
APP001699,APP003273,59.09,FUZZY,100.0,30.3,0.0,AUTO_APPROVE,False
APP001700,APP007450,61.61,FUZZY,60.0,38.71,100.0,AUTO_APPROVE,False
APP001701,APP009985,92.83,FUZZY,95.65,100.0,75.0,AUTO_REJECT,True
APP001702,APP009451,100.0,FUZZY,100.0,100.0,100.0,AUTO_REJECT,True
APP001703,APP006852,52.97,FUZZY,44.44,35.82,100.0,AUTO_APPROVE,False
APP001704,APP006339,63.0,FUZZY,100.0,43.33,0.0,AUTO_APPROVE,False
APP001705,APP009920,61.88,FUZZY,88.89,44.78,20.0,AUTO_APPROVE,False
APP001706,APP001343,61.61,FUZZY,100.0,38.71,0.0,AUTO_APPROVE,False
APP001707,APP001656,55.49,FUZZY,45.71,42.11,100.0,AUTO_APPROVE,False
APP001708,APP003148,97.0,EXACT_PHONE,97.14,100.0,100.0,AUTO_REJECT,True
APP001709,APP002185,98.0,FUZZY,100.0,100.0,90.0,AUTO_REJECT,True
APP001710,APP004702,60.82,FUZZY,100.0,36.07,0.0,AUTO_APPROVE,False
APP001711,APP002101,56.63,FUZZY,80.0,42.11,20.0,AUTO_APPROVE,False
APP001712,APP002537,56.25,FUZZY,62.5,33.33,75.0,AUTO_APPROVE,False
APP001713,APP007820,62.68,FUZZY,100.0,42.25,0.0,AUTO_APPROVE,False
APP001714,APP008248,55.17,FUZZY,66.67,59.46,20.0,AUTO_APPROVE,False
APP001715,APP008787,66.36,FUZZY,100.0,54.55,0.0,AUTO_APPROVE,False
APP001716,APP008602,64.51,FUZZY,84.85,60.27,20.0,AUTO_APPROVE,False
APP001717,APP008124,60.15,FUZZY,100.0,33.85,0.0,AUTO_APPROVE,False
APP001718,APP008298,62.5,FUZZY,100.0,41.67,0.0,AUTO_APPROVE,False
APP001719,APP004867,60.75,FUZZY,100.0,35.82,0.0,AUTO_APPROVE,False
APP001720,APP003720,67.18,FUZZY,82.35,36.67,75.0,AUTO_APPROVE,False
APP001721,APP009042,54.28,FUZZY,27.59,68.29,100.0,AUTO_APPROVE,False
APP001722,APP008798,94.17,FUZZY,88.33,100.0,100.0,AUTO_REJECT,True
APP001723,APP006470,59.45,FUZZY,77.42,55.81,20.0,AUTO_APPROVE,False
APP001724,APP009358,61.62,FUZZY,94.62,34.38,20.0,AUTO_APPROVE,False
APP001725,APP006886,59.55,FUZZY,87.5,39.34,20.0,AUTO_APPROVE,False
APP001726,APP006973,74.23,FUZZY,80.95,62.5,75.0,AUTO_APPROVE,False
APP001727,APP003175,71.92,FUZZY,100.0,73.08,0.0,AUTO_APPROVE,False
APP001728,APP006358,73.59,FUZZY,87.18,50.0,75.0,AUTO_APPROVE,False
APP001729,APP008362,67.75,FUZZY,100.0,59.15,0.0,AUTO_APPROVE,False
APP001730,APP000593,98.72,FUZZY,97.44,100.0,100.0,AUTO_REJECT,True
APP001731,APP002103,63.13,FUZZY,58.82,45.71,100.0,AUTO_APPROVE,False
APP001732,APP005803,65.99,FUZZY,95.65,47.22,20.0,AUTO_APPROVE,False
APP001733,APP005978,63.33,FUZZY,66.67,100.0,0.0,AUTO_APPROVE,False
APP001734,APP000673,73.72,FUZZY,70.0,79.07,75.0,AUTO_APPROVE,False
APP001735,APP007883,65.27,FUZZY,100.0,50.91,0.0,AUTO_APPROVE,False
APP001736,APP006319,56.79,FUZZY,80.0,42.62,20.0,AUTO_APPROVE,False
APP001737,APP001514,65.27,FUZZY,64.86,59.46,75.0,AUTO_APPROVE,False
APP001738,APP005671,69.0,FUZZY,100.0,63.33,0.0,AUTO_APPROVE,False
APP001739,APP006416,62.81,FUZZY,58.82,61.33,75.0,AUTO_APPROVE,False
APP001740,APP007835,65.41,FUZZY,100.0,51.35,0.0,AUTO_APPROVE,False
APP001741,APP009019,59.46,FUZZY,57.89,51.72,75.0,AUTO_APPROVE,False
APP001742,APP007657,66.25,FUZZY,100.0,54.17,0.0,AUTO_APPROVE,False
APP001743,APP003443,96.82,FUZZY,93.64,100.0,100.0,AUTO_REJECT,True
APP001744,APP001816,59.13,FUZZY,100.0,30.43,0.0,AUTO_APPROVE,False
APP001745,APP002027,65.6,FUZZY,100.0,52.0,0.0,AUTO_APPROVE,False
APP001746,APP006906,57.94,FUZZY,64.71,35.29,75.0,AUTO_APPROVE,False
APP001747,APP001846,60.03,FUZZY,54.05,60.0,75.0,AUTO_APPROVE,False
APP001748,APP006921,61.82,FUZZY,100.0,39.39,0.0,AUTO_APPROVE,False
APP001749,APP008835,51.42,FUZZY,37.84,41.67,100.0,AUTO_APPROVE,False
APP001750,APP008588,61.54,FUZZY,100.0,38.46,0.0,AUTO_APPROVE,False
APP001751,APP009126,65.71,FUZZY,51.43,66.67,100.0,AUTO_APPROVE,False
APP001752,APP001531,68.1,FUZZY,76.19,100.0,0.0,AUTO_APPROVE,False
APP001753,APP002802,62.0,FUZZY,100.0,40.0,0.0,AUTO_APPROVE,False
APP001754,APP001654,59.34,FUZZY,61.11,45.95,75.0,AUTO_APPROVE,False
APP001755,APP000930,61.43,FUZZY,100.0,38.1,0.0,AUTO_APPROVE,False
APP001756,APP004369,54.27,FUZZY,70.0,50.91,20.0,AUTO_APPROVE,False
APP001757,APP005269,65.36,FUZZY,66.67,56.76,75.0,AUTO_APPROVE,False
APP001758,APP001407,62.69,FUZZY,56.25,65.22,75.0,AUTO_APPROVE,False
APP001759,APP004267,62.39,FUZZY,80.0,61.29,20.0,AUTO_APPROVE,False
APP001760,APP001266,100.0,EXACT_PAN,97.3,100.0,100.0,AUTO_REJECT,True
APP001761,APP001360,58.86,FUZZY,87.5,37.04,20.0,AUTO_APPROVE,False
APP001762,APP006820,62.0,FUZZY,64.0,100.0,0.0,AUTO_APPROVE,False
APP001763,APP007315,78.41,FUZZY,100.0,81.36,20.0,AUTO_APPROVE,False
APP001764,APP003637,92.06,FUZZY,94.12,100.0,75.0,AUTO_REJECT,True
APP001765,APP002359,60.59,FUZZY,63.64,45.9,75.0,AUTO_APPROVE,False
APP001766,APP001407,64.29,FUZZY,57.14,52.38,100.0,AUTO_APPROVE,False
APP001767,APP008880,62.57,FUZZY,66.67,47.46,75.0,AUTO_APPROVE,False
APP001768,APP009506,72.5,FUZZY,100.0,75.0,0.0,AUTO_APPROVE,False
APP001769,APP000601,100.0,FUZZY,100.0,100.0,100.0,AUTO_REJECT,True
APP001770,APP000019,100.0,EXACT_PAN,95.0,100.0,75.0,AUTO_REJECT,True
APP001771,APP002072,64.24,FUZZY,70.0,47.46,75.0,AUTO_APPROVE,False
APP001772,APP000991,52.44,FUZZY,70.59,43.84,20.0,AUTO_APPROVE,False
APP001773,APP000724,53.86,FUZZY,81.25,30.77,20.0,AUTO_APPROVE,False
APP001774,APP006229,97.0,EXACT_PHONE,100.0,100.0,75.0,AUTO_REJECT,True
APP001775,APP006825,63.86,FUZZY,100.0,32.88,20.0,AUTO_APPROVE,False
APP001776,APP009141,95.0,EXACT_EMAIL,100.0,32.84,0.0,AUTO_REJECT,False
APP001777,APP000300,63.15,FUZZY,100.0,43.84,0.0,AUTO_APPROVE,False
APP001778,APP007098,60.66,FUZZY,66.67,41.1,75.0,AUTO_APPROVE,False
APP001779,APP007650,63.76,FUZZY,80.95,64.29,20.0,AUTO_APPROVE,False
APP001780,APP005428,100.0,EXACT_PAN,94.74,100.0,100.0,AUTO_REJECT,True
APP001781,APP005199,55.38,FUZZY,64.71,63.41,20.0,AUTO_APPROVE,False
APP001782,APP008763,62.81,FUZZY,83.87,56.25,20.0,AUTO_APPROVE,False
APP001783,APP009394,55.78,FUZZY,55.56,43.33,75.0,AUTO_APPROVE,False
APP001784,APP009078,72.7,FUZZY,100.0,75.68,0.0,AUTO_APPROVE,False
APP001785,APP006284,67.55,FUZZY,100.0,45.16,20.0,AUTO_APPROVE,False
APP001786,APP005325,70.77,FUZZY,100.0,69.23,0.0,AUTO_APPROVE,False
APP001787,APP008789,69.41,FUZZY,100.0,64.71,0.0,AUTO_APPROVE,False
APP001788,APP003558,67.93,FUZZY,75.86,50.0,75.0,AUTO_APPROVE,False
APP001789,APP001570,58.82,FUZZY,100.0,29.41,0.0,AUTO_APPROVE,False
APP001790,APP008441,64.95,FUZZY,66.67,55.38,75.0,AUTO_APPROVE,False
APP001791,APP007110,66.62,FUZZY,100.0,55.38,0.0,AUTO_APPROVE,False
APP001792,APP004090,59.48,FUZZY,80.95,50.0,20.0,AUTO_APPROVE,False
APP001793,APP009278,97.37,FUZZY,94.74,100.0,100.0,AUTO_REJECT,True
APP001794,APP002468,60.0,FUZZY,100.0,33.33,0.0,AUTO_APPROVE,False
APP001795,APP007923,56.92,FUZZY,80.0,43.08,20.0,AUTO_APPROVE,False
APP001796,APP009753,100.0,EXACT_PAN,100.0,100.0,100.0,AUTO_REJECT,True
APP001797,APP006073,70.83,FUZZY,100.0,69.44,0.0,AUTO_APPROVE,False
APP001798,APP008948,98.48,FUZZY,96.97,100.0,100.0,AUTO_REJECT,True
APP001799,APP003998,90.45,FUZZY,90.91,100.0,75.0,FLAG_FOR_REVIEW,True
APP001800,APP008231,67.47,FUZZY,68.42,60.87,75.0,AUTO_APPROVE,False
APP001801,APP006797,98.57,FUZZY,97.14,100.0,100.0,AUTO_REJECT,True
APP001802,APP008082,100.0,FUZZY,100.0,100.0,100.0,AUTO_REJECT,True
APP001803,APP004631,57.95,FUZZY,68.75,28.57,75.0,AUTO_APPROVE,False
APP001804,APP002142,61.2,FUZZY,100.0,37.33,0.0,AUTO_APPROVE,False
APP001805,APP000828,67.68,FUZZY,82.76,37.68,75.0,AUTO_APPROVE,False
APP001806,APP008153,73.33,FUZZY,100.0,77.78,0.0,AUTO_APPROVE,False
APP001807,APP008649,100.0,EXACT_PAN,94.12,100.0,75.0,AUTO_REJECT,True
APP001808,APP007588,64.23,FUZZY,80.0,80.77,0.0,AUTO_APPROVE,False
APP001809,APP000969,61.66,FUZZY,87.5,46.38,20.0,AUTO_APPROVE,False
APP001810,APP001909,63.39,FUZZY,82.35,60.71,20.0,AUTO_APPROVE,False
APP001811,APP003703,69.0,FUZZY,78.57,49.06,75.0,AUTO_APPROVE,False
APP001812,APP002348,100.0,EXACT_PAN,100.0,100.0,100.0,AUTO_REJECT,True
APP001813,APP006797,69.5,FUZZY,100.0,65.0,0.0,AUTO_APPROVE,False
APP001814,APP009787,61.65,FUZZY,58.54,41.27,100.0,AUTO_APPROVE,False
APP001815,APP004851,63.91,FUZZY,100.0,46.38,0.0,AUTO_APPROVE,False
APP001816,APP001744,59.13,FUZZY,100.0,30.43,0.0,AUTO_APPROVE,False
APP001817,APP000998,70.84,FUZZY,83.87,46.34,75.0,AUTO_APPROVE,False
APP001818,APP005113,100.0,FUZZY,100.0,100.0,100.0,AUTO_REJECT,True
APP001819,APP007217,59.93,FUZZY,33.33,77.55,100.0,AUTO_APPROVE,False
APP001820,APP009895,67.39,FUZZY,100.0,57.97,0.0,AUTO_APPROVE,False
APP001821,APP009488,93.65,FUZZY,97.3,100.0,75.0,AUTO_REJECT,True
APP001822,APP009562,65.0,FUZZY,100.0,50.0,0.0,AUTO_APPROVE,False
APP001823,APP005329,98.72,FUZZY,97.44,100.0,100.0,AUTO_REJECT,True
APP001824,APP002700,60.49,FUZZY,55.81,41.94,100.0,AUTO_APPROVE,False
APP001825,APP005536,61.78,FUZZY,66.67,44.83,75.0,AUTO_APPROVE,False
APP001826,APP001221,100.0,EXACT_PAN,100.0,100.0,75.0,AUTO_REJECT,True
APP001827,APP003731,65.29,FUZZY,80.0,70.97,20.0,AUTO_APPROVE,False
APP001828,APP008884,100.0,FUZZY,100.0,100.0,100.0,AUTO_REJECT,True
APP001829,APP000026,62.68,FUZZY,69.77,42.67,75.0,AUTO_APPROVE,False
APP001830,APP007367,97.0,EXACT_PHONE,96.77,100.0,75.0,AUTO_REJECT,True
APP001831,APP004120,92.22,FUZZY,94.44,100.0,75.0,AUTO_REJECT,True
APP001832,APP000681,58.9,FUZZY,66.67,71.88,20.0,AUTO_APPROVE,False
APP001833,APP000420,72.7,FUZZY,100.0,75.68,0.0,AUTO_APPROVE,False
APP001834,APP001413,70.5,FUZZY,85.0,80.0,20.0,AUTO_APPROVE,False
APP001835,APP004634,62.33,FUZZY,100.0,41.1,0.0,AUTO_APPROVE,False
APP001836,APP000494,63.89,FUZZY,66.67,51.85,75.0,AUTO_APPROVE,False
APP001837,APP005812,63.85,FUZZY,100.0,46.15,0.0,AUTO_APPROVE,False
APP001838,APP007745,61.61,FUZZY,73.68,69.23,20.0,AUTO_APPROVE,False
APP001839,APP001064,62.8,FUZZY,64.29,52.17,75.0,AUTO_APPROVE,False
APP001840,APP009429,55.11,FUZZY,77.78,54.05,0.0,AUTO_APPROVE,False
APP001841,APP006261,63.65,FUZZY,54.05,55.42,100.0,AUTO_APPROVE,False
APP001842,APP003579,75.24,FUZZY,82.05,47.37,100.0,AUTO_APPROVE,False
APP001843,APP000836,70.36,FUZZY,80.0,87.88,20.0,AUTO_APPROVE,False
APP001844,APP008467,60.89,FUZZY,60.61,51.95,75.0,AUTO_APPROVE,False
APP001845,APP003571,62.22,FUZZY,54.05,50.63,100.0,AUTO_APPROVE,False
APP001846,APP007013,66.8,FUZZY,100.0,56.0,0.0,AUTO_APPROVE,False
APP001847,APP006320,61.14,FUZZY,100.0,37.14,0.0,AUTO_APPROVE,False
APP001848,APP006326,62.19,FUZZY,78.57,63.01,20.0,AUTO_APPROVE,False
APP001849,APP008677,91.51,FUZZY,93.02,100.0,75.0,FLAG_FOR_REVIEW,True
APP001850,APP009579,66.73,FUZZY,100.0,42.42,20.0,AUTO_APPROVE,False
APP001851,APP009765,58.11,FUZZY,52.94,45.45,90.0,AUTO_APPROVE,False
APP001852,,0.0,NO_MATCH,0.0,0.0,0.0,AUTO_APPROVE,False
APP001853,APP008492,61.76,FUZZY,100.0,39.22,0.0,AUTO_APPROVE,False
APP001854,APP006858,59.9,FUZZY,60.61,48.65,75.0,AUTO_APPROVE,False
APP001855,APP008288,97.0,EXACT_PHONE,94.12,100.0,75.0,AUTO_REJECT,True
APP001856,APP009647,70.63,FUZZY,58.06,72.0,100.0,AUTO_APPROVE,False
APP001857,APP008680,98.0,FUZZY,96.0,100.0,100.0,AUTO_REJECT,True
APP001858,APP005079,97.0,EXACT_PHONE,95.65,100.0,75.0,AUTO_REJECT,True
APP001859,APP002870,96.84,FUZZY,97.67,100.0,90.0,AUTO_REJECT,True
APP001860,APP002056,70.62,FUZZY,81.25,50.0,75.0,AUTO_APPROVE,False
APP001861,APP007998,66.8,FUZZY,100.0,56.0,0.0,AUTO_APPROVE,False
APP001862,APP005010,100.0,FUZZY,100.0,100.0,100.0,AUTO_REJECT,True
APP001863,APP001034,66.52,FUZZY,100.0,55.07,0.0,AUTO_APPROVE,False
APP001864,APP006326,80.41,FUZZY,100.0,51.35,75.0,FLAG_FOR_REVIEW,False
APP001865,APP008993,72.62,FUZZY,81.48,56.25,75.0,AUTO_APPROVE,False
APP001866,APP001533,62.62,FUZZY,51.61,72.73,75.0,AUTO_APPROVE,False
APP001867,APP009970,60.99,FUZZY,100.0,36.62,0.0,AUTO_APPROVE,False
APP001868,APP005818,57.33,FUZZY,66.67,66.67,20.0,AUTO_APPROVE,False
APP001869,APP000127,97.0,EXACT_PHONE,92.31,100.0,100.0,AUTO_REJECT,True
APP001870,APP008034,100.0,EXACT_PAN,95.24,100.0,75.0,AUTO_REJECT,True
APP001871,APP001275,61.81,FUZZY,75.0,31.03,75.0,AUTO_APPROVE,False
APP001872,APP006968,67.77,FUZZY,66.67,64.79,75.0,AUTO_APPROVE,False
APP001873,APP000333,100.0,EXACT_PAN,96.77,100.0,75.0,AUTO_REJECT,True
APP001874,APP001016,65.0,FUZZY,70.0,100.0,0.0,AUTO_APPROVE,False
APP001875,APP000758,67.84,FUZZY,100.0,59.46,0.0,AUTO_APPROVE,False
APP001876,APP009010,56.93,FUZZY,75.86,50.0,20.0,AUTO_APPROVE,False
APP001877,APP006066,64.77,FUZZY,61.54,100.0,20.0,AUTO_APPROVE,False
APP001878,APP009910,68.51,FUZZY,72.73,57.14,75.0,AUTO_APPROVE,False
APP001879,APP008877,63.0,FUZZY,100.0,43.33,0.0,AUTO_APPROVE,False
APP001880,APP000413,54.29,FUZZY,78.57,50.0,0.0,AUTO_APPROVE,False
APP001881,APP004984,61.88,FUZZY,66.67,45.16,75.0,AUTO_APPROVE,False
APP001882,APP005123,67.11,FUZZY,60.0,73.68,75.0,AUTO_APPROVE,False
APP001883,APP007950,59.09,FUZZY,100.0,30.3,0.0,AUTO_APPROVE,False
APP001884,APP000003,64.37,FUZZY,100.0,47.89,0.0,AUTO_APPROVE,False
APP001885,APP002349,51.45,FUZZY,60.0,58.18,20.0,AUTO_APPROVE,False
APP001886,APP007878,69.69,FUZZY,81.25,46.88,75.0,AUTO_APPROVE,False
APP001887,APP001870,70.92,FUZZY,78.79,55.07,75.0,AUTO_APPROVE,False
APP001888,APP006864,60.86,FUZZY,55.56,60.27,75.0,AUTO_APPROVE,False
APP001889,APP009329,65.62,FUZZY,100.0,52.05,0.0,AUTO_APPROVE,False
APP001890,APP000986,66.67,FUZZY,100.0,55.56,0.0,AUTO_APPROVE,False
APP001891,APP005244,69.37,FUZZY,77.78,51.61,75.0,AUTO_APPROVE,False
APP001892,APP006235,66.58,FUZZY,100.0,55.26,0.0,AUTO_APPROVE,False
APP001893,APP006509,100.0,EXACT_PAN,97.44,100.0,75.0,AUTO_REJECT,True
APP001894,APP005412,58.6,FUZZY,75.86,55.56,20.0,AUTO_APPROVE,False
APP001895,APP007313,60.0,FUZZY,59.09,51.52,75.0,AUTO_APPROVE,False
APP001896,APP001836,56.85,FUZZY,81.25,40.74,20.0,AUTO_APPROVE,False
APP001897,APP000074,100.0,FUZZY,100.0,100.0,100.0,AUTO_REJECT,True
APP001898,APP004395,64.03,FUZZY,100.0,46.75,0.0,AUTO_APPROVE,False
APP001899,APP009340,62.86,FUZZY,100.0,42.86,0.0,AUTO_APPROVE,False
APP001900,APP000066,66.8,FUZZY,100.0,42.67,20.0,AUTO_APPROVE,False
APP001901,APP001483,63.06,FUZZY,76.92,68.66,20.0,AUTO_APPROVE,False
APP001902,APP008184,59.34,FUZZY,84.21,44.12,20.0,AUTO_APPROVE,False
APP001903,APP001312,60.91,FUZZY,62.86,84.93,20.0,AUTO_APPROVE,False
APP001904,APP003852,53.51,FUZZY,34.29,54.55,100.0,AUTO_APPROVE,False
APP001905,APP002469,98.48,FUZZY,96.97,100.0,100.0,AUTO_REJECT,True
APP001906,APP002112,55.96,FUZZY,57.14,24.62,100.0,AUTO_APPROVE,False
APP001907,APP000276,95.37,FUZZY,94.74,100.0,90.0,AUTO_REJECT,True
APP001908,APP002789,67.77,FUZZY,100.0,45.9,20.0,AUTO_APPROVE,False
APP001909,APP001810,63.39,FUZZY,82.35,60.71,20.0,AUTO_APPROVE,False
APP001910,APP002844,60.31,FUZZY,100.0,34.38,0.0,AUTO_APPROVE,False
APP001911,APP009083,61.82,FUZZY,63.64,100.0,0.0,AUTO_APPROVE,False
APP001912,APP007284,68.95,FUZZY,100.0,63.16,0.0,AUTO_APPROVE,False
APP001913,APP003204,91.88,FUZZY,93.75,100.0,75.0,FLAG_FOR_REVIEW,True
APP001914,APP008078,62.64,FUZZY,61.11,93.62,20.0,AUTO_APPROVE,False
APP001915,APP001308,65.54,FUZZY,100.0,38.46,20.0,AUTO_APPROVE,False
APP001916,APP007900,64.48,FUZZY,100.0,48.28,0.0,AUTO_APPROVE,False
APP001917,APP002987,60.26,FUZZY,100.0,34.21,0.0,AUTO_APPROVE,False
APP001918,APP004697,65.74,FUZZY,100.0,52.46,0.0,AUTO_APPROVE,False
APP001919,APP005089,100.0,EXACT_PAN,95.24,100.0,75.0,AUTO_REJECT,True
APP001920,APP003560,64.17,FUZZY,100.0,47.22,0.0,AUTO_APPROVE,False
APP001921,APP007301,62.18,FUZZY,86.36,50.0,20.0,AUTO_APPROVE,False
APP001922,APP000470,60.41,FUZZY,86.49,43.9,20.0,AUTO_APPROVE,False
APP001923,APP008045,97.0,EXACT_PHONE,100.0,100.0,75.0,AUTO_REJECT,True
APP001924,APP009727,97.0,EXACT_PHONE,100.0,100.0,75.0,AUTO_REJECT,True
APP001925,APP003793,71.8,FUZZY,57.89,76.19,100.0,AUTO_APPROVE,False
APP001926,APP008842,65.58,FUZZY,100.0,51.95,0.0,AUTO_APPROVE,False
APP001927,APP001992,72.66,FUZZY,81.25,56.79,75.0,AUTO_APPROVE,False
APP001928,APP000448,61.67,FUZZY,66.67,44.44,75.0,AUTO_APPROVE,False
APP001929,APP005724,65.45,FUZZY,86.67,60.38,20.0,AUTO_APPROVE,False
APP001930,APP006324,54.0,FUZZY,60.61,28.99,75.0,AUTO_APPROVE,False
APP001931,APP004279,53.77,FUZZY,73.68,56.41,0.0,AUTO_APPROVE,False
APP001932,APP002241,59.52,FUZZY,100.0,31.75,0.0,AUTO_APPROVE,False
APP001933,APP001479,100.0,FUZZY,100.0,100.0,100.0,AUTO_REJECT,True
APP001934,APP001611,52.72,FUZZY,64.86,54.29,20.0,AUTO_APPROVE,False
APP001935,APP001817,65.48,FUZZY,62.5,64.1,75.0,AUTO_APPROVE,False
APP001936,APP005043,65.1,FUZZY,66.67,55.88,75.0,AUTO_APPROVE,False
APP001937,APP001222,67.27,FUZZY,100.0,57.58,0.0,AUTO_APPROVE,False
APP001938,APP000836,62.08,FUZZY,70.59,39.29,75.0,AUTO_APPROVE,False
APP001939,APP002235,68.57,FUZZY,100.0,61.9,0.0,AUTO_APPROVE,False
APP001940,APP004058,74.5,FUZZY,95.0,40.0,75.0,AUTO_APPROVE,False
APP001941,APP003643,95.0,FUZZY,100.0,100.0,75.0,AUTO_REJECT,True
APP001942,APP009303,70.46,FUZZY,76.19,57.89,75.0,AUTO_APPROVE,False
APP001943,APP003414,100.0,EXACT_PAN,100.0,100.0,100.0,AUTO_REJECT,True
APP001944,APP004963,64.84,FUZZY,86.49,58.67,20.0,AUTO_APPROVE,False
APP001945,APP008599,53.75,FUZZY,82.35,28.57,20.0,AUTO_APPROVE,False
APP001946,APP007574,97.0,EXACT_PHONE,91.67,100.0,75.0,AUTO_REJECT,True
APP001947,APP009472,61.17,FUZZY,82.76,52.63,20.0,AUTO_APPROVE,False
APP001948,APP002485,98.65,FUZZY,97.3,100.0,100.0,AUTO_REJECT,True
APP001949,APP005555,62.26,FUZZY,64.52,33.33,100.0,AUTO_APPROVE,False
APP001950,APP002865,61.53,FUZZY,47.06,60.0,100.0,AUTO_APPROVE,False
APP001951,APP009896,63.22,FUZZY,83.87,57.63,20.0,AUTO_APPROVE,False
APP001952,APP000394,61.25,FUZZY,62.5,100.0,0.0,AUTO_APPROVE,False
APP001953,APP008406,62.86,FUZZY,100.0,42.86,0.0,AUTO_APPROVE,False
APP001954,APP000679,73.27,FUZZY,100.0,77.55,0.0,AUTO_APPROVE,False
APP001955,APP004212,66.52,FUZZY,100.0,55.07,0.0,AUTO_APPROVE,False
APP001956,APP006062,55.83,FUZZY,77.42,43.75,20.0,AUTO_APPROVE,False
APP001957,APP005955,65.79,FUZZY,100.0,52.63,0.0,AUTO_APPROVE,False
APP001958,APP002217,65.83,FUZZY,100.0,52.78,0.0,AUTO_APPROVE,False
APP001959,APP008746,57.0,FUZZY,78.57,45.71,20.0,AUTO_APPROVE,False
APP001960,APP004183,63.24,FUZZY,100.0,44.12,0.0,AUTO_APPROVE,False
APP001961,APP009864,60.41,FUZZY,82.05,51.28,20.0,AUTO_APPROVE,False
APP001962,APP004511,66.92,FUZZY,100.0,56.41,0.0,AUTO_APPROVE,False
APP001963,APP007122,61.74,FUZZY,100.0,25.81,20.0,AUTO_APPROVE,False
APP001964,APP005038,76.74,FUZZY,64.86,81.01,100.0,AUTO_APPROVE,False
APP001965,APP002762,67.65,FUZZY,100.0,58.82,0.0,AUTO_APPROVE,False
APP001966,APP008880,54.8,FUZZY,36.36,55.38,100.0,AUTO_APPROVE,False
APP001967,APP006111,97.0,EXACT_PHONE,97.3,100.0,90.0,AUTO_REJECT,True
APP001968,APP005395,60.95,FUZZY,63.16,47.89,75.0,AUTO_APPROVE,False
APP001969,APP006101,64.21,FUZZY,100.0,47.37,0.0,AUTO_APPROVE,False
APP001970,APP004071,57.49,FUZZY,56.25,47.89,75.0,AUTO_APPROVE,False
APP001971,APP003159,64.69,FUZZY,80.0,68.97,20.0,AUTO_APPROVE,False
APP001972,APP002494,65.13,FUZZY,66.67,56.0,75.0,AUTO_APPROVE,False
APP001973,APP009304,54.44,FUZZY,81.25,32.73,20.0,AUTO_APPROVE,False
APP001974,APP007198,57.01,FUZZY,84.21,36.36,20.0,AUTO_APPROVE,False
APP001975,APP001115,100.0,EXACT_PAN,96.3,100.0,100.0,AUTO_REJECT,True
APP001976,APP009265,64.0,FUZZY,100.0,33.33,20.0,AUTO_APPROVE,False
APP001977,APP001623,60.13,FUZZY,100.0,33.77,0.0,AUTO_APPROVE,False
APP001978,APP009550,57.09,FUZZY,81.48,41.18,20.0,AUTO_APPROVE,False
APP001979,APP003381,74.62,FUZZY,100.0,82.05,0.0,AUTO_APPROVE,False
APP001980,APP001568,61.33,FUZZY,70.59,73.47,20.0,AUTO_APPROVE,False
APP001981,APP009562,71.11,FUZZY,83.33,48.15,75.0,AUTO_APPROVE,False
APP001982,APP009061,60.63,FUZZY,58.82,54.05,75.0,AUTO_APPROVE,False
APP001983,APP009791,69.3,FUZZY,64.29,73.85,75.0,AUTO_APPROVE,False
APP001984,APP005716,72.96,FUZZY,76.92,65.0,75.0,AUTO_APPROVE,False
APP001985,APP009405,64.78,FUZZY,100.0,49.28,0.0,AUTO_APPROVE,False
APP001986,APP008680,66.9,FUZZY,100.0,56.34,0.0,AUTO_APPROVE,False
APP001987,APP003262,57.56,FUZZY,43.24,53.12,100.0,AUTO_APPROVE,False
APP001988,APP006027,64.63,FUZZY,100.0,48.78,0.0,AUTO_APPROVE,False
APP001989,APP006445,58.25,FUZZY,72.22,60.47,20.0,AUTO_APPROVE,False
APP001990,APP004470,63.39,FUZZY,30.3,94.12,100.0,AUTO_APPROVE,False
APP001991,APP006855,61.42,FUZZY,83.33,52.5,20.0,AUTO_APPROVE,False
APP001992,APP001927,72.66,FUZZY,81.25,56.79,75.0,AUTO_APPROVE,False
APP001993,APP003386,66.9,FUZZY,100.0,56.34,0.0,AUTO_APPROVE,False
APP001994,APP006610,65.83,FUZZY,100.0,52.78,0.0,AUTO_APPROVE,False
APP001995,APP002640,63.43,FUZZY,100.0,44.78,0.0,AUTO_APPROVE,False
APP001996,APP005916,63.6,FUZZY,100.0,45.33,0.0,AUTO_APPROVE,False
APP001997,APP007132,61.32,FUZZY,100.0,37.74,0.0,AUTO_APPROVE,False
APP001998,APP001237,63.97,FUZZY,100.0,46.58,0.0,AUTO_APPROVE,False
APP001999,APP009454,100.0,EXACT_PAN,91.43,100.0,90.0,AUTO_REJECT,True
APP002000,APP009005,66.55,FUZZY,100.0,55.17,0.0,AUTO_APPROVE,False
APP002001,APP000820,60.68,FUZZY,52.94,47.37,100.0,AUTO_APPROVE,False
APP002002,APP009158,55.17,FUZZY,66.67,59.46,20.0,AUTO_APPROVE,False
APP002003,APP003468,58.67,FUZZY,66.67,71.11,20.0,AUTO_APPROVE,False
APP002004,APP007692,57.5,FUZZY,50.0,41.67,100.0,AUTO_APPROVE,False
APP002005,APP004425,71.13,FUZZY,100.0,70.42,0.0,AUTO_APPROVE,False
APP002006,APP006284,77.39,FUZZY,85.71,65.12,75.0,AUTO_APPROVE,False
APP002007,APP004193,55.92,FUZZY,84.21,32.73,20.0,AUTO_APPROVE,False
APP002008,APP002875,100.0,EXACT_PAN,100.0,100.0,100.0,AUTO_REJECT,True
APP002009,APP007535,66.25,FUZZY,62.5,66.67,75.0,AUTO_APPROVE,False
APP002010,APP006340,68.16,FUZZY,100.0,60.53,0.0,AUTO_APPROVE,False
APP002011,APP002372,57.3,FUZZY,63.41,35.29,75.0,AUTO_APPROVE,False
APP002012,APP006575,61.19,FUZZY,85.71,47.76,20.0,AUTO_APPROVE,False
APP002013,APP000955,69.45,FUZZY,76.47,54.05,75.0,AUTO_APPROVE,False
APP002014,APP001580,63.7,FUZZY,58.82,64.29,75.0,AUTO_APPROVE,False
APP002015,,0.0,NO_MATCH,0.0,0.0,0.0,AUTO_APPROVE,False
APP002016,APP005898,71.52,FUZZY,86.36,44.44,75.0,AUTO_APPROVE,False
APP002017,APP008294,98.48,FUZZY,96.97,100.0,100.0,AUTO_REJECT,True
APP002018,APP008797,100.0,EXACT_PAN,100.0,100.0,75.0,AUTO_REJECT,True
APP002019,APP004103,52.31,FUZZY,35.9,47.89,100.0,AUTO_APPROVE,False
APP002020,APP007910,100.0,EXACT_PAN,96.3,100.0,100.0,AUTO_REJECT,True
APP002021,APP007455,61.08,FUZZY,100.0,36.92,0.0,AUTO_APPROVE,False
APP002022,APP009244,61.8,FUZZY,100.0,39.34,0.0,AUTO_APPROVE,False
APP002023,APP001623,66.0,FUZZY,100.0,40.0,20.0,AUTO_APPROVE,False
APP002024,APP009553,64.39,FUZZY,60.61,63.64,75.0,AUTO_APPROVE,False
APP002025,APP006894,100.0,EXACT_PAN,96.3,100.0,90.0,AUTO_REJECT,True
APP002026,APP004840,57.95,FUZZY,46.67,48.72,100.0,AUTO_APPROVE,False
APP002027,APP001745,65.6,FUZZY,100.0,52.0,0.0,AUTO_APPROVE,False
APP002028,APP001144,55.06,FUZZY,57.14,38.3,75.0,AUTO_APPROVE,False
APP002029,APP008536,74.0,FUZZY,100.0,66.67,20.0,AUTO_APPROVE,False
APP002030,APP009833,62.96,FUZZY,71.43,40.82,75.0,AUTO_APPROVE,False
APP002031,,0.0,NO_MATCH,0.0,0.0,0.0,AUTO_APPROVE,False
APP002032,APP007132,59.76,FUZZY,78.26,68.75,0.0,AUTO_APPROVE,False
APP002033,APP003038,97.0,EXACT_PHONE,100.0,100.0,100.0,AUTO_REJECT,True
APP002034,APP006443,100.0,EXACT_PAN,92.86,100.0,75.0,AUTO_REJECT,True
APP002035,APP002625,50.83,FUZZY,55.17,64.15,20.0,AUTO_APPROVE,False
APP002036,APP006373,100.0,EXACT_PAN,94.74,100.0,100.0,AUTO_REJECT,True
APP002037,APP009796,69.29,FUZZY,100.0,64.29,0.0,AUTO_APPROVE,False
APP002038,APP004435,100.0,EXACT_PAN,100.0,100.0,75.0,AUTO_REJECT,True
APP002039,APP002153,63.86,FUZZY,100.0,32.88,20.0,AUTO_APPROVE,False
APP002040,APP008384,63.78,FUZZY,100.0,45.95,0.0,AUTO_APPROVE,False
APP002041,APP001327,70.96,FUZZY,66.67,75.41,75.0,AUTO_APPROVE,False
APP002042,APP005520,61.17,FUZZY,82.76,52.63,20.0,AUTO_APPROVE,False
APP002043,APP009869,98.0,FUZZY,100.0,100.0,90.0,AUTO_REJECT,True
APP002044,APP001592,100.0,FUZZY,100.0,100.0,100.0,AUTO_REJECT,True
APP002045,APP001621,59.47,FUZZY,78.95,53.33,20.0,AUTO_APPROVE,False
APP002046,APP003585,62.86,FUZZY,100.0,42.86,0.0,AUTO_APPROVE,False
APP002047,,0.0,NO_MATCH,0.0,0.0,0.0,AUTO_APPROVE,False
APP002048,APP007213,59.83,FUZZY,80.0,52.78,20.0,AUTO_APPROVE,False
APP002049,APP002206,67.26,FUZZY,100.0,57.53,0.0,AUTO_APPROVE,False
APP002050,APP003752,96.88,FUZZY,93.75,100.0,100.0,AUTO_REJECT,True
APP002051,APP000836,73.06,FUZZY,77.78,63.89,75.0,AUTO_APPROVE,False
APP002052,APP008234,65.75,FUZZY,100.0,52.5,0.0,AUTO_APPROVE,False
APP002053,APP003195,61.4,FUZZY,69.57,38.71,75.0,AUTO_APPROVE,False
APP002054,APP001323,53.83,FUZZY,69.23,50.7,20.0,AUTO_APPROVE,False
APP002055,APP005758,63.36,FUZZY,85.71,68.35,0.0,AUTO_APPROVE,False
APP002056,APP001860,70.62,FUZZY,81.25,50.0,75.0,AUTO_APPROVE,False
APP002057,APP005255,61.61,FUZZY,100.0,38.71,0.0,AUTO_APPROVE,False
APP002058,APP008579,54.59,FUZZY,80.0,35.29,20.0,AUTO_APPROVE,False
APP002059,APP006241,65.35,FUZZY,66.67,56.72,75.0,AUTO_APPROVE,False
APP002060,APP001457,72.46,FUZZY,68.97,76.6,75.0,AUTO_APPROVE,False
APP002061,APP008131,59.0,FUZZY,66.67,72.22,20.0,AUTO_APPROVE,False
APP002062,APP005244,60.79,FUZZY,85.0,47.62,20.0,AUTO_APPROVE,False
APP002063,APP003343,62.92,FUZZY,100.0,43.08,0.0,AUTO_APPROVE,False
APP002064,APP000678,67.28,FUZZY,66.67,63.16,75.0,AUTO_APPROVE,False
APP002065,APP008491,80.11,FUZZY,94.62,42.67,100.0,FLAG_FOR_REVIEW,True
APP002066,APP004097,72.37,FUZZY,100.0,74.58,0.0,AUTO_APPROVE,False
APP002067,APP003108,97.0,EXACT_PHONE,92.31,100.0,100.0,AUTO_REJECT,True
APP002068,APP003067,68.17,FUZZY,87.8,67.57,20.0,AUTO_APPROVE,False
APP002069,APP007279,68.94,FUZZY,81.48,44.0,75.0,AUTO_APPROVE,False
APP002070,APP006710,100.0,FUZZY,100.0,100.0,100.0,AUTO_REJECT,True
APP002071,APP002392,56.66,FUZZY,61.11,73.68,20.0,AUTO_APPROVE,False
APP002072,APP008460,68.33,FUZZY,100.0,61.11,0.0,AUTO_APPROVE,False
APP002073,APP009772,64.59,FUZZY,100.0,48.65,0.0,AUTO_APPROVE,False
APP002074,,0.0,NO_MATCH,0.0,0.0,0.0,AUTO_APPROVE,False
APP002075,APP002449,60.71,FUZZY,58.54,54.79,75.0,AUTO_APPROVE,False
APP002076,APP002212,55.73,FUZZY,63.16,30.51,75.0,AUTO_APPROVE,False
APP002077,APP001999,58.57,FUZZY,100.0,28.57,0.0,AUTO_APPROVE,False
APP002078,APP007383,55.99,FUZZY,81.48,37.5,20.0,AUTO_APPROVE,False
APP002079,APP008758,62.69,FUZZY,100.0,42.31,0.0,AUTO_APPROVE,False
APP002080,APP009528,61.25,FUZZY,86.67,46.38,20.0,AUTO_APPROVE,False
APP002081,APP005606,70.75,FUZZY,87.5,40.0,75.0,AUTO_APPROVE,False
APP002082,APP004866,94.17,FUZZY,88.33,100.0,100.0,AUTO_REJECT,True
APP002083,APP002468,56.41,FUZZY,46.67,43.59,100.0,AUTO_APPROVE,False
APP002084,APP008308,68.29,FUZZY,68.57,63.33,75.0,AUTO_APPROVE,False
APP002085,APP008261,100.0,EXACT_PAN,88.89,100.0,100.0,AUTO_REJECT,True
APP002086,APP003665,62.16,FUZZY,51.61,71.19,75.0,AUTO_APPROVE,False
APP002087,APP000324,60.4,FUZZY,100.0,34.67,0.0,AUTO_APPROVE,False
APP002088,APP005410,69.35,FUZZY,100.0,64.52,0.0,AUTO_APPROVE,False
APP002089,APP007302,65.24,FUZZY,100.0,50.79,0.0,AUTO_APPROVE,False
APP002090,APP003009,66.65,FUZZY,87.18,26.87,75.0,AUTO_APPROVE,False
APP002091,APP007045,59.84,FUZZY,78.26,55.7,20.0,AUTO_APPROVE,False
APP002092,APP008603,70.44,FUZZY,100.0,54.79,20.0,AUTO_APPROVE,False
APP002093,APP001037,65.02,FUZZY,71.79,47.06,75.0,AUTO_APPROVE,False
APP002094,APP009687,69.02,FUZZY,100.0,63.41,0.0,AUTO_APPROVE,False
APP002095,APP007298,64.06,FUZZY,100.0,46.88,0.0,AUTO_APPROVE,False
APP002096,,0.0,NO_MATCH,0.0,0.0,0.0,AUTO_APPROVE,False
APP002097,APP007692,100.0,EXACT_PAN,96.97,100.0,100.0,AUTO_REJECT,True
APP002098,APP009228,66.84,FUZZY,73.68,100.0,0.0,AUTO_APPROVE,False
APP002099,APP008747,60.91,FUZZY,100.0,36.36,0.0,AUTO_APPROVE,False
APP002100,APP008407,53.38,FUZZY,84.62,36.92,0.0,AUTO_APPROVE,False
APP002101,APP003779,70.06,FUZZY,53.66,77.42,100.0,AUTO_APPROVE,False
APP002102,APP004214,61.67,FUZZY,72.0,72.22,20.0,AUTO_APPROVE,False
APP002103,APP001731,63.13,FUZZY,58.82,45.71,100.0,AUTO_APPROVE,False
APP002104,APP008612,60.22,FUZZY,62.5,46.58,75.0,AUTO_APPROVE,False
APP002105,APP000446,67.43,FUZZY,61.11,56.25,100.0,AUTO_APPROVE,False
APP002106,APP004764,62.78,FUZZY,84.62,54.9,20.0,AUTO_APPROVE,False
APP002107,APP007825,71.49,FUZZY,100.0,71.64,0.0,AUTO_APPROVE,False
APP002108,APP006779,59.54,FUZZY,58.06,88.37,20.0,AUTO_APPROVE,False
APP002109,APP008586,58.88,FUZZY,62.07,79.49,20.0,AUTO_APPROVE,False
APP002110,APP005022,72.56,FUZZY,80.0,58.54,75.0,AUTO_APPROVE,False
APP002111,APP006994,67.53,FUZZY,82.05,75.0,20.0,AUTO_APPROVE,False
APP002112,APP007403,100.0,EXACT_PAN,97.3,100.0,75.0,AUTO_REJECT,True
APP002113,APP003569,60.34,FUZZY,57.14,55.88,75.0,AUTO_APPROVE,False
APP002114,APP003978,69.17,FUZZY,100.0,63.89,0.0,AUTO_APPROVE,False
APP002115,APP007069,66.57,FUZZY,86.0,28.57,75.0,AUTO_APPROVE,True
APP002116,APP007897,61.54,FUZZY,100.0,38.46,0.0,AUTO_APPROVE,False
APP002117,APP004222,69.0,FUZZY,100.0,50.0,20.0,AUTO_APPROVE,False
APP002118,APP003049,63.6,FUZZY,100.0,45.33,0.0,AUTO_APPROVE,False
APP002119,APP005969,98.57,FUZZY,97.14,100.0,100.0,AUTO_REJECT,True
APP002120,APP004680,69.37,FUZZY,83.87,41.46,75.0,AUTO_APPROVE,False
APP002121,APP006671,64.75,FUZZY,100.0,49.18,0.0,AUTO_APPROVE,False
APP002122,APP008354,69.2,FUZZY,100.0,64.0,0.0,AUTO_APPROVE,False
APP002123,APP002517,70.95,FUZZY,83.33,47.62,75.0,AUTO_APPROVE,False
APP002124,APP009203,61.27,FUZZY,48.48,56.76,100.0,AUTO_APPROVE,False
APP002125,APP009228,52.09,FUZZY,73.68,37.5,20.0,AUTO_APPROVE,False
APP002126,APP009250,100.0,FUZZY,100.0,100.0,100.0,AUTO_REJECT,True
APP002127,APP009573,100.0,FUZZY,100.0,100.0,100.0,AUTO_REJECT,True
APP002128,APP008925,66.92,FUZZY,100.0,56.41,0.0,AUTO_APPROVE,False
APP002129,APP006690,68.18,FUZZY,82.76,76.0,20.0,AUTO_APPROVE,False
APP002130,APP008022,100.0,FUZZY,100.0,100.0,100.0,AUTO_REJECT,True
APP002131,APP001553,100.0,FUZZY,100.0,100.0,100.0,AUTO_REJECT,True
APP002132,APP003051,60.82,FUZZY,84.85,48.0,20.0,AUTO_APPROVE,False
APP002133,APP002027,65.15,FUZZY,62.07,47.06,100.0,AUTO_APPROVE,False
APP002134,APP008132,50.57,FUZZY,34.48,44.44,100.0,AUTO_APPROVE,False
APP002135,APP002892,61.38,FUZZY,66.67,43.48,75.0,AUTO_APPROVE,False
APP002136,APP003070,67.66,FUZZY,63.16,70.27,75.0,AUTO_APPROVE,False
APP002137,APP001239,61.91,FUZZY,85.0,51.35,20.0,AUTO_APPROVE,False
APP002138,APP008865,63.59,FUZZY,76.92,33.77,75.0,AUTO_APPROVE,False
APP002139,APP006900,100.0,EXACT_PAN,91.67,100.0,100.0,AUTO_REJECT,True
APP002140,APP001677,64.4,FUZZY,70.0,48.0,75.0,AUTO_APPROVE,False
APP002141,APP009268,55.26,FUZZY,76.92,42.67,20.0,AUTO_APPROVE,False
APP002142,APP000590,62.85,FUZZY,55.17,67.53,75.0,AUTO_APPROVE,False
APP002143,APP003583,61.79,FUZZY,100.0,39.29,0.0,AUTO_APPROVE,False
APP002144,APP007748,62.19,FUZZY,100.0,40.62,0.0,AUTO_APPROVE,False
APP002145,APP001534,60.45,FUZZY,46.15,57.89,100.0,AUTO_APPROVE,False
APP002146,APP003882,67.39,FUZZY,100.0,57.97,0.0,AUTO_APPROVE,False
APP002147,APP009415,97.0,EXACT_PHONE,94.74,100.0,100.0,AUTO_REJECT,True
APP002148,APP009299,60.91,FUZZY,100.0,36.36,0.0,AUTO_APPROVE,False
APP002149,APP005948,71.82,FUZZY,100.0,72.73,0.0,AUTO_APPROVE,False
APP002150,APP000098,98.84,FUZZY,97.67,100.0,100.0,AUTO_REJECT,True
APP002151,APP004158,58.11,FUZZY,85.0,38.71,20.0,AUTO_APPROVE,False
APP002152,APP009293,70.28,FUZZY,100.0,67.61,0.0,AUTO_APPROVE,False
APP002153,APP002039,63.86,FUZZY,100.0,32.88,20.0,AUTO_APPROVE,False
APP002154,APP000189,61.79,FUZZY,86.67,61.54,0.0,AUTO_APPROVE,False
APP002155,APP008558,58.86,FUZZY,42.42,58.82,100.0,AUTO_APPROVE,False
APP002156,APP001074,62.58,FUZZY,100.0,41.94,0.0,AUTO_APPROVE,False
APP002157,APP006068,62.46,FUZZY,59.46,42.42,100.0,AUTO_APPROVE,False
APP002158,APP006082,71.18,FUZZY,100.0,70.59,0.0,AUTO_APPROVE,False
APP002159,APP003116,61.57,FUZZY,57.14,60.0,75.0,AUTO_APPROVE,False
APP002160,APP002126,69.05,FUZZY,71.43,61.11,75.0,AUTO_APPROVE,False
APP002161,APP000709,59.39,FUZZY,72.73,63.41,20.0,AUTO_APPROVE,False
APP002162,APP001127,63.31,FUZZY,62.07,57.58,75.0,AUTO_APPROVE,False
APP002163,APP006065,66.51,FUZZY,82.76,33.77,75.0,AUTO_APPROVE,False
APP002164,APP000511,62.25,FUZZY,38.71,76.32,100.0,AUTO_APPROVE,False
APP002165,APP009504,100.0,FUZZY,100.0,100.0,100.0,AUTO_REJECT,True
APP002166,APP008562,59.34,FUZZY,61.11,45.95,75.0,AUTO_APPROVE,False
APP002167,APP002179,75.67,FUZZY,83.33,100.0,20.0,AUTO_APPROVE,False
APP002168,APP006978,63.33,FUZZY,100.0,44.44,0.0,AUTO_APPROVE,False
APP002169,APP000396,65.41,FUZZY,56.25,74.29,75.0,AUTO_APPROVE,False
APP002170,APP003575,63.33,FUZZY,100.0,44.44,0.0,AUTO_APPROVE,False
APP002171,APP005504,96.88,FUZZY,93.75,100.0,100.0,AUTO_REJECT,True
APP002172,APP000517,61.46,FUZZY,64.86,46.75,75.0,AUTO_APPROVE,False
APP002173,APP007900,56.34,FUZZY,59.46,38.71,75.0,AUTO_APPROVE,False
APP002174,APP003240,68.08,FUZZY,100.0,60.27,0.0,AUTO_APPROVE,False
APP002175,APP004851,60.29,FUZZY,80.0,54.29,20.0,AUTO_APPROVE,False
APP002176,APP003576,68.46,FUZZY,100.0,61.54,0.0,AUTO_APPROVE,False
APP002177,APP000348,67.47,FUZZY,88.89,63.41,20.0,AUTO_APPROVE,False
APP002178,APP000552,67.14,FUZZY,100.0,57.14,0.0,AUTO_APPROVE,False
APP002179,APP005999,100.0,FUZZY,100.0,100.0,100.0,AUTO_REJECT,True
APP002180,APP005201,100.0,EXACT_PAN,95.0,100.0,100.0,AUTO_REJECT,True
APP002181,APP002704,63.33,FUZZY,66.67,100.0,0.0,AUTO_APPROVE,False
APP002182,APP006906,51.58,FUZZY,60.61,57.58,20.0,AUTO_APPROVE,False
APP002183,APP006761,63.15,FUZZY,100.0,43.84,0.0,AUTO_APPROVE,False
APP002184,APP004142,93.57,FUZZY,97.14,100.0,75.0,AUTO_REJECT,True
APP002185,APP001709,98.0,FUZZY,100.0,100.0,90.0,AUTO_REJECT,True
APP002186,APP008577,62.64,FUZZY,63.16,53.52,75.0,AUTO_APPROVE,False
APP002187,APP006127,97.06,FUZZY,94.12,100.0,100.0,AUTO_REJECT,True
APP002188,APP005331,57.74,FUZZY,64.29,72.0,20.0,AUTO_APPROVE,False
APP002189,APP001205,98.57,FUZZY,97.14,100.0,100.0,AUTO_REJECT,True
APP002190,APP005739,63.57,FUZZY,66.67,50.79,75.0,AUTO_APPROVE,False
APP002191,APP001121,66.21,FUZZY,70.59,53.06,75.0,AUTO_APPROVE,False
APP002192,APP005008,70.08,FUZZY,54.05,93.51,75.0,AUTO_APPROVE,False
APP002193,APP009002,97.0,EXACT_PHONE,96.77,100.0,75.0,AUTO_REJECT,True
APP002194,APP009411,58.95,FUZZY,57.89,50.0,75.0,AUTO_APPROVE,False
APP002195,APP006215,67.27,FUZZY,100.0,57.58,0.0,AUTO_APPROVE,False
APP002196,APP003209,61.27,FUZZY,66.67,43.14,75.0,AUTO_APPROVE,False
APP002197,APP009342,63.2,FUZZY,54.05,70.59,75.0,AUTO_APPROVE,False
APP002198,APP005703,58.74,FUZZY,85.71,52.94,0.0,AUTO_APPROVE,False
APP002199,APP002840,59.31,FUZZY,81.48,48.57,20.0,AUTO_APPROVE,False
APP002200,APP001019,69.13,FUZZY,78.26,100.0,0.0,AUTO_APPROVE,False
APP002201,APP004257,51.36,FUZZY,66.67,46.75,20.0,AUTO_APPROVE,False
APP002202,APP009635,62.81,FUZZY,83.33,57.14,20.0,AUTO_APPROVE,False
APP002203,APP005743,100.0,EXACT_PAN,95.0,100.0,100.0,AUTO_REJECT,True
APP002204,APP009504,59.22,FUZZY,55.56,54.79,75.0,AUTO_APPROVE,False
APP002205,APP007853,66.23,FUZZY,58.82,72.73,75.0,AUTO_APPROVE,False
APP002206,APP002049,67.26,FUZZY,100.0,57.53,0.0,AUTO_APPROVE,False
APP002207,APP008601,66.86,FUZZY,100.0,42.86,20.0,AUTO_APPROVE,False
APP002208,APP002735,61.67,FUZZY,100.0,38.89,0.0,AUTO_APPROVE,False
APP002209,APP002376,57.5,FUZZY,100.0,25.0,0.0,AUTO_APPROVE,False
APP002210,APP004345,93.0,FUZZY,90.0,100.0,90.0,AUTO_REJECT,True
APP002211,APP004863,58.43,FUZZY,80.0,48.1,20.0,AUTO_APPROVE,False
APP002212,APP004592,62.92,FUZZY,100.0,43.08,0.0,AUTO_APPROVE,False
APP002213,APP008834,62.05,FUZZY,66.67,45.71,75.0,AUTO_APPROVE,False
APP002214,APP004789,62.69,FUZZY,69.23,43.59,75.0,AUTO_APPROVE,False
APP002215,APP002559,63.39,FUZZY,78.79,66.67,20.0,AUTO_APPROVE,False
APP002216,APP007964,62.38,FUZZY,100.0,41.27,0.0,AUTO_APPROVE,False
APP002217,APP001958,65.83,FUZZY,100.0,52.78,0.0,AUTO_APPROVE,False
APP002218,APP006567,68.01,FUZZY,76.92,48.48,75.0,AUTO_APPROVE,False
APP002219,APP004596,63.6,FUZZY,70.0,45.33,75.0,AUTO_APPROVE,False
APP002220,APP000022,63.49,FUZZY,62.5,94.12,20.0,AUTO_APPROVE,False
APP002221,APP009298,61.93,FUZZY,59.46,40.68,100.0,AUTO_APPROVE,False
APP002222,APP002321,58.27,FUZZY,47.06,49.12,100.0,AUTO_APPROVE,False
APP002223,APP009790,65.22,FUZZY,100.0,50.75,0.0,AUTO_APPROVE,False
APP002224,APP002470,58.45,FUZZY,100.0,28.17,0.0,AUTO_APPROVE,False
APP002225,APP006449,65.0,FUZZY,100.0,50.0,0.0,AUTO_APPROVE,False
APP002226,APP004573,63.55,FUZZY,100.0,45.16,0.0,AUTO_APPROVE,False
APP002227,APP002133,55.66,FUZZY,62.07,68.75,20.0,AUTO_APPROVE,False
APP002228,APP005252,69.18,FUZZY,61.54,78.05,75.0,AUTO_APPROVE,False
APP002229,APP005299,70.3,FUZZY,75.86,57.89,75.0,AUTO_APPROVE,False
APP002230,APP006094,57.29,FUZZY,50.0,57.63,75.0,AUTO_APPROVE,False
APP002231,APP005405,56.36,FUZZY,66.67,63.41,20.0,AUTO_APPROVE,False
APP002232,APP009842,100.0,EXACT_PAN,100.0,100.0,100.0,AUTO_REJECT,True
APP002233,APP009868,63.45,FUZZY,100.0,44.83,0.0,AUTO_APPROVE,False
APP002234,APP007167,100.0,FUZZY,100.0,100.0,100.0,AUTO_REJECT,True
APP002235,APP001939,68.57,FUZZY,100.0,61.9,0.0,AUTO_APPROVE,False
APP002236,APP000478,71.14,FUZZY,100.0,57.14,20.0,AUTO_APPROVE,False
APP002237,APP008160,98.0,FUZZY,100.0,100.0,90.0,AUTO_REJECT,True
APP002238,APP002236,62.31,FUZZY,78.57,63.41,20.0,AUTO_APPROVE,False
APP002239,APP006585,60.39,FUZZY,64.29,44.16,75.0,AUTO_APPROVE,False
APP002240,APP003612,60.83,FUZZY,66.67,41.67,75.0,AUTO_APPROVE,False
APP002241,APP008176,100.0,EXACT_PAN,91.67,100.0,100.0,AUTO_REJECT,True
APP002242,APP000674,60.29,FUZZY,70.59,33.33,75.0,AUTO_APPROVE,False
APP002243,APP004160,64.18,FUZZY,100.0,47.27,0.0,AUTO_APPROVE,False
APP002244,APP009678,70.19,FUZZY,75.86,57.53,75.0,AUTO_APPROVE,False
APP002245,APP008538,65.3,FUZZY,82.61,66.67,20.0,AUTO_APPROVE,False
APP002246,APP008385,100.0,EXACT_PAN,94.44,100.0,100.0,AUTO_REJECT,True
APP002247,APP006771,61.38,FUZZY,82.76,53.33,20.0,AUTO_APPROVE,False
APP002248,APP002655,70.87,FUZZY,100.0,69.57,0.0,AUTO_APPROVE,False
APP002249,APP002968,56.8,FUZZY,68.42,61.97,20.0,AUTO_APPROVE,False
APP002250,APP004382,66.34,FUZZY,86.96,62.86,20.0,AUTO_APPROVE,False
APP002251,APP002745,57.69,FUZZY,57.14,47.06,75.0,AUTO_APPROVE,False
APP002252,APP004289,67.5,FUZZY,75.0,100.0,0.0,AUTO_APPROVE,False
APP002253,APP003838,73.7,FUZZY,78.57,64.71,75.0,AUTO_APPROVE,False
APP002254,,0.0,NO_MATCH,0.0,0.0,0.0,AUTO_APPROVE,False
APP002255,APP001384,52.47,FUZZY,69.57,45.61,20.0,AUTO_APPROVE,False
APP002256,APP005172,63.33,FUZZY,66.67,100.0,0.0,AUTO_APPROVE,False
APP002257,APP003540,58.16,FUZZY,71.79,60.87,20.0,AUTO_APPROVE,False
APP002258,APP008071,98.0,FUZZY,100.0,100.0,90.0,AUTO_REJECT,True
APP002259,APP007894,68.57,FUZZY,100.0,61.9,0.0,AUTO_APPROVE,False
APP002260,APP007471,57.4,FUZZY,78.57,47.06,20.0,AUTO_APPROVE,False
APP002261,APP002241,56.08,FUZZY,66.67,62.5,20.0,AUTO_APPROVE,False
APP002262,APP005816,100.0,EXACT_PAN,90.0,100.0,90.0,AUTO_REJECT,True
APP002263,APP009951,55.08,FUZZY,61.11,68.42,20.0,AUTO_APPROVE,False
APP002264,APP001264,59.44,FUZZY,83.33,45.9,20.0,AUTO_APPROVE,False
APP002265,APP004329,98.15,FUZZY,96.3,100.0,100.0,AUTO_REJECT,True
APP002266,APP003989,72.94,FUZZY,100.0,76.47,0.0,AUTO_APPROVE,False
APP002267,,0.0,NO_MATCH,0.0,0.0,0.0,AUTO_APPROVE,False
APP002268,APP000648,57.74,FUZZY,51.85,39.39,100.0,AUTO_APPROVE,False
APP002269,APP003903,60.16,FUZZY,66.67,39.44,75.0,AUTO_APPROVE,False
APP002270,APP006951,100.0,FUZZY,100.0,100.0,100.0,AUTO_REJECT,True
APP002271,APP006745,64.35,FUZZY,60.47,47.06,100.0,AUTO_APPROVE,False
APP002272,APP009246,71.39,FUZZY,61.54,68.75,100.0,AUTO_APPROVE,False
APP002273,APP002785,62.35,FUZZY,100.0,41.18,0.0,AUTO_APPROVE,False
APP002274,APP000797,65.45,FUZZY,100.0,51.52,0.0,AUTO_APPROVE,False
APP002275,APP000752,63.42,FUZZY,100.0,44.74,0.0,AUTO_APPROVE,False
APP002276,APP005236,67.25,FUZZY,82.35,36.92,75.0,AUTO_APPROVE,False
APP002277,APP009787,58.93,FUZZY,82.35,45.83,20.0,AUTO_APPROVE,False
APP002278,APP004476,100.0,EXACT_PAN,96.0,100.0,75.0,AUTO_REJECT,True
APP002279,APP004213,60.84,FUZZY,81.25,54.05,20.0,AUTO_APPROVE,False
APP002280,APP008377,62.01,FUZZY,63.16,51.43,75.0,AUTO_APPROVE,False
APP002281,APP002328,54.19,FUZZY,54.05,40.54,75.0,AUTO_APPROVE,False
APP002282,APP007311,100.0,EXACT_PAN,95.0,100.0,100.0,AUTO_REJECT,True
APP002283,APP003265,66.9,FUZZY,70.0,56.34,75.0,AUTO_APPROVE,False
APP002284,APP000219,63.66,FUZZY,85.71,69.33,0.0,AUTO_APPROVE,False
APP002285,APP005601,64.8,FUZZY,72.73,44.78,75.0,AUTO_APPROVE,False
APP002286,APP001158,66.29,FUZZY,68.29,57.14,75.0,AUTO_APPROVE,False
APP002287,APP009093,61.3,FUZZY,100.0,37.68,0.0,AUTO_APPROVE,False
APP002288,APP008311,68.55,FUZZY,100.0,48.48,20.0,AUTO_APPROVE,False
APP002289,APP008759,97.0,EXACT_PHONE,100.0,100.0,100.0,AUTO_REJECT,True
APP002290,APP006026,68.93,FUZZY,80.0,46.43,75.0,AUTO_APPROVE,False
APP002291,APP001423,65.74,FUZZY,100.0,39.13,20.0,AUTO_APPROVE,False
APP002292,APP000443,100.0,EXACT_PAN,100.0,100.0,90.0,AUTO_REJECT,True
APP002293,APP007206,67.33,FUZZY,82.76,73.17,20.0,AUTO_APPROVE,False
APP002294,APP001330,63.8,FUZZY,58.82,64.62,75.0,AUTO_APPROVE,False
APP002295,APP001479,59.69,FUZZY,83.87,45.83,20.0,AUTO_APPROVE,False
APP002296,APP005855,63.71,FUZZY,100.0,32.35,20.0,AUTO_APPROVE,False
APP002297,APP009036,78.06,FUZZY,100.0,93.55,0.0,AUTO_APPROVE,False
APP002298,APP007959,54.98,FUZZY,62.5,65.75,20.0,AUTO_APPROVE,False
APP002299,APP001475,65.51,FUZZY,60.61,50.7,100.0,AUTO_APPROVE,False
APP002300,APP005204,63.91,FUZZY,100.0,46.38,0.0,AUTO_APPROVE,False
APP002301,APP004903,59.26,FUZZY,81.48,48.39,20.0,AUTO_APPROVE,False
APP002302,APP007752,66.8,FUZZY,100.0,56.0,0.0,AUTO_APPROVE,False
APP002303,APP007313,55.54,FUZZY,81.08,36.67,20.0,AUTO_APPROVE,False
APP002304,APP006985,65.22,FUZZY,100.0,50.75,0.0,AUTO_APPROVE,False
APP002305,APP008604,58.58,FUZZY,50.0,45.28,100.0,AUTO_APPROVE,False
APP002306,APP001734,67.04,FUZZY,100.0,56.79,0.0,AUTO_APPROVE,False
APP002307,APP004509,68.82,FUZZY,100.0,62.75,0.0,AUTO_APPROVE,False
APP002308,APP001710,54.56,FUZZY,74.07,45.07,20.0,AUTO_APPROVE,False
APP002309,APP000594,66.25,FUZZY,62.5,66.67,75.0,AUTO_APPROVE,False
APP002310,APP009213,92.5,FUZZY,95.0,100.0,75.0,AUTO_REJECT,True
APP002311,APP007163,63.54,FUZZY,64.71,37.29,100.0,AUTO_APPROVE,False
APP002312,APP008174,57.06,FUZZY,59.46,77.78,20.0,AUTO_APPROVE,False
APP002313,APP008047,64.81,FUZZY,100.0,49.38,0.0,AUTO_APPROVE,False
APP002314,APP007291,60.52,FUZZY,66.67,40.62,75.0,AUTO_APPROVE,False
APP002315,APP002741,100.0,FUZZY,100.0,100.0,100.0,AUTO_REJECT,True
APP002316,APP005745,57.04,FUZZY,85.71,47.27,0.0,AUTO_APPROVE,False
APP002317,APP002406,64.44,FUZZY,100.0,48.15,0.0,AUTO_APPROVE,False
APP002318,APP000250,63.31,FUZZY,54.55,70.13,75.0,AUTO_APPROVE,False
APP002319,APP004158,65.09,FUZZY,68.42,52.94,75.0,AUTO_APPROVE,False
APP002320,APP001189,58.55,FUZZY,51.61,59.15,75.0,AUTO_APPROVE,False
APP002321,APP009138,70.0,FUZZY,70.0,66.67,75.0,AUTO_APPROVE,False
APP002322,APP004021,70.44,FUZZY,66.67,73.68,75.0,AUTO_APPROVE,False
APP002323,APP003799,59.35,FUZZY,55.17,39.22,100.0,AUTO_APPROVE,False
APP002324,APP003718,100.0,FUZZY,100.0,100.0,100.0,AUTO_REJECT,True
APP002325,APP000157,57.5,FUZZY,100.0,25.0,0.0,AUTO_APPROVE,False
APP002326,APP002945,52.66,FUZZY,64.29,55.07,20.0,AUTO_APPROVE,False
APP002327,APP008028,69.0,FUZZY,100.0,50.0,20.0,AUTO_APPROVE,False
APP002328,APP008921,56.71,FUZZY,78.95,44.12,20.0,AUTO_APPROVE,False
APP002329,APP000904,60.48,FUZZY,100.0,34.92,0.0,AUTO_APPROVE,False
APP002330,APP009366,91.88,FUZZY,93.75,100.0,75.0,FLAG_FOR_REVIEW,True
APP002331,APP004644,93.0,FUZZY,86.0,100.0,100.0,AUTO_REJECT,True
APP002332,APP009510,67.33,FUZZY,66.67,100.0,20.0,AUTO_APPROVE,False
APP002333,APP008996,75.24,FUZZY,86.49,56.67,75.0,AUTO_APPROVE,False
APP002334,APP002718,57.74,FUZZY,54.55,88.24,20.0,AUTO_APPROVE,False
APP002335,APP000337,62.57,FUZZY,86.67,50.79,20.0,AUTO_APPROVE,False
APP002336,APP007869,53.17,FUZZY,62.5,59.74,20.0,AUTO_APPROVE,False
APP002337,APP000660,64.03,FUZZY,100.0,46.75,0.0,AUTO_APPROVE,False
APP002338,APP008245,62.81,FUZZY,64.71,51.52,75.0,AUTO_APPROVE,False
APP002339,APP009711,68.95,FUZZY,100.0,63.16,0.0,AUTO_APPROVE,False
APP002340,APP007567,97.06,FUZZY,94.12,100.0,100.0,AUTO_REJECT,True
APP002341,APP003682,63.94,FUZZY,83.87,60.0,20.0,AUTO_APPROVE,False
APP002342,APP005075,61.56,FUZZY,70.27,38.1,75.0,AUTO_APPROVE,False
APP002343,APP002131,71.9,FUZZY,83.33,50.79,75.0,AUTO_APPROVE,False
APP002344,APP001395,64.57,FUZZY,100.0,48.57,0.0,AUTO_APPROVE,False
APP002345,APP005473,62.84,FUZZY,82.05,59.38,20.0,AUTO_APPROVE,False
APP002346,APP009434,67.37,FUZZY,100.0,57.89,0.0,AUTO_APPROVE,False
APP002347,APP004700,52.71,FUZZY,85.71,32.84,0.0,AUTO_APPROVE,False
APP002348,APP001812,100.0,EXACT_PAN,100.0,100.0,100.0,AUTO_REJECT,True
APP002349,APP000303,60.82,FUZZY,65.0,81.08,20.0,AUTO_APPROVE,False
APP002350,APP004939,55.15,FUZZY,61.11,68.66,20.0,AUTO_APPROVE,False
APP002351,APP004613,65.35,FUZZY,100.0,37.84,20.0,AUTO_APPROVE,False
APP002352,APP002721,100.0,EXACT_PAN,100.0,100.0,75.0,AUTO_REJECT,True
APP002353,APP007555,70.12,FUZZY,100.0,53.73,20.0,AUTO_APPROVE,False
APP002354,APP004450,60.65,FUZZY,95.0,43.84,0.0,AUTO_APPROVE,False
APP002355,APP004017,62.0,FUZZY,100.0,40.0,0.0,AUTO_APPROVE,False
APP002356,APP007279,62.41,FUZZY,96.97,46.43,0.0,AUTO_APPROVE,False
APP002357,APP002743,63.12,FUZZY,52.63,56.0,100.0,AUTO_APPROVE,False
APP002358,APP009089,66.0,FUZZY,100.0,53.33,0.0,AUTO_APPROVE,False
APP002359,APP001765,60.59,FUZZY,63.64,45.9,75.0,AUTO_APPROVE,False
APP002360,APP008859,69.5,FUZZY,100.0,65.0,0.0,AUTO_APPROVE,False
APP002361,APP000130,59.45,FUZZY,78.79,53.52,20.0,AUTO_APPROVE,False
APP002362,APP000430,97.0,EXACT_PHONE,94.12,100.0,75.0,AUTO_REJECT,True
APP002363,APP005085,51.01,FUZZY,63.16,51.43,20.0,AUTO_APPROVE,False
APP002364,APP007079,91.67,FUZZY,93.33,100.0,75.0,FLAG_FOR_REVIEW,True
APP002365,APP004091,100.0,FUZZY,100.0,100.0,100.0,AUTO_REJECT,True
APP002366,APP008859,63.24,FUZZY,61.54,58.23,75.0,AUTO_APPROVE,False
APP002367,APP003482,66.91,FUZZY,84.21,69.33,20.0,AUTO_APPROVE,False
APP002368,APP000516,97.0,EXACT_PHONE,96.77,100.0,100.0,AUTO_REJECT,True
APP002369,APP009196,62.0,FUZZY,100.0,40.0,0.0,AUTO_APPROVE,False
APP002370,APP007983,76.67,FUZZY,100.0,88.89,0.0,AUTO_APPROVE,False
APP002371,APP007075,93.78,FUZZY,97.56,100.0,75.0,AUTO_REJECT,True
APP002372,APP006190,70.72,FUZZY,85.0,44.07,75.0,AUTO_APPROVE,False
APP002373,APP004378,68.88,FUZZY,83.87,76.47,20.0,AUTO_APPROVE,False
APP002374,APP009009,58.57,FUZZY,57.14,100.0,0.0,AUTO_APPROVE,False
APP002375,APP004256,62.46,FUZZY,76.92,66.67,20.0,AUTO_APPROVE,False
APP002376,APP003914,63.33,FUZZY,66.67,100.0,0.0,AUTO_APPROVE,False
APP002377,APP007250,64.11,FUZZY,58.82,65.67,75.0,AUTO_APPROVE,False
APP002378,APP000814,97.37,FUZZY,94.74,100.0,100.0,AUTO_REJECT,True
APP002379,APP004275,62.26,FUZZY,64.52,50.0,75.0,AUTO_APPROVE,False
APP002380,APP007437,74.15,FUZZY,68.29,66.67,100.0,AUTO_APPROVE,False
APP002381,APP001078,65.2,FUZZY,100.0,50.67,0.0,AUTO_APPROVE,False
APP002382,APP009113,63.1,FUZZY,78.57,79.37,0.0,AUTO_APPROVE,False
APP002383,APP009469,97.0,EXACT_PHONE,97.3,100.0,75.0,AUTO_REJECT,True
APP002384,APP002082,67.0,FUZZY,55.0,65.0,100.0,AUTO_APPROVE,False
APP002385,APP001318,61.88,FUZZY,56.41,45.57,100.0,AUTO_APPROVE,False
APP002386,APP008942,58.57,FUZZY,57.14,100.0,0.0,AUTO_APPROVE,False
APP002387,APP006386,59.12,FUZZY,64.52,76.19,20.0,AUTO_APPROVE,False
APP002388,APP004208,63.08,FUZZY,63.16,91.67,20.0,AUTO_APPROVE,False
APP002389,APP004119,70.21,FUZZY,54.05,93.94,75.0,AUTO_APPROVE,False
APP002390,APP000389,68.24,FUZZY,76.47,50.0,75.0,AUTO_APPROVE,False
APP002391,APP000878,60.34,FUZZY,42.11,64.29,100.0,AUTO_APPROVE,False
APP002392,APP005561,58.06,FUZZY,80.0,46.88,20.0,AUTO_APPROVE,False
APP002393,APP002122,62.47,FUZZY,62.5,54.05,75.0,AUTO_APPROVE,False
APP002394,APP005862,64.99,FUZZY,73.68,43.84,75.0,AUTO_APPROVE,False
APP002395,APP004773,62.19,FUZZY,100.0,40.62,0.0,AUTO_APPROVE,False
APP002396,APP006008,54.62,FUZZY,81.25,33.33,20.0,AUTO_APPROVE,False
APP002397,APP009339,96.88,FUZZY,93.75,100.0,100.0,AUTO_REJECT,True
APP002398,APP009079,64.91,FUZZY,100.0,36.36,20.0,AUTO_APPROVE,False
APP002399,APP004424,100.0,FUZZY,100.0,100.0,100.0,AUTO_REJECT,True
APP002400,APP008003,100.0,EXACT_PAN,100.0,100.0,100.0,AUTO_REJECT,True
APP002401,APP003692,62.47,FUZZY,94.44,37.5,20.0,AUTO_APPROVE,False
APP002402,APP005461,57.57,FUZZY,52.63,37.5,100.0,AUTO_APPROVE,False
APP002403,APP006102,63.77,FUZZY,100.0,45.9,0.0,AUTO_APPROVE,False
APP002404,APP002611,92.37,FUZZY,94.74,100.0,75.0,AUTO_REJECT,True
APP002405,APP008844,64.4,FUZZY,100.0,48.0,0.0,AUTO_APPROVE,False
APP002406,APP008145,66.76,FUZZY,100.0,55.88,0.0,AUTO_APPROVE,False
APP002407,APP005163,61.34,FUZZY,84.21,50.79,20.0,AUTO_APPROVE,False
APP002408,APP000165,100.0,FUZZY,100.0,100.0,100.0,AUTO_REJECT,True
APP002409,APP006155,66.08,FUZZY,58.82,72.22,75.0,AUTO_APPROVE,False
APP002410,APP007523,58.4,FUZZY,56.25,50.91,75.0,AUTO_APPROVE,False
APP002411,APP004079,63.45,FUZZY,100.0,44.83,0.0,AUTO_APPROVE,False
APP002412,APP004628,93.57,FUZZY,97.14,100.0,75.0,AUTO_REJECT,True
APP002413,APP004890,62.19,FUZZY,100.0,40.62,0.0,AUTO_APPROVE,False
APP002414,APP005912,98.65,FUZZY,97.3,100.0,100.0,AUTO_REJECT,True
APP002415,APP005931,73.42,FUZZY,94.62,37.04,75.0,AUTO_APPROVE,False
APP002416,APP000943,69.5,FUZZY,100.0,65.0,0.0,AUTO_APPROVE,False
APP002417,APP002989,61.0,FUZZY,71.43,70.97,20.0,AUTO_APPROVE,False
APP002418,APP005355,100.0,FUZZY,100.0,100.0,100.0,AUTO_REJECT,True
APP002419,APP000814,61.61,FUZZY,100.0,38.71,0.0,AUTO_APPROVE,False
APP002420,APP001387,100.0,FUZZY,100.0,100.0,100.0,AUTO_REJECT,True
APP002421,APP002854,64.22,FUZZY,74.07,40.62,75.0,AUTO_APPROVE,False
APP002422,APP009681,59.15,FUZZY,100.0,30.51,0.0,AUTO_APPROVE,False
APP002423,APP002105,61.25,FUZZY,62.5,50.0,75.0,AUTO_APPROVE,False
APP002424,APP000129,100.0,FUZZY,100.0,100.0,100.0,AUTO_REJECT,True
APP002425,APP006450,71.25,FUZZY,62.5,66.67,100.0,AUTO_APPROVE,False
APP002426,APP007779,70.25,FUZZY,62.5,80.0,75.0,AUTO_APPROVE,False
APP002427,APP007161,79.52,FUZZY,100.0,31.75,100.0,AUTO_APPROVE,True
APP002428,APP005733,66.36,FUZZY,100.0,54.55,0.0,AUTO_APPROVE,False
APP002429,APP003640,70.1,FUZZY,100.0,53.66,20.0,AUTO_APPROVE,False
APP002430,APP008381,67.65,FUZZY,100.0,58.82,0.0,AUTO_APPROVE,False
APP002431,APP006593,63.97,FUZZY,100.0,46.58,0.0,AUTO_APPROVE,False
APP002432,APP001198,64.35,FUZZY,100.0,47.83,0.0,AUTO_APPROVE,False
APP002433,APP009614,100.0,FUZZY,100.0,100.0,100.0,AUTO_REJECT,True
APP002434,APP005653,65.99,FUZZY,82.93,68.42,20.0,AUTO_APPROVE,False
APP002435,APP003358,61.23,FUZZY,81.08,68.97,0.0,AUTO_APPROVE,False
APP002436,APP006456,60.43,FUZZY,100.0,34.78,0.0,AUTO_APPROVE,False
APP002437,APP002319,60.68,FUZZY,72.22,31.88,75.0,AUTO_APPROVE,False
APP002438,APP009508,63.0,FUZZY,64.52,35.82,100.0,AUTO_APPROVE,False
APP002439,APP004529,65.0,FUZZY,100.0,50.0,0.0,AUTO_APPROVE,False
APP002440,APP005669,65.17,FUZZY,84.85,62.5,20.0,AUTO_APPROVE,False
APP002441,APP005722,53.43,FUZZY,34.48,53.97,100.0,AUTO_APPROVE,False
APP002442,APP004375,74.0,FUZZY,100.0,80.0,0.0,AUTO_APPROVE,False
APP002443,APP004029,66.64,FUZZY,69.57,92.86,20.0,AUTO_APPROVE,False
APP002444,APP004441,52.85,FUZZY,78.57,31.88,20.0,AUTO_APPROVE,False
APP002445,APP007409,61.35,FUZZY,83.87,64.71,0.0,AUTO_APPROVE,False
APP002446,APP008833,98.0,FUZZY,100.0,100.0,90.0,AUTO_REJECT,True
APP002447,APP003293,75.56,FUZZY,100.0,71.88,20.0,AUTO_APPROVE,False
APP002448,APP003889,68.32,FUZZY,87.5,68.57,20.0,AUTO_APPROVE,False
APP002449,APP002075,60.71,FUZZY,58.54,54.79,75.0,AUTO_APPROVE,False
APP002450,APP007967,64.21,FUZZY,74.07,40.58,75.0,AUTO_APPROVE,False
APP002451,APP008001,100.0,EXACT_PAN,97.56,100.0,100.0,AUTO_REJECT,True
APP002452,APP002624,70.82,FUZZY,100.0,69.39,0.0,AUTO_APPROVE,False
APP002453,APP008763,61.38,FUZZY,100.0,37.93,0.0,AUTO_APPROVE,False
APP002454,APP008266,65.94,FUZZY,81.25,34.38,75.0,AUTO_APPROVE,False
APP002455,APP002515,71.14,FUZZY,80.0,90.48,20.0,AUTO_APPROVE,False
APP002456,APP004198,69.29,FUZZY,70.97,62.69,75.0,AUTO_APPROVE,False
APP002457,APP000583,80.29,FUZZY,100.0,34.29,100.0,FLAG_FOR_REVIEW,True
APP002458,APP001639,57.78,FUZZY,81.25,43.84,20.0,AUTO_APPROVE,False
APP002459,APP005163,100.0,EXACT_PAN,94.74,100.0,75.0,AUTO_REJECT,True
APP002460,APP009034,60.3,FUZZY,68.97,36.07,75.0,AUTO_APPROVE,False
APP002461,APP006500,65.0,FUZZY,100.0,50.0,0.0,AUTO_APPROVE,False
APP002462,APP002127,70.27,FUZZY,100.0,67.57,0.0,AUTO_APPROVE,False
APP002463,APP001651,60.59,FUZZY,100.0,35.29,0.0,AUTO_APPROVE,False
APP002464,APP001734,62.35,FUZZY,100.0,41.18,0.0,AUTO_APPROVE,False
APP002465,APP008116,54.27,FUZZY,78.57,36.62,20.0,AUTO_APPROVE,False
APP002466,APP001373,100.0,EXACT_PAN,100.0,100.0,90.0,AUTO_REJECT,True
APP002467,APP007379,65.22,FUZZY,100.0,50.75,0.0,AUTO_APPROVE,False
APP002468,APP004613,60.09,FUZZY,66.67,75.86,20.0,AUTO_APPROVE,False
APP002469,APP001905,98.48,FUZZY,96.97,100.0,100.0,AUTO_REJECT,True
APP002470,APP002550,97.06,FUZZY,94.12,100.0,100.0,AUTO_REJECT,True
APP002471,APP000892,57.66,FUZZY,74.07,68.75,0.0,AUTO_APPROVE,False
APP002472,APP004284,62.19,FUZZY,100.0,40.62,0.0,AUTO_APPROVE,False
APP002473,APP004996,63.29,FUZZY,68.57,46.67,75.0,AUTO_APPROVE,False
APP002474,APP007623,71.49,FUZZY,70.27,71.19,75.0,AUTO_APPROVE,False
APP002475,APP001373,66.96,FUZZY,71.43,37.5,100.0,AUTO_APPROVE,False
APP002476,APP004650,58.54,FUZZY,78.26,64.71,0.0,AUTO_APPROVE,False
APP002477,APP001472,67.67,FUZZY,83.33,36.67,75.0,AUTO_APPROVE,False
APP002478,APP007051,60.5,FUZZY,69.57,35.71,75.0,AUTO_APPROVE,False
APP002479,APP000442,70.0,FUZZY,100.0,66.67,0.0,AUTO_APPROVE,False
APP002480,APP003175,53.72,FUZZY,78.57,34.78,20.0,AUTO_APPROVE,False
APP002481,APP006989,54.44,FUZZY,47.06,36.36,100.0,AUTO_APPROVE,False
APP002482,APP007235,67.27,FUZZY,66.67,53.12,90.0,AUTO_APPROVE,False
APP002483,APP006204,64.78,FUZZY,70.0,49.28,75.0,AUTO_APPROVE,False
APP002484,APP000825,58.56,FUZZY,78.26,51.43,20.0,AUTO_APPROVE,False
APP002485,APP001948,98.65,FUZZY,97.3,100.0,100.0,AUTO_REJECT,True
APP002486,APP002577,53.58,FUZZY,61.54,62.69,20.0,AUTO_APPROVE,False
APP002487,APP005831,58.38,FUZZY,76.19,54.29,20.0,AUTO_APPROVE,False
APP002488,APP007702,65.44,FUZZY,46.67,73.68,100.0,AUTO_APPROVE,False
APP002489,APP000187,70.29,FUZZY,100.0,54.29,20.0,AUTO_APPROVE,False
APP002490,APP002735,63.33,FUZZY,100.0,44.44,0.0,AUTO_APPROVE,False
APP002491,APP001693,62.08,FUZZY,84.85,52.17,20.0,AUTO_APPROVE,False
APP002492,APP001431,62.91,FUZZY,100.0,43.04,0.0,AUTO_APPROVE,False
APP002493,APP008165,65.6,FUZZY,80.0,72.0,20.0,AUTO_APPROVE,False
APP002494,APP001972,65.13,FUZZY,66.67,56.0,75.0,AUTO_APPROVE,False
APP002495,APP003241,61.6,FUZZY,80.0,72.0,0.0,AUTO_APPROVE,False
APP002496,APP009838,63.73,FUZZY,84.62,58.06,20.0,AUTO_APPROVE,False
APP002497,APP003717,63.86,FUZZY,83.87,59.74,20.0,AUTO_APPROVE,False
APP002498,APP009220,56.32,FUZZY,52.63,33.33,100.0,AUTO_APPROVE,False
APP002499,APP001110,60.54,FUZZY,66.67,40.68,75.0,AUTO_APPROVE,False
APP002500,APP005140,95.0,FUZZY,100.0,100.0,75.0,AUTO_REJECT,True
APP002501,APP003924,67.69,FUZZY,66.67,64.52,75.0,AUTO_APPROVE,False
APP002502,APP000110,61.25,FUZZY,50.0,54.17,100.0,AUTO_APPROVE,False
APP002503,APP003666,58.36,FUZZY,55.56,51.95,75.0,AUTO_APPROVE,False
APP002504,APP007741,76.19,FUZZY,66.67,92.86,75.0,AUTO_APPROVE,False
APP002505,APP007210,58.08,FUZZY,75.86,53.85,20.0,AUTO_APPROVE,False
APP002506,APP001962,60.54,FUZZY,66.67,40.68,75.0,AUTO_APPROVE,False
APP002507,APP006501,65.41,FUZZY,100.0,51.35,0.0,AUTO_APPROVE,False
APP002508,APP000323,71.0,FUZZY,80.0,53.33,75.0,AUTO_APPROVE,False
APP002509,APP003872,59.7,FUZZY,55.0,40.68,100.0,AUTO_APPROVE,False
APP002510,APP004073,58.12,FUZZY,52.63,56.0,75.0,AUTO_APPROVE,False
APP002511,APP005391,70.36,FUZZY,82.35,47.27,75.0,AUTO_APPROVE,False
APP002512,APP005140,67.56,FUZZY,100.0,58.54,0.0,AUTO_APPROVE,False
APP002513,APP006160,100.0,EXACT_PAN,94.74,100.0,75.0,AUTO_REJECT,True
APP002514,APP003476,58.19,FUZZY,55.56,41.38,90.0,AUTO_APPROVE,False
APP002515,APP002455,71.14,FUZZY,80.0,90.48,20.0,AUTO_APPROVE,False
APP002516,APP009414,60.67,FUZZY,53.33,100.0,20.0,AUTO_APPROVE,False
APP002517,APP008224,72.14,FUZZY,88.89,42.31,75.0,AUTO_APPROVE,False
APP002518,APP007694,91.15,FUZZY,92.31,100.0,75.0,FLAG_FOR_REVIEW,True
APP002519,APP004855,60.18,FUZZY,66.67,39.47,75.0,AUTO_APPROVE,False
APP002520,APP000052,62.65,FUZZY,80.0,62.16,20.0,AUTO_APPROVE,False
APP002521,APP000381,62.5,FUZZY,64.52,50.79,75.0,AUTO_APPROVE,False
APP002522,APP007328,100.0,EXACT_PAN,97.14,100.0,100.0,AUTO_REJECT,True
APP002523,APP002856,74.8,FUZZY,78.79,51.35,100.0,AUTO_APPROVE,False
APP002524,APP001614,62.68,FUZZY,62.5,38.1,100.0,AUTO_APPROVE,False
APP002525,APP006582,62.38,FUZZY,100.0,41.27,0.0,AUTO_APPROVE,False
APP002526,APP007935,61.14,FUZZY,100.0,37.14,0.0,AUTO_APPROVE,False
APP002527,APP005799,55.37,FUZZY,62.07,67.8,20.0,AUTO_APPROVE,False
APP002528,APP007797,60.43,FUZZY,100.0,34.78,0.0,AUTO_APPROVE,False
APP002529,APP006312,91.67,FUZZY,93.33,100.0,75.0,FLAG_FOR_REVIEW,True
APP002530,APP003747,69.41,FUZZY,100.0,64.71,0.0,AUTO_APPROVE,False
APP002531,APP003084,60.07,FUZZY,60.61,49.23,75.0,AUTO_APPROVE,False
APP002532,APP000456,61.94,FUZZY,78.95,61.54,20.0,AUTO_APPROVE,False
APP002533,APP006439,63.33,FUZZY,66.67,100.0,0.0,AUTO_APPROVE,False
APP002534,APP000558,95.62,FUZZY,91.25,100.0,100.0,AUTO_REJECT,True
APP002535,APP006218,61.49,FUZZY,83.87,51.85,20.0,AUTO_APPROVE,False
APP002536,APP005181,59.52,FUZZY,100.0,31.75,0.0,AUTO_APPROVE,False
APP002537,APP001083,68.57,FUZZY,100.0,61.9,0.0,AUTO_APPROVE,False
APP002538,APP006348,97.0,EXACT_PHONE,92.31,100.0,75.0,AUTO_REJECT,True
APP002539,APP008132,60.26,FUZZY,84.85,59.46,0.0,AUTO_APPROVE,False
APP002540,APP000102,92.22,FUZZY,94.44,100.0,75.0,AUTO_REJECT,True
APP002541,APP005234,64.06,FUZZY,100.0,46.88,0.0,AUTO_APPROVE,False
APP002542,APP006140,66.24,FUZZY,51.43,68.42,100.0,AUTO_APPROVE,False
APP002543,APP006683,62.14,FUZZY,57.14,61.9,75.0,AUTO_APPROVE,False
APP002544,APP008201,65.74,FUZZY,82.76,67.86,20.0,AUTO_APPROVE,False
APP002545,APP009104,67.5,FUZZY,100.0,58.33,0.0,AUTO_APPROVE,False
APP002546,APP004370,61.15,FUZZY,81.25,68.42,0.0,AUTO_APPROVE,False
APP002547,APP006760,65.21,FUZZY,54.05,77.27,75.0,AUTO_APPROVE,False
APP002548,APP005885,59.15,FUZZY,81.25,61.76,0.0,AUTO_APPROVE,False
APP002549,APP004948,58.12,FUZZY,80.0,47.06,20.0,AUTO_APPROVE,False
APP002550,APP002470,97.06,FUZZY,94.12,100.0,100.0,AUTO_REJECT,True
APP002551,APP009260,65.35,FUZZY,81.25,69.09,20.0,AUTO_APPROVE,False
APP002552,APP009564,62.26,FUZZY,64.52,100.0,0.0,AUTO_APPROVE,False
APP002553,APP000334,75.05,FUZZY,64.71,92.31,75.0,AUTO_APPROVE,False
APP002554,APP004269,56.48,FUZZY,75.86,48.48,20.0,AUTO_APPROVE,False
APP002555,APP004686,69.31,FUZZY,71.43,61.97,75.0,AUTO_APPROVE,False
APP002556,APP009242,56.08,FUZZY,50.0,36.92,100.0,AUTO_APPROVE,False
APP002557,APP001520,100.0,EXACT_PAN,100.0,100.0,75.0,AUTO_REJECT,True
APP002558,APP003159,57.0,FUZZY,80.0,56.67,0.0,AUTO_APPROVE,False
APP002559,APP001129,100.0,FUZZY,100.0,100.0,100.0,AUTO_REJECT,True
APP002560,APP002699,60.36,FUZZY,50.0,67.86,75.0,AUTO_APPROVE,False
APP002561,APP006678,100.0,EXACT_PAN,94.12,100.0,75.0,AUTO_REJECT,True
APP002562,APP007744,66.67,FUZZY,100.0,55.56,0.0,AUTO_APPROVE,False
APP002563,APP004239,95.0,FUZZY,100.0,100.0,75.0,AUTO_REJECT,True
APP002564,,0.0,NO_MATCH,0.0,0.0,0.0,AUTO_APPROVE,False
APP002565,APP000589,76.02,FUZZY,83.33,64.52,75.0,AUTO_APPROVE,False
APP002566,APP003640,57.04,FUZZY,66.67,29.03,75.0,AUTO_APPROVE,False
APP002567,APP008481,63.12,FUZZY,100.0,43.75,0.0,AUTO_APPROVE,False
APP002568,,0.0,NO_MATCH,0.0,0.0,0.0,AUTO_APPROVE,False
APP002569,APP004086,65.59,FUZZY,64.52,61.11,75.0,AUTO_APPROVE,False
APP002570,APP000262,64.24,FUZZY,100.0,47.46,0.0,AUTO_APPROVE,False
APP002571,APP006773,71.69,FUZZY,100.0,58.97,20.0,AUTO_APPROVE,False
APP002572,APP009870,64.12,FUZZY,100.0,47.06,0.0,AUTO_APPROVE,False
APP002573,APP003019,65.08,FUZZY,82.76,65.67,20.0,AUTO_APPROVE,False
APP002574,APP005338,67.79,FUZZY,66.67,64.86,75.0,AUTO_APPROVE,False
APP002575,APP000529,61.83,FUZZY,82.76,68.18,0.0,AUTO_APPROVE,False
APP002576,APP004709,68.86,FUZZY,100.0,62.86,0.0,AUTO_APPROVE,False
APP002577,APP007220,56.94,FUZZY,83.87,50.0,0.0,AUTO_APPROVE,False
APP002578,APP002843,53.72,FUZZY,63.16,60.47,20.0,AUTO_APPROVE,False
APP002579,APP006410,65.0,FUZZY,70.0,50.0,75.0,AUTO_APPROVE,False
APP002580,APP000672,98.48,FUZZY,96.97,100.0,100.0,AUTO_REJECT,True
APP002581,APP003027,68.18,FUZZY,100.0,60.61,0.0,AUTO_APPROVE,False
APP002582,APP000043,60.38,FUZZY,100.0,34.62,0.0,AUTO_APPROVE,False
APP002583,APP001072,66.38,FUZZY,82.76,33.33,75.0,AUTO_APPROVE,False
APP002584,APP004403,98.0,FUZZY,100.0,100.0,90.0,AUTO_REJECT,True
APP002585,APP001411,63.85,FUZZY,100.0,46.15,0.0,AUTO_APPROVE,False
APP002586,APP000995,58.96,FUZZY,100.0,29.85,0.0,AUTO_APPROVE,False
APP002587,APP006023,57.68,FUZZY,73.33,56.72,20.0,AUTO_APPROVE,False
APP002588,APP000703,64.17,FUZZY,100.0,47.22,0.0,AUTO_APPROVE,False
APP002589,APP003922,62.16,FUZZY,100.0,40.54,0.0,AUTO_APPROVE,False
APP002590,APP001611,62.26,FUZZY,80.0,60.87,20.0,AUTO_APPROVE,False
APP002591,APP004171,65.83,FUZZY,100.0,52.78,0.0,AUTO_APPROVE,False
APP002592,APP005268,60.82,FUZZY,100.0,36.07,0.0,AUTO_APPROVE,False
APP002593,APP005838,66.17,FUZZY,53.33,81.69,75.0,AUTO_APPROVE,False
APP002594,APP003055,61.41,FUZZY,66.67,43.59,75.0,AUTO_APPROVE,False
APP002595,APP003721,59.91,FUZZY,63.16,44.44,75.0,AUTO_APPROVE,False
APP002596,APP008988,59.51,FUZZY,78.79,53.73,20.0,AUTO_APPROVE,False
APP002597,APP009834,62.33,FUZZY,100.0,41.1,0.0,AUTO_APPROVE,False
APP002598,APP006392,64.06,FUZZY,100.0,46.88,0.0,AUTO_APPROVE,False
APP002599,APP009958,65.48,FUZZY,66.67,57.14,75.0,AUTO_APPROVE,False
APP002600,APP007612,64.57,FUZZY,100.0,48.57,0.0,AUTO_APPROVE,False
APP002601,APP000261,57.8,FUZZY,81.25,43.9,20.0,AUTO_APPROVE,False
APP002602,APP007464,58.62,FUZZY,72.73,60.87,20.0,AUTO_APPROVE,False
APP002603,APP001848,59.15,FUZZY,100.0,30.51,0.0,AUTO_APPROVE,False
APP002604,APP006893,65.0,FUZZY,100.0,50.0,0.0,AUTO_APPROVE,False
APP002605,APP004718,61.74,FUZZY,76.47,65.0,20.0,AUTO_APPROVE,False
APP002606,APP005416,66.76,FUZZY,64.52,65.0,75.0,AUTO_APPROVE,False
APP002607,APP000131,58.01,FUZZY,62.86,38.6,75.0,AUTO_APPROVE,False
APP002608,APP009439,64.53,FUZZY,42.11,78.26,100.0,AUTO_APPROVE,False
APP002609,APP000511,53.32,FUZZY,75.0,39.39,20.0,AUTO_APPROVE,False
APP002610,APP008587,59.55,FUZZY,100.0,31.82,0.0,AUTO_APPROVE,False
APP002611,APP002404,92.37,FUZZY,94.74,100.0,75.0,AUTO_REJECT,True
APP002612,APP009655,61.6,FUZZY,74.29,68.18,20.0,AUTO_APPROVE,False
APP002613,APP007656,67.89,FUZZY,81.82,76.6,20.0,AUTO_APPROVE,False
APP002614,APP005873,54.14,FUZZY,81.08,32.0,20.0,AUTO_APPROVE,False
APP002615,APP008237,65.43,FUZZY,100.0,51.43,0.0,AUTO_APPROVE,False
APP002616,APP001410,58.96,FUZZY,100.0,29.85,0.0,AUTO_APPROVE,False
APP002617,APP005146,65.16,FUZZY,72.73,82.67,20.0,AUTO_APPROVE,False
APP002618,APP001338,63.62,FUZZY,70.59,81.08,20.0,AUTO_APPROVE,False
APP002619,APP007474,93.57,FUZZY,97.14,100.0,75.0,AUTO_REJECT,True
APP002620,APP002965,89.2,FUZZY,100.0,64.0,100.0,FLAG_FOR_REVIEW,True
APP002621,APP004702,68.12,FUZZY,69.57,61.11,75.0,AUTO_APPROVE,False
APP002622,APP000466,64.24,FUZZY,100.0,47.46,0.0,AUTO_APPROVE,False
APP002623,APP000049,57.33,FUZZY,58.82,43.08,75.0,AUTO_APPROVE,False
APP002624,APP001769,71.17,FUZZY,66.67,59.46,100.0,AUTO_APPROVE,False
APP002625,APP002035,50.83,FUZZY,55.17,64.15,20.0,AUTO_APPROVE,False
APP002626,APP000180,69.53,FUZZY,100.0,65.12,0.0,AUTO_APPROVE,False
APP002627,APP005456,80.35,FUZZY,92.22,47.46,100.0,FLAG_FOR_REVIEW,True
APP002628,APP006084,100.0,EXACT_PAN,94.44,100.0,100.0,AUTO_REJECT,True
APP002629,APP006022,66.44,FUZZY,100.0,54.79,0.0,AUTO_APPROVE,False
APP002630,APP006263,63.85,FUZZY,100.0,46.15,0.0,AUTO_APPROVE,False
APP002631,APP004953,57.96,FUZZY,41.18,57.89,100.0,AUTO_APPROVE,False
APP002632,APP001510,66.18,FUZZY,81.25,85.19,0.0,AUTO_APPROVE,False
APP002633,APP009671,71.74,FUZZY,100.0,72.46,0.0,AUTO_APPROVE,False
APP002634,APP007727,66.87,FUZZY,61.11,71.05,75.0,AUTO_APPROVE,False
APP002635,,0.0,NO_MATCH,0.0,0.0,0.0,AUTO_APPROVE,False
APP002636,APP007668,59.52,FUZZY,100.0,31.75,0.0,AUTO_APPROVE,False
APP002637,APP007279,58.0,FUZZY,84.85,38.6,20.0,AUTO_APPROVE,False
APP002638,APP004103,58.17,FUZZY,81.25,45.16,20.0,AUTO_APPROVE,False
APP002639,APP009951,61.0,FUZZY,80.0,56.67,20.0,AUTO_APPROVE,False
APP002640,APP008959,69.37,FUZZY,80.0,47.89,75.0,AUTO_APPROVE,False
APP002641,APP005059,63.5,FUZZY,100.0,45.0,0.0,AUTO_APPROVE,False
APP002642,APP006839,62.15,FUZZY,100.0,40.51,0.0,AUTO_APPROVE,False
APP002643,APP008092,68.26,FUZZY,78.57,46.58,75.0,AUTO_APPROVE,False
APP002644,APP006174,58.71,FUZZY,100.0,29.03,0.0,AUTO_APPROVE,False
APP002645,APP007167,64.75,FUZZY,100.0,49.18,0.0,AUTO_APPROVE,False
APP002646,APP009339,65.93,FUZZY,60.61,68.75,75.0,AUTO_APPROVE,False
APP002647,APP001209,69.63,FUZZY,96.97,57.14,20.0,AUTO_APPROVE,False
APP002648,APP008623,71.03,FUZZY,58.06,90.0,75.0,AUTO_APPROVE,False
APP002649,APP002832,65.43,FUZZY,72.0,48.1,75.0,AUTO_APPROVE,False
APP002650,APP005079,65.56,FUZZY,100.0,51.85,0.0,AUTO_APPROVE,False
APP002651,APP008751,55.0,FUZZY,80.0,50.0,0.0,AUTO_APPROVE,False
APP002652,APP006734,61.82,FUZZY,83.33,53.85,20.0,AUTO_APPROVE,False
APP002653,APP006147,54.24,FUZZY,38.89,49.32,100.0,AUTO_APPROVE,False
APP002654,APP002597,56.79,FUZZY,70.59,58.33,20.0,AUTO_APPROVE,False
APP002655,APP002248,70.87,FUZZY,100.0,69.57,0.0,AUTO_APPROVE,False
APP002656,APP000191,58.57,FUZZY,57.14,100.0,0.0,AUTO_APPROVE,False
APP002657,APP005568,100.0,FUZZY,100.0,100.0,100.0,AUTO_REJECT,True
APP002658,APP009954,61.05,FUZZY,42.11,66.67,100.0,AUTO_APPROVE,False
APP002659,APP008043,65.15,FUZZY,84.21,63.49,20.0,AUTO_APPROVE,False
APP002660,APP002786,58.71,FUZZY,100.0,29.03,0.0,AUTO_APPROVE,False
APP002661,APP002956,65.37,FUZZY,83.87,64.79,20.0,AUTO_APPROVE,False
APP002662,APP009363,66.76,FUZZY,76.47,45.07,75.0,AUTO_APPROVE,False
APP002663,APP000914,71.18,FUZZY,100.0,70.59,0.0,AUTO_APPROVE,False
APP002664,APP002538,63.61,FUZZY,68.75,47.46,75.0,AUTO_APPROVE,False
APP002665,APP005065,76.94,FUZZY,83.87,66.67,75.0,AUTO_APPROVE,False
APP002666,APP006505,58.32,FUZZY,58.82,46.38,75.0,AUTO_APPROVE,False
APP002667,APP002023,65.05,FUZZY,84.21,63.16,20.0,AUTO_APPROVE,False
APP002668,APP005334,97.5,FUZZY,95.0,100.0,100.0,AUTO_REJECT,True
APP002669,APP008127,98.0,FUZZY,100.0,100.0,90.0,AUTO_REJECT,True
APP002670,APP002008,64.27,FUZZY,41.67,78.12,100.0,AUTO_APPROVE,False
APP002671,APP005267,55.73,FUZZY,42.42,48.39,100.0,AUTO_APPROVE,False
APP002672,APP008290,63.24,FUZZY,100.0,44.12,0.0,AUTO_APPROVE,False
APP002673,APP003970,64.7,FUZZY,43.24,76.92,100.0,AUTO_APPROVE,False
APP002674,APP006347,61.3,FUZZY,63.16,49.06,75.0,AUTO_APPROVE,False
APP002675,APP004915,65.22,FUZZY,100.0,50.75,0.0,AUTO_APPROVE,False
APP002676,APP009472,66.71,FUZZY,100.0,55.7,0.0,AUTO_APPROVE,False
APP002677,APP006098,65.0,FUZZY,100.0,50.0,0.0,AUTO_APPROVE,False
APP002678,APP006674,67.97,FUZZY,100.0,46.58,20.0,AUTO_APPROVE,False
APP002679,,0.0,NO_MATCH,0.0,0.0,0.0,AUTO_APPROVE,False
APP002680,APP004975,70.62,FUZZY,100.0,68.75,0.0,AUTO_APPROVE,False
APP002681,APP000303,68.33,FUZZY,100.0,47.76,20.0,AUTO_APPROVE,False
APP002682,APP009214,66.8,FUZZY,100.0,56.0,0.0,AUTO_APPROVE,False
APP002683,APP004938,65.0,FUZZY,100.0,50.0,0.0,AUTO_APPROVE,False
APP002684,APP005076,65.78,FUZZY,54.05,62.5,100.0,AUTO_APPROVE,False
APP002685,APP007945,64.93,FUZZY,66.67,55.32,75.0,AUTO_APPROVE,False
APP002686,APP000958,71.43,FUZZY,100.0,71.43,0.0,AUTO_APPROVE,False
APP002687,APP001400,56.35,FUZZY,64.71,66.67,20.0,AUTO_APPROVE,False
APP002688,APP003102,69.43,FUZZY,62.86,76.67,75.0,AUTO_APPROVE,False
APP002689,APP005687,61.76,FUZZY,64.86,47.76,75.0,AUTO_APPROVE,False
APP002690,APP009174,56.37,FUZZY,64.29,30.77,75.0,AUTO_APPROVE,False
APP002691,APP003088,66.89,FUZZY,61.54,53.73,100.0,AUTO_APPROVE,False
APP002692,APP000208,72.26,FUZZY,92.31,73.68,20.0,AUTO_APPROVE,False
APP002693,APP009358,97.31,FUZZY,94.62,100.0,100.0,AUTO_REJECT,True
APP002694,APP002732,58.98,FUZZY,66.67,35.48,75.0,AUTO_APPROVE,False
APP002695,APP007094,53.83,FUZZY,83.33,40.54,0.0,AUTO_APPROVE,False
APP002696,APP005736,66.88,FUZZY,100.0,56.25,0.0,AUTO_APPROVE,False
APP002697,APP004567,95.0,FUZZY,100.0,100.0,75.0,AUTO_REJECT,True
APP002698,APP008422,63.7,FUZZY,60.61,61.33,75.0,AUTO_APPROVE,False
APP002699,APP002560,60.36,FUZZY,50.0,67.86,75.0,AUTO_APPROVE,False
APP002700,APP003750,63.38,FUZZY,100.0,31.25,20.0,AUTO_APPROVE,False
APP002701,APP000934,64.75,FUZZY,100.0,49.18,0.0,AUTO_APPROVE,False
APP002702,APP004986,71.03,FUZZY,100.0,56.76,20.0,AUTO_APPROVE,False
APP002703,APP000850,98.57,FUZZY,97.14,100.0,100.0,AUTO_REJECT,True
APP002704,APP002181,63.33,FUZZY,66.67,100.0,0.0,AUTO_APPROVE,False
APP002705,APP009078,68.25,FUZZY,100.0,47.5,20.0,AUTO_APPROVE,False
APP002706,APP000096,58.24,FUZZY,80.0,47.46,20.0,AUTO_APPROVE,False
APP002707,APP004143,65.86,FUZZY,63.16,64.29,75.0,AUTO_APPROVE,False
APP002708,APP001312,91.88,FUZZY,93.75,100.0,75.0,FLAG_FOR_REVIEW,True
APP002709,APP007237,98.89,FUZZY,97.78,100.0,100.0,AUTO_REJECT,True
APP002710,APP003290,63.68,FUZZY,57.89,49.12,100.0,AUTO_APPROVE,False
APP002711,APP006819,53.21,FUZZY,42.42,40.0,100.0,AUTO_APPROVE,False
APP002712,APP001673,98.39,FUZZY,96.77,100.0,100.0,AUTO_REJECT,True
APP002713,APP000898,57.59,FUZZY,78.26,61.54,0.0,AUTO_APPROVE,False
APP002714,APP001185,66.5,FUZZY,85.0,66.67,20.0,AUTO_APPROVE,False
APP002715,APP003269,100.0,EXACT_PAN,94.74,100.0,75.0,AUTO_REJECT,True
APP002716,APP000587,59.97,FUZZY,82.35,49.32,20.0,AUTO_APPROVE,False
APP002717,APP003452,69.03,FUZZY,82.35,42.86,75.0,AUTO_APPROVE,False
APP002718,APP008778,63.51,FUZZY,59.46,45.95,100.0,AUTO_APPROVE,False
APP002719,APP003580,66.2,FUZZY,71.43,51.61,75.0,AUTO_APPROVE,False
APP002720,APP005519,57.25,FUZZY,62.86,72.73,20.0,AUTO_APPROVE,False
APP002721,APP002352,100.0,EXACT_PAN,100.0,100.0,75.0,AUTO_REJECT,True
APP002722,APP006039,69.33,FUZZY,82.35,43.84,75.0,AUTO_APPROVE,False
APP002723,APP003726,61.42,FUZZY,81.25,56.0,20.0,AUTO_APPROVE,False
APP002724,APP006265,61.64,FUZZY,100.0,38.81,0.0,AUTO_APPROVE,False
APP002725,APP009326,66.94,FUZZY,68.42,42.42,100.0,AUTO_APPROVE,False
APP002726,APP008756,59.23,FUZZY,100.0,30.77,0.0,AUTO_APPROVE,False
APP002727,APP005623,62.21,FUZZY,80.0,60.71,20.0,AUTO_APPROVE,False
APP002728,APP006480,97.37,FUZZY,94.74,100.0,100.0,AUTO_REJECT,True
APP002729,APP007093,59.82,FUZZY,100.0,32.73,0.0,AUTO_APPROVE,False
APP002730,APP008883,62.27,FUZZY,58.54,60.0,75.0,AUTO_APPROVE,False
APP002731,APP005633,67.33,FUZZY,100.0,44.44,20.0,AUTO_APPROVE,False
APP002732,APP005943,67.5,FUZZY,100.0,58.33,0.0,AUTO_APPROVE,False
APP002733,APP008209,60.8,FUZZY,100.0,36.0,0.0,AUTO_APPROVE,False
APP002734,APP007181,65.29,FUZZY,70.97,49.35,75.0,AUTO_APPROVE,False
APP002735,APP002490,63.33,FUZZY,100.0,44.44,0.0,AUTO_APPROVE,False
APP002736,APP007846,69.68,FUZZY,76.92,54.05,75.0,AUTO_APPROVE,False
APP002737,APP000173,60.93,FUZZY,78.57,58.82,20.0,AUTO_APPROVE,False
APP002738,APP009446,98.65,FUZZY,97.3,100.0,100.0,AUTO_REJECT,True
APP002739,APP008008,59.85,FUZZY,100.0,32.84,0.0,AUTO_APPROVE,False
APP002740,APP003097,60.59,FUZZY,100.0,35.29,0.0,AUTO_APPROVE,False
APP002741,APP002315,100.0,FUZZY,100.0,100.0,100.0,AUTO_REJECT,True
APP002742,APP009498,97.0,EXACT_PHONE,92.86,100.0,100.0,AUTO_REJECT,True
APP002743,APP003939,64.74,FUZZY,100.0,49.12,0.0,AUTO_APPROVE,False
APP002744,APP005349,65.29,FUZZY,70.59,100.0,0.0,AUTO_APPROVE,False
APP002745,APP004266,64.25,FUZZY,85.71,57.97,20.0,AUTO_APPROVE,False
APP002746,APP003334,100.0,EXACT_PAN,94.44,100.0,90.0,AUTO_REJECT,True
APP002747,APP006975,62.5,FUZZY,100.0,41.67,0.0,AUTO_APPROVE,False
APP002748,APP006470,97.0,EXACT_PHONE,97.44,100.0,75.0,AUTO_REJECT,True
APP002749,APP005595,65.08,FUZZY,83.33,64.71,20.0,AUTO_APPROVE,False
APP002750,APP008004,65.83,FUZZY,100.0,52.78,0.0,AUTO_APPROVE,False
APP002751,APP000290,60.83,FUZZY,100.0,36.11,0.0,AUTO_APPROVE,False
APP002752,APP003972,66.86,FUZZY,100.0,42.86,20.0,AUTO_APPROVE,False
APP002753,APP007288,100.0,EXACT_PAN,96.0,100.0,100.0,AUTO_REJECT,True
APP002754,APP009537,65.22,FUZZY,100.0,50.75,0.0,AUTO_APPROVE,False
APP002755,APP004699,66.49,FUZZY,81.48,35.82,75.0,AUTO_APPROVE,False
APP002756,APP003262,100.0,EXACT_PAN,96.97,100.0,100.0,AUTO_REJECT,True
APP002757,APP002881,69.29,FUZZY,100.0,64.29,0.0,AUTO_APPROVE,False
APP002758,APP001084,71.13,FUZZY,61.11,68.57,100.0,AUTO_APPROVE,False
APP002759,APP000453,66.47,FUZZY,53.66,82.14,75.0,AUTO_APPROVE,False
APP002760,APP008191,97.0,EXACT_PHONE,100.0,100.0,75.0,AUTO_REJECT,True
APP002761,APP007206,81.61,FUZZY,100.0,38.71,100.0,FLAG_FOR_REVIEW,True
APP002762,APP001965,67.65,FUZZY,100.0,58.82,0.0,AUTO_APPROVE,False
APP002763,APP003794,65.2,FUZZY,100.0,37.33,20.0,AUTO_APPROVE,False
APP002764,APP007223,53.29,FUZZY,75.0,39.29,20.0,AUTO_APPROVE,False
APP002765,APP004931,67.92,FUZZY,100.0,59.74,0.0,AUTO_APPROVE,False
APP002766,APP008583,63.43,FUZZY,100.0,44.78,0.0,AUTO_APPROVE,False
APP002767,APP005490,97.37,FUZZY,94.74,100.0,100.0,AUTO_REJECT,True
APP002768,APP003514,64.89,FUZZY,87.5,57.14,20.0,AUTO_APPROVE,False
APP002769,APP000106,59.03,FUZZY,78.79,65.45,0.0,AUTO_APPROVE,False
APP002770,APP007730,95.0,FUZZY,100.0,100.0,75.0,AUTO_REJECT,True
APP002771,APP006418,58.89,FUZZY,58.82,48.28,75.0,AUTO_APPROVE,False
APP002772,APP006753,66.67,FUZZY,83.33,33.33,75.0,AUTO_APPROVE,False
APP002773,APP003219,69.69,FUZZY,100.0,65.62,0.0,AUTO_APPROVE,False
APP002774,APP005256,68.0,FUZZY,77.42,47.62,75.0,AUTO_APPROVE,False
APP002775,APP001550,52.84,FUZZY,64.52,55.26,20.0,AUTO_APPROVE,False
APP002776,APP000034,63.43,FUZZY,100.0,44.78,0.0,AUTO_APPROVE,False
APP002777,APP008069,71.11,FUZZY,92.22,33.33,75.0,AUTO_APPROVE,True
APP002778,APP009819,75.07,FUZZY,78.95,68.66,75.0,AUTO_APPROVE,False
APP002779,APP006278,70.71,FUZZY,60.0,85.71,75.0,AUTO_APPROVE,False
APP002780,APP001120,71.38,FUZZY,85.71,45.07,75.0,AUTO_APPROVE,False
APP002781,APP003433,63.33,FUZZY,100.0,44.44,0.0,AUTO_APPROVE,False
APP002782,APP006457,100.0,EXACT_PAN,97.14,100.0,100.0,AUTO_REJECT,True
APP002783,APP004116,54.41,FUZZY,62.86,76.6,0.0,AUTO_APPROVE,False
APP002784,APP008837,100.0,FUZZY,100.0,100.0,100.0,AUTO_REJECT,True
APP002785,APP008886,65.82,FUZZY,100.0,39.39,20.0,AUTO_APPROVE,False
APP002786,APP006023,97.0,EXACT_PHONE,96.55,100.0,100.0,AUTO_REJECT,True
APP002787,APP009320,60.0,FUZZY,80.0,53.33,20.0,AUTO_APPROVE,False
APP002788,APP007109,56.9,FUZZY,57.14,44.44,75.0,AUTO_APPROVE,False
APP002789,APP004401,69.27,FUZZY,94.12,60.71,20.0,AUTO_APPROVE,False
APP002790,APP007891,62.75,FUZZY,50.0,59.15,100.0,AUTO_APPROVE,False
APP002791,APP009700,62.76,FUZZY,54.55,51.61,100.0,AUTO_APPROVE,False
APP002792,APP000515,65.62,FUZZY,81.25,33.33,75.0,AUTO_APPROVE,False
APP002793,APP001370,65.56,FUZZY,70.27,51.43,75.0,AUTO_APPROVE,False
APP002794,APP001417,71.77,FUZZY,66.67,78.12,75.0,AUTO_APPROVE,False
APP002795,APP003446,63.13,FUZZY,66.67,49.32,75.0,AUTO_APPROVE,False
APP002796,APP007085,96.78,FUZZY,97.56,100.0,90.0,AUTO_REJECT,True
APP002797,APP006243,60.62,FUZZY,81.25,53.33,20.0,AUTO_APPROVE,False
APP002798,APP003679,63.33,FUZZY,100.0,44.44,0.0,AUTO_APPROVE,False
APP002799,APP006410,63.08,FUZZY,83.87,57.14,20.0,AUTO_APPROVE,False
APP002800,APP001599,100.0,FUZZY,100.0,100.0,100.0,AUTO_REJECT,True
APP002801,APP007894,97.0,EXACT_PHONE,96.3,100.0,75.0,AUTO_REJECT,True
APP002802,APP004911,73.11,FUZZY,82.35,93.1,20.0,AUTO_APPROVE,False
APP002803,APP005579,74.1,FUZZY,66.67,69.23,100.0,AUTO_APPROVE,False
APP002804,APP004474,55.55,FUZZY,69.57,55.88,20.0,AUTO_APPROVE,False
APP002805,APP005206,100.0,EXACT_PAN,93.33,100.0,100.0,AUTO_REJECT,True
APP002806,APP005324,62.43,FUZZY,54.05,51.35,100.0,AUTO_APPROVE,False
APP002807,APP007279,64.12,FUZZY,100.0,47.06,0.0,AUTO_APPROVE,False
APP002808,APP000125,60.91,FUZZY,100.0,36.36,0.0,AUTO_APPROVE,False
APP002809,APP007733,97.0,EXACT_PHONE,100.0,100.0,75.0,AUTO_REJECT,True
APP002810,APP007926,65.22,FUZZY,100.0,50.75,0.0,AUTO_APPROVE,False
APP002811,APP009805,64.4,FUZZY,100.0,48.0,0.0,AUTO_APPROVE,False
APP002812,APP003689,56.3,FUZZY,60.0,37.68,75.0,AUTO_APPROVE,False
APP002813,APP000675,67.62,FUZZY,51.61,72.73,100.0,AUTO_APPROVE,False
APP002814,APP003169,65.86,FUZZY,78.57,38.6,75.0,AUTO_APPROVE,False
APP002815,APP001474,54.9,FUZZY,37.5,53.85,100.0,AUTO_APPROVE,False
APP002816,APP003291,100.0,EXACT_PAN,92.31,100.0,75.0,AUTO_REJECT,True
APP002817,APP000434,59.25,FUZZY,82.76,59.57,0.0,AUTO_APPROVE,False
APP002818,APP008569,100.0,EXACT_PAN,93.75,100.0,75.0,AUTO_REJECT,True
APP002819,APP008415,67.84,FUZZY,100.0,59.46,0.0,AUTO_APPROVE,False
APP002820,APP008760,66.98,FUZZY,80.0,76.6,20.0,AUTO_APPROVE,False
APP002821,APP003351,68.75,FUZZY,100.0,62.5,0.0,AUTO_APPROVE,False
APP002822,APP007707,50.39,FUZZY,61.11,52.78,20.0,AUTO_APPROVE,False
APP002823,APP000569,63.08,FUZZY,64.86,52.17,75.0,AUTO_APPROVE,False
APP002824,APP003885,62.38,FUZZY,62.86,53.16,75.0,AUTO_APPROVE,False
APP002825,APP001054,64.04,FUZZY,75.86,73.68,20.0,AUTO_APPROVE,False
APP002826,APP009359,62.26,FUZZY,64.52,100.0,0.0,AUTO_APPROVE,False
APP002827,APP002943,55.83,FUZZY,60.61,35.09,75.0,AUTO_APPROVE,False
APP002828,APP004275,64.17,FUZZY,100.0,47.22,0.0,AUTO_APPROVE,False
APP002829,APP006927,62.59,FUZZY,80.0,61.97,20.0,AUTO_APPROVE,False
APP002830,APP000698,62.24,FUZZY,70.59,76.47,20.0,AUTO_APPROVE,False
APP002831,APP001694,57.19,FUZZY,50.0,40.62,100.0,AUTO_APPROVE,False
APP002832,APP003937,97.83,FUZZY,95.65,100.0,100.0,AUTO_REJECT,True
APP002833,APP008307,58.2,FUZZY,66.67,69.57,20.0,AUTO_APPROVE,False
APP002834,APP006236,61.06,FUZZY,66.67,42.42,75.0,AUTO_APPROVE,False
APP002835,APP007335,57.45,FUZZY,80.0,44.83,20.0,AUTO_APPROVE,False
APP002836,APP007400,74.01,FUZZY,85.71,53.85,75.0,AUTO_APPROVE,False
APP002837,APP002215,58.67,FUZZY,76.47,54.79,20.0,AUTO_APPROVE,False
APP002838,APP000307,64.27,FUZZY,62.86,59.46,75.0,AUTO_APPROVE,False
APP002839,APP008954,66.68,FUZZY,72.73,51.06,75.0,AUTO_APPROVE,False
APP002840,APP002858,63.55,FUZZY,100.0,45.16,0.0,AUTO_APPROVE,False
APP002841,APP001334,56.12,FUZZY,75.0,48.72,20.0,AUTO_APPROVE,False
APP002842,APP003730,62.33,FUZZY,58.82,59.74,75.0,AUTO_APPROVE,False
APP002843,APP006904,61.96,FUZZY,63.16,51.28,75.0,AUTO_APPROVE,False
APP002844,APP001910,60.31,FUZZY,100.0,34.38,0.0,AUTO_APPROVE,False
APP002845,APP003432,67.27,FUZZY,83.33,72.0,20.0,AUTO_APPROVE,False
APP002846,APP005528,61.09,FUZZY,60.61,52.63,75.0,AUTO_APPROVE,False
APP002847,APP009033,93.0,FUZZY,96.0,100.0,75.0,AUTO_REJECT,True
APP002848,APP003940,98.39,FUZZY,96.77,100.0,100.0,AUTO_REJECT,True
APP002849,APP005656,56.79,FUZZY,44.44,48.57,100.0,AUTO_APPROVE,False
APP002850,APP005360,63.04,FUZZY,100.0,43.48,0.0,AUTO_APPROVE,False
APP002851,APP001453,60.91,FUZZY,100.0,36.36,0.0,AUTO_APPROVE,False
APP002852,APP001435,64.64,FUZZY,57.89,68.97,75.0,AUTO_APPROVE,False
APP002853,APP000583,65.5,FUZZY,75.0,43.33,75.0,AUTO_APPROVE,False
APP002854,APP002421,64.22,FUZZY,74.07,40.62,75.0,AUTO_APPROVE,False
APP002855,APP001430,67.42,FUZZY,100.0,58.06,0.0,AUTO_APPROVE,False
APP002856,APP005536,76.22,FUZZY,100.0,74.07,20.0,AUTO_APPROVE,False
APP002857,,0.0,NO_MATCH,0.0,0.0,0.0,AUTO_APPROVE,False
APP002858,APP000192,70.19,FUZZY,100.0,53.97,20.0,AUTO_APPROVE,False
APP002859,APP008084,67.48,FUZZY,77.42,45.9,75.0,AUTO_APPROVE,False
APP002860,APP006804,93.65,FUZZY,97.3,100.0,75.0,AUTO_REJECT,True
APP002861,APP001377,60.46,FUZZY,70.59,33.9,75.0,AUTO_APPROVE,False
APP002862,APP004053,58.81,FUZZY,72.0,62.69,20.0,AUTO_APPROVE,False
APP002863,APP009816,100.0,FUZZY,100.0,100.0,100.0,AUTO_REJECT,True
APP002864,APP009818,65.45,FUZZY,100.0,51.52,0.0,AUTO_APPROVE,False
APP002865,APP000000,71.09,FUZZY,78.79,92.31,20.0,AUTO_APPROVE,False
APP002866,APP000874,68.19,FUZZY,83.87,37.5,75.0,AUTO_APPROVE,False
APP002867,APP004372,60.56,FUZZY,66.67,40.74,75.0,AUTO_APPROVE,False
APP002868,APP003789,58.55,FUZZY,83.87,55.38,0.0,AUTO_APPROVE,False
APP002869,APP006131,64.06,FUZZY,100.0,46.88,0.0,AUTO_APPROVE,False
APP002870,APP001859,96.84,FUZZY,97.67,100.0,90.0,AUTO_REJECT,True
APP002871,APP007940,56.2,FUZZY,63.16,68.75,20.0,AUTO_APPROVE,False
APP002872,APP007976,66.33,FUZZY,71.79,51.43,75.0,AUTO_APPROVE,False
APP002873,APP003244,66.67,FUZZY,93.33,66.67,0.0,AUTO_APPROVE,False
APP002874,APP009903,65.54,FUZZY,80.0,71.79,20.0,AUTO_APPROVE,False
APP002875,APP002008,100.0,EXACT_PAN,100.0,100.0,100.0,AUTO_REJECT,True
APP002876,APP005429,69.7,FUZZY,66.67,71.23,75.0,AUTO_APPROVE,False
APP002877,APP006986,70.57,FUZZY,100.0,68.57,0.0,AUTO_APPROVE,False
APP002878,APP007735,71.95,FUZZY,100.0,73.17,0.0,AUTO_APPROVE,False
APP002879,APP007178,59.71,FUZZY,69.57,69.77,20.0,AUTO_APPROVE,False
APP002880,APP008747,60.12,FUZZY,45.71,57.53,100.0,AUTO_APPROVE,False
APP002881,APP002757,69.29,FUZZY,100.0,64.29,0.0,AUTO_APPROVE,False
APP002882,APP006486,70.26,FUZZY,76.92,56.0,75.0,AUTO_APPROVE,False
APP002883,APP003462,70.21,FUZZY,68.42,53.33,100.0,AUTO_APPROVE,False
APP002884,APP007202,60.21,FUZZY,62.86,45.95,75.0,AUTO_APPROVE,False
APP002885,APP001484,80.76,FUZZY,78.57,88.24,75.0,FLAG_FOR_REVIEW,False
APP002886,APP006009,98.65,FUZZY,97.3,100.0,100.0,AUTO_REJECT,True
APP002887,APP005339,61.0,FUZZY,100.0,36.67,0.0,AUTO_APPROVE,False
APP002888,APP008827,70.0,FUZZY,100.0,53.33,20.0,AUTO_APPROVE,False
APP002889,APP000308,73.45,FUZZY,82.5,40.68,100.0,AUTO_APPROVE,True
APP002890,APP004360,55.23,FUZZY,71.43,51.72,20.0,AUTO_APPROVE,False
APP002891,APP000947,58.91,FUZZY,81.25,47.62,20.0,AUTO_APPROVE,False
APP002892,APP002135,61.38,FUZZY,66.67,43.48,75.0,AUTO_APPROVE,False
APP002893,APP005805,69.86,FUZZY,78.79,88.24,20.0,AUTO_APPROVE,False
APP002894,APP009665,66.0,FUZZY,100.0,53.33,0.0,AUTO_APPROVE,False
APP002895,APP006397,65.87,FUZZY,64.71,45.07,100.0,AUTO_APPROVE,False
APP002896,APP001279,59.15,FUZZY,100.0,30.51,0.0,AUTO_APPROVE,False
APP002897,APP009990,59.25,FUZZY,75.0,59.15,20.0,AUTO_APPROVE,False
APP002898,APP009640,62.41,FUZZY,100.0,41.38,0.0,AUTO_APPROVE,False
APP002899,APP003064,70.7,FUZZY,71.79,49.35,100.0,AUTO_APPROVE,False
APP002900,APP004943,53.63,FUZZY,48.65,31.03,100.0,AUTO_APPROVE,False
APP002901,APP008043,67.95,FUZZY,91.89,60.0,20.0,AUTO_APPROVE,False
APP002902,APP001310,73.33,FUZZY,80.0,44.44,100.0,AUTO_APPROVE,False
APP002903,APP007451,66.16,FUZZY,100.0,40.54,20.0,AUTO_APPROVE,False
APP002904,APP004823,73.39,FUZZY,100.0,77.97,0.0,AUTO_APPROVE,False
APP002905,APP003954,64.55,FUZZY,100.0,48.48,0.0,AUTO_APPROVE,False
APP002906,APP003715,68.0,FUZZY,100.0,60.0,0.0,AUTO_APPROVE,False
APP002907,APP008821,58.33,FUZZY,55.0,52.78,75.0,AUTO_APPROVE,False
APP002908,APP003851,61.37,FUZZY,100.0,24.56,20.0,AUTO_APPROVE,False
APP002909,APP007804,63.41,FUZZY,76.19,34.38,75.0,AUTO_APPROVE,False
APP002910,APP005527,71.13,FUZZY,78.26,93.33,20.0,AUTO_APPROVE,False
APP002911,APP003021,65.0,FUZZY,100.0,50.0,0.0,AUTO_APPROVE,False
APP002912,APP001416,63.84,FUZZY,82.76,61.54,20.0,AUTO_APPROVE,False
APP002913,APP006844,100.0,EXACT_PAN,100.0,100.0,100.0,AUTO_REJECT,True
APP002914,APP008188,65.94,FUZZY,100.0,53.12,0.0,AUTO_APPROVE,False
APP002915,APP005250,64.04,FUZZY,81.25,64.71,20.0,AUTO_APPROVE,False
APP002916,APP004843,59.9,FUZZY,88.24,39.29,20.0,AUTO_APPROVE,False
APP002917,APP000676,67.33,FUZZY,100.0,44.44,20.0,AUTO_APPROVE,False
APP002918,APP006192,60.3,FUZZY,61.9,31.17,100.0,AUTO_APPROVE,False
APP002919,APP006844,54.88,FUZZY,81.48,33.8,20.0,AUTO_APPROVE,False
APP002920,APP004621,71.54,FUZZY,100.0,71.79,0.0,AUTO_APPROVE,False
APP002921,APP001864,60.19,FUZZY,83.33,61.73,0.0,AUTO_APPROVE,False
APP002922,APP004843,61.4,FUZZY,36.84,76.6,100.0,AUTO_APPROVE,False
APP002923,APP003607,70.6,FUZZY,100.0,55.32,20.0,AUTO_APPROVE,False
APP002924,APP002956,64.06,FUZZY,100.0,46.88,0.0,AUTO_APPROVE,False
APP002925,APP002340,60.17,FUZZY,82.76,49.32,20.0,AUTO_APPROVE,False
APP002926,APP003486,66.6,FUZZY,80.0,75.32,20.0,AUTO_APPROVE,False
APP002927,APP003011,64.55,FUZZY,100.0,48.48,0.0,AUTO_APPROVE,False
APP002928,APP004188,62.32,FUZZY,61.9,54.55,75.0,AUTO_APPROVE,False
APP002929,APP007003,64.06,FUZZY,100.0,46.88,0.0,AUTO_APPROVE,False
APP002930,APP004096,68.02,FUZZY,68.42,62.69,75.0,AUTO_APPROVE,False
APP002931,APP006910,64.41,FUZZY,42.42,77.33,100.0,AUTO_APPROVE,False
APP002932,APP006363,65.21,FUZZY,78.57,73.08,20.0,AUTO_APPROVE,False
APP002933,APP000867,97.0,EXACT_PHONE,94.44,100.0,75.0,AUTO_REJECT,True
APP002934,APP004057,91.25,FUZZY,82.5,100.0,100.0,FLAG_FOR_REVIEW,True
APP002935,APP006796,67.26,FUZZY,100.0,57.53,0.0,AUTO_APPROVE,False
APP002936,APP007765,77.7,FUZZY,83.87,69.23,75.0,AUTO_APPROVE,False
APP002937,APP004251,69.73,FUZZY,100.0,65.75,0.0,AUTO_APPROVE,False
APP002938,APP009414,59.19,FUZZY,56.0,53.97,75.0,AUTO_APPROVE,False
APP002939,APP006850,96.78,FUZZY,97.56,100.0,90.0,AUTO_REJECT,True
APP002940,APP005390,98.48,FUZZY,96.97,100.0,100.0,AUTO_REJECT,True
APP002941,APP000311,97.0,EXACT_PHONE,100.0,100.0,75.0,AUTO_REJECT,True
APP002942,APP009675,63.33,FUZZY,66.67,100.0,0.0,AUTO_APPROVE,False
APP002943,APP007045,65.83,FUZZY,62.07,49.32,100.0,AUTO_APPROVE,False
APP002944,APP009853,65.19,FUZZY,87.18,58.67,20.0,AUTO_APPROVE,False
APP002945,APP004115,100.0,EXACT_PAN,96.0,100.0,100.0,AUTO_REJECT,True
APP002946,APP000459,63.45,FUZZY,100.0,44.83,0.0,AUTO_APPROVE,False
APP002947,APP004203,100.0,EXACT_PAN,93.75,100.0,75.0,AUTO_REJECT,True
APP002948,APP004857,63.33,FUZZY,66.67,100.0,0.0,AUTO_APPROVE,False
APP002949,APP004045,58.79,FUZZY,59.46,46.88,75.0,AUTO_APPROVE,False
APP002950,APP004900,65.25,FUZZY,100.0,50.85,0.0,AUTO_APPROVE,False
APP002951,APP003501,96.67,FUZZY,93.33,100.0,100.0,AUTO_REJECT,True
APP002952,APP007721,62.68,FUZZY,100.0,42.25,0.0,AUTO_APPROVE,False
APP002953,APP002597,51.71,FUZZY,70.59,41.38,20.0,AUTO_APPROVE,False
APP002954,APP008208,55.41,FUZZY,47.37,55.74,75.0,AUTO_APPROVE,False
APP002955,APP008516,66.47,FUZZY,100.0,54.9,0.0,AUTO_APPROVE,False
APP002956,APP002661,65.37,FUZZY,83.87,64.79,20.0,AUTO_APPROVE,False
APP002957,APP002974,100.0,EXACT_PAN,100.0,100.0,100.0,AUTO_REJECT,True
APP002958,APP000863,98.0,FUZZY,100.0,100.0,90.0,AUTO_REJECT,True
APP002959,APP000534,69.94,FUZZY,100.0,53.12,20.0,AUTO_APPROVE,False
APP002960,APP001332,64.4,FUZZY,100.0,48.0,0.0,AUTO_APPROVE,False
APP002961,APP007480,62.37,FUZZY,94.74,50.0,0.0,AUTO_APPROVE,False
APP002962,APP001249,58.22,FUZZY,61.54,41.51,75.0,AUTO_APPROVE,False
APP002963,APP001341,60.76,FUZZY,63.16,47.27,75.0,AUTO_APPROVE,False
APP002964,APP000982,93.72,FUZZY,97.44,100.0,75.0,AUTO_REJECT,True
APP002965,APP002620,89.2,FUZZY,100.0,64.0,100.0,FLAG_FOR_REVIEW,True
APP002966,APP007395,61.93,FUZZY,60.61,55.42,75.0,AUTO_APPROVE,False
APP002967,APP003830,56.11,FUZZY,57.14,41.79,75.0,AUTO_APPROVE,False
APP002968,APP004293,60.14,FUZZY,66.67,39.34,75.0,AUTO_APPROVE,False
APP002969,APP008672,100.0,FUZZY,100.0,100.0,100.0,AUTO_REJECT,True
APP002970,APP005472,60.31,FUZZY,66.67,76.6,20.0,AUTO_APPROVE,False
APP002971,APP007018,64.79,FUZZY,100.0,49.32,0.0,AUTO_APPROVE,False
APP002972,APP003772,60.91,FUZZY,100.0,36.36,0.0,AUTO_APPROVE,False
APP002973,APP009872,56.29,FUZZY,61.11,72.46,20.0,AUTO_APPROVE,False
APP002974,APP002957,100.0,EXACT_PAN,100.0,100.0,100.0,AUTO_REJECT,True
APP002975,APP005386,98.65,FUZZY,97.3,100.0,100.0,AUTO_REJECT,True
APP002976,APP001534,70.03,FUZZY,84.21,43.08,75.0,AUTO_APPROVE,False
APP002977,APP003708,59.93,FUZZY,76.92,58.23,20.0,AUTO_APPROVE,False
APP002978,APP005153,72.5,FUZZY,75.0,66.67,75.0,AUTO_APPROVE,False
APP002979,APP001800,65.22,FUZZY,83.87,64.29,20.0,AUTO_APPROVE,False
APP002980,APP001763,64.31,FUZZY,51.43,61.97,100.0,AUTO_APPROVE,False
APP002981,APP001020,67.69,FUZZY,100.0,58.97,0.0,AUTO_APPROVE,False
APP002982,APP000792,68.27,FUZZY,76.92,49.35,75.0,AUTO_APPROVE,False
APP002983,APP001181,64.85,FUZZY,80.95,31.25,75.0,AUTO_APPROVE,False
APP002984,APP002828,54.93,FUZZY,60.61,68.75,20.0,AUTO_APPROVE,False
APP002985,APP008245,100.0,FUZZY,100.0,100.0,100.0,AUTO_REJECT,True
APP002986,APP007991,62.41,FUZZY,100.0,41.38,0.0,AUTO_APPROVE,False
APP002987,APP004325,64.73,FUZZY,80.0,69.09,20.0,AUTO_APPROVE,False
APP002988,APP008314,75.34,FUZZY,57.14,89.23,100.0,AUTO_APPROVE,False
APP002989,APP002417,61.0,FUZZY,71.43,70.97,20.0,AUTO_APPROVE,False
APP002990,APP003319,62.51,FUZZY,71.43,76.0,20.0,AUTO_APPROVE,False
APP002991,APP002644,50.98,FUZZY,35.71,43.75,100.0,AUTO_APPROVE,False
APP002992,APP007377,65.05,FUZZY,54.55,59.26,100.0,AUTO_APPROVE,False
APP002993,APP006357,97.5,FUZZY,95.0,100.0,100.0,AUTO_REJECT,True
APP002994,APP006017,63.46,FUZZY,76.92,70.0,20.0,AUTO_APPROVE,False
APP002995,APP009526,62.54,FUZZY,62.5,54.29,75.0,AUTO_APPROVE,False
APP002996,APP009000,60.75,FUZZY,100.0,35.82,0.0,AUTO_APPROVE,False
APP002997,APP009338,60.27,FUZZY,78.57,56.6,20.0,AUTO_APPROVE,False
APP002998,APP006234,66.52,FUZZY,100.0,55.07,0.0,AUTO_APPROVE,False
APP002999,APP004806,65.83,FUZZY,100.0,52.78,0.0,AUTO_APPROVE,False
APP003000,APP005342,100.0,EXACT_PAN,93.33,100.0,75.0,AUTO_REJECT,True
APP003001,APP006785,51.73,FUZZY,75.86,32.65,20.0,AUTO_APPROVE,False
APP003002,APP004857,74.07,FUZZY,84.62,55.88,75.0,AUTO_APPROVE,False
APP003003,APP001073,60.53,FUZZY,100.0,35.09,0.0,AUTO_APPROVE,False
APP003004,APP000692,68.77,FUZZY,81.25,80.49,20.0,AUTO_APPROVE,False
APP003005,APP005713,58.1,FUZZY,78.79,62.34,0.0,AUTO_APPROVE,False
APP003006,APP008581,65.38,FUZZY,100.0,51.28,0.0,AUTO_APPROVE,False
APP003007,APP002351,64.46,FUZZY,77.42,35.82,75.0,AUTO_APPROVE,False
APP003008,APP006183,65.0,FUZZY,60.0,66.67,75.0,AUTO_APPROVE,False
APP003009,APP002090,66.65,FUZZY,87.18,26.87,75.0,AUTO_APPROVE,False
APP003010,APP003442,52.5,FUZZY,61.54,59.09,20.0,AUTO_APPROVE,False
APP003011,APP000715,66.77,FUZZY,78.79,77.92,20.0,AUTO_APPROVE,False
APP003012,APP008845,97.0,EXACT_PHONE,94.74,100.0,100.0,AUTO_REJECT,True
APP003013,APP000836,57.17,FUZZY,86.67,32.79,20.0,AUTO_APPROVE,False
APP003014,APP002456,64.29,FUZZY,80.0,67.65,20.0,AUTO_APPROVE,False
APP003015,APP007030,60.75,FUZZY,66.67,78.05,20.0,AUTO_APPROVE,False
APP003016,APP008864,55.82,FUZZY,45.16,44.12,100.0,AUTO_APPROVE,False
APP003017,APP008107,56.96,FUZZY,64.52,32.35,75.0,AUTO_APPROVE,False
APP003018,APP003960,65.85,FUZZY,100.0,52.83,0.0,AUTO_APPROVE,False
APP003019,APP002573,65.08,FUZZY,82.76,65.67,20.0,AUTO_APPROVE,False
APP003020,APP004185,58.45,FUZZY,94.74,36.92,0.0,AUTO_APPROVE,False
APP003021,APP008577,98.48,FUZZY,96.97,100.0,100.0,AUTO_REJECT,True
APP003022,APP000231,79.77,FUZZY,87.18,70.59,75.0,AUTO_APPROVE,False
APP003023,APP006380,64.67,FUZZY,100.0,48.89,0.0,AUTO_APPROVE,False
APP003024,APP004773,68.24,FUZZY,83.72,37.93,75.0,AUTO_APPROVE,False
APP003025,APP004266,54.18,FUZZY,87.18,35.29,0.0,AUTO_APPROVE,False
APP003026,APP008870,61.66,FUZZY,83.87,65.75,0.0,AUTO_APPROVE,False
APP003027,APP002581,68.18,FUZZY,100.0,60.61,0.0,AUTO_APPROVE,False
APP003028,APP005914,67.04,FUZZY,77.42,44.44,75.0,AUTO_APPROVE,False
APP003029,APP009511,64.31,FUZZY,100.0,34.38,20.0,AUTO_APPROVE,False
APP003030,APP003248,62.86,FUZZY,100.0,42.86,0.0,AUTO_APPROVE,False
APP003031,APP006030,67.33,FUZZY,100.0,57.78,0.0,AUTO_APPROVE,False
APP003032,APP003427,58.18,FUZZY,58.54,46.38,75.0,AUTO_APPROVE,False
APP003033,APP003352,57.64,FUZZY,80.0,45.45,20.0,AUTO_APPROVE,False
APP003034,APP007452,62.04,FUZZY,58.82,42.11,100.0,AUTO_APPROVE,False
APP003035,APP000603,95.0,FUZZY,100.0,100.0,75.0,AUTO_REJECT,True
APP003036,APP002310,66.33,FUZZY,80.0,74.42,20.0,AUTO_APPROVE,False
APP003037,APP004292,54.77,FUZZY,80.0,35.9,20.0,AUTO_APPROVE,False
APP003038,APP002033,97.0,EXACT_PHONE,100.0,100.0,100.0,AUTO_REJECT,True
APP003039,APP004218,59.84,FUZZY,100.0,32.79,0.0,AUTO_APPROVE,False
APP003040,APP007490,63.67,FUZZY,83.33,60.0,20.0,AUTO_APPROVE,False
APP003041,APP001463,64.78,FUZZY,69.57,50.0,75.0,AUTO_APPROVE,False
APP003042,APP001862,62.93,FUZZY,75.0,34.78,75.0,AUTO_APPROVE,False
APP003043,APP001511,55.52,FUZZY,58.82,37.04,75.0,AUTO_APPROVE,False
APP003044,APP002581,54.86,FUZZY,75.68,56.76,0.0,AUTO_APPROVE,False
APP003045,APP007118,97.37,FUZZY,94.74,100.0,100.0,AUTO_REJECT,True
APP003046,APP003048,66.1,FUZZY,81.25,34.92,75.0,AUTO_APPROVE,False
APP003047,APP008241,70.0,FUZZY,100.0,66.67,0.0,AUTO_APPROVE,False
APP003048,APP008456,68.09,FUZZY,66.67,65.85,75.0,AUTO_APPROVE,False
APP003049,APP002118,63.6,FUZZY,100.0,45.33,0.0,AUTO_APPROVE,False
APP003050,APP003441,63.96,FUZZY,66.67,42.11,90.0,AUTO_APPROVE,False
APP003051,APP008479,63.04,FUZZY,100.0,43.48,0.0,AUTO_APPROVE,False
APP003052,APP006925,61.73,FUZZY,80.0,59.09,20.0,AUTO_APPROVE,False
APP003053,APP006140,59.72,FUZZY,82.35,48.48,20.0,AUTO_APPROVE,False
APP003054,APP008666,69.53,FUZZY,74.29,57.97,75.0,AUTO_APPROVE,False
APP003055,APP002594,61.41,FUZZY,66.67,43.59,75.0,AUTO_APPROVE,False
APP003056,APP004464,65.43,FUZZY,100.0,51.43,0.0,AUTO_APPROVE,False
APP003057,APP003132,68.69,FUZZY,100.0,62.3,0.0,AUTO_APPROVE,False
APP003058,APP007250,73.29,FUZZY,100.0,64.29,20.0,AUTO_APPROVE,False
APP003059,APP002355,61.9,FUZZY,62.5,52.17,75.0,AUTO_APPROVE,False
APP003060,APP004907,98.0,FUZZY,100.0,100.0,90.0,AUTO_REJECT,True
APP003061,APP000818,55.54,FUZZY,60.0,71.79,20.0,AUTO_APPROVE,False
APP003062,APP003605,56.42,FUZZY,84.85,33.33,20.0,AUTO_APPROVE,False
APP003063,APP009554,63.74,FUZZY,54.05,55.7,100.0,AUTO_APPROVE,False
APP003064,APP002899,70.7,FUZZY,71.79,49.35,100.0,AUTO_APPROVE,False
APP003065,APP006662,67.92,FUZZY,100.0,59.74,0.0,AUTO_APPROVE,False
APP003066,APP004727,87.5,FUZZY,100.0,58.33,100.0,FLAG_FOR_REVIEW,True
APP003067,APP003979,100.0,EXACT_PAN,95.0,100.0,75.0,AUTO_REJECT,True
APP003068,APP009468,93.72,FUZZY,97.44,100.0,75.0,AUTO_REJECT,True
APP003069,APP001377,53.58,FUZZY,66.67,54.17,20.0,AUTO_APPROVE,False
APP003070,APP002136,67.66,FUZZY,63.16,70.27,75.0,AUTO_APPROVE,False
APP003071,APP001907,60.51,FUZZY,66.67,40.58,75.0,AUTO_APPROVE,False
APP003072,APP006491,54.59,FUZZY,48.48,34.48,100.0,AUTO_APPROVE,False
APP003073,APP005421,57.81,FUZZY,93.33,37.14,0.0,AUTO_APPROVE,False
APP003074,APP000321,59.63,FUZZY,56.41,38.1,100.0,AUTO_APPROVE,False
APP003075,APP009813,59.92,FUZZY,62.5,45.57,75.0,AUTO_APPROVE,False
APP003076,APP007855,65.76,FUZZY,57.14,73.97,75.0,AUTO_APPROVE,False
APP003077,APP004579,75.42,FUZZY,100.0,84.75,0.0,AUTO_APPROVE,False
APP003078,APP008353,62.94,FUZZY,100.0,43.14,0.0,AUTO_APPROVE,False
APP003079,APP009281,67.33,FUZZY,66.67,100.0,20.0,AUTO_APPROVE,False
APP003080,APP005974,97.5,FUZZY,95.0,100.0,100.0,AUTO_REJECT,True
APP003081,APP008518,61.92,FUZZY,83.72,53.52,20.0,AUTO_APPROVE,False
APP003082,APP008942,63.85,FUZZY,100.0,46.15,0.0,AUTO_APPROVE,False
APP003083,APP009626,57.21,FUZZY,57.14,82.14,20.0,AUTO_APPROVE,False
APP003084,APP002531,60.07,FUZZY,60.61,49.23,75.0,AUTO_APPROVE,False
APP003085,APP006178,51.84,FUZZY,40.0,39.47,100.0,AUTO_APPROVE,False
APP003086,APP000446,64.27,FUZZY,66.67,53.12,75.0,AUTO_APPROVE,False
APP003087,APP009105,54.83,FUZZY,66.67,58.33,20.0,AUTO_APPROVE,False
APP003088,APP002691,66.89,FUZZY,61.54,53.73,100.0,AUTO_APPROVE,False
APP003089,APP009428,64.65,FUZZY,100.0,35.48,20.0,AUTO_APPROVE,False
APP003090,APP007204,65.79,FUZZY,100.0,52.63,0.0,AUTO_APPROVE,False
APP003091,APP008147,97.0,EXACT_PHONE,100.0,100.0,75.0,AUTO_REJECT,True
APP003092,APP008854,52.07,FUZZY,52.17,36.62,75.0,AUTO_APPROVE,False
APP003093,APP005819,65.92,FUZZY,100.0,53.06,0.0,AUTO_APPROVE,False
APP003094,APP006313,100.0,EXACT_PAN,90.0,100.0,100.0,AUTO_REJECT,True
APP003095,APP000979,56.57,FUZZY,86.67,44.12,0.0,AUTO_APPROVE,False
APP003096,APP006723,100.0,EXACT_PAN,90.91,100.0,75.0,AUTO_REJECT,True
APP003097,APP006659,62.56,FUZZY,76.47,67.74,20.0,AUTO_APPROVE,False
APP003098,APP008850,66.0,FUZZY,100.0,40.0,20.0,AUTO_APPROVE,False
APP003099,APP000624,61.74,FUZZY,100.0,39.13,0.0,AUTO_APPROVE,False
APP003100,APP000890,64.21,FUZZY,100.0,47.37,0.0,AUTO_APPROVE,False
APP003101,,0.0,NO_MATCH,0.0,0.0,0.0,AUTO_APPROVE,False
APP003102,APP002688,69.43,FUZZY,62.86,76.67,75.0,AUTO_APPROVE,False
APP003103,APP004258,58.8,FUZZY,100.0,29.33,0.0,AUTO_APPROVE,False
APP003104,APP007543,59.49,FUZZY,85.71,42.11,20.0,AUTO_APPROVE,False
APP003105,APP006177,69.13,FUZZY,100.0,63.77,0.0,AUTO_APPROVE,False
APP003106,APP008989,62.8,FUZZY,100.0,42.67,0.0,AUTO_APPROVE,False
APP003107,APP002839,65.29,FUZZY,100.0,50.98,0.0,AUTO_APPROVE,False
APP003108,APP002067,97.0,EXACT_PHONE,92.31,100.0,100.0,AUTO_REJECT,True
APP003109,APP008331,100.0,EXACT_PAN,96.77,100.0,100.0,AUTO_REJECT,True
APP003110,APP005300,61.67,FUZZY,100.0,38.89,0.0,AUTO_APPROVE,False
APP003111,APP008259,60.43,FUZZY,80.0,68.09,0.0,AUTO_APPROVE,False
APP003112,APP006315,55.44,FUZZY,77.42,42.42,20.0,AUTO_APPROVE,False
APP003113,APP001378,61.65,FUZZY,85.71,49.32,20.0,AUTO_APPROVE,False
APP003114,APP000952,62.88,FUZZY,97.14,34.38,20.0,AUTO_APPROVE,False
APP003115,APP001131,51.97,FUZZY,70.59,42.25,20.0,AUTO_APPROVE,False
APP003116,APP005156,67.5,FUZZY,75.0,100.0,0.0,AUTO_APPROVE,False
APP003117,APP004550,96.88,FUZZY,93.75,100.0,100.0,AUTO_REJECT,True
APP003118,APP001150,63.15,FUZZY,100.0,43.84,0.0,AUTO_APPROVE,False
APP003119,APP006031,64.23,FUZZY,64.86,56.0,75.0,AUTO_APPROVE,False
APP003120,APP001288,56.72,FUZZY,78.57,44.78,20.0,AUTO_APPROVE,False
APP003121,APP002632,59.14,FUZZY,83.87,44.0,20.0,AUTO_APPROVE,False
APP003122,APP005055,58.82,FUZZY,100.0,29.41,0.0,AUTO_APPROVE,False
APP003123,APP005311,72.1,FUZZY,100.0,60.32,20.0,AUTO_APPROVE,False
APP003124,APP009587,57.48,FUZZY,77.78,48.65,20.0,AUTO_APPROVE,False
APP003125,APP003446,64.58,FUZZY,55.56,56.0,100.0,AUTO_APPROVE,False
APP003126,APP004471,65.38,FUZZY,78.26,37.5,75.0,AUTO_APPROVE,False
APP003127,APP007187,94.0,FUZZY,88.0,100.0,100.0,AUTO_REJECT,True
APP003128,APP000611,68.88,FUZZY,76.19,52.63,75.0,AUTO_APPROVE,False
APP003129,APP001739,57.6,FUZZY,80.0,45.33,20.0,AUTO_APPROVE,False
APP003130,APP007803,95.0,FUZZY,100.0,100.0,75.0,AUTO_REJECT,True
APP003131,APP001074,100.0,FUZZY,100.0,100.0,100.0,AUTO_REJECT,True
APP003132,APP003057,68.69,FUZZY,100.0,62.3,0.0,AUTO_APPROVE,False
APP003133,APP004594,61.85,FUZZY,66.67,45.07,75.0,AUTO_APPROVE,False
APP003134,APP004342,70.57,FUZZY,100.0,68.57,0.0,AUTO_APPROVE,False
APP003135,APP007797,98.28,FUZZY,96.55,100.0,100.0,AUTO_REJECT,True
APP003136,APP009394,69.57,FUZZY,57.14,70.0,100.0,AUTO_APPROVE,False
APP003137,APP005804,55.43,FUZZY,80.0,51.43,0.0,AUTO_APPROVE,False
APP003138,APP008578,69.69,FUZZY,78.79,50.98,75.0,AUTO_APPROVE,False
APP003139,APP001706,51.36,FUZZY,72.73,50.0,0.0,AUTO_APPROVE,False
APP003140,APP003905,59.46,FUZZY,54.55,40.62,100.0,AUTO_APPROVE,False
APP003141,APP000502,59.41,FUZZY,58.82,100.0,0.0,AUTO_APPROVE,False
APP003142,APP009903,63.15,FUZZY,100.0,43.84,0.0,AUTO_APPROVE,False
APP003143,APP004425,76.83,FUZZY,86.67,45.0,100.0,AUTO_APPROVE,False
APP003144,APP005782,64.33,FUZZY,70.0,84.44,20.0,AUTO_APPROVE,False
APP003145,APP000581,97.0,EXACT_PHONE,94.74,100.0,75.0,AUTO_REJECT,True
APP003146,APP002376,58.58,FUZZY,62.5,41.1,75.0,AUTO_APPROVE,False
APP003147,APP002340,59.09,FUZZY,54.55,39.39,100.0,AUTO_APPROVE,False
APP003148,APP001708,97.0,EXACT_PHONE,97.14,100.0,100.0,AUTO_REJECT,True
APP003149,APP005511,62.44,FUZZY,51.43,55.74,100.0,AUTO_APPROVE,False
APP003150,APP006857,62.92,FUZZY,61.11,57.89,75.0,AUTO_APPROVE,False
APP003151,APP009776,61.38,FUZZY,100.0,37.93,0.0,AUTO_APPROVE,False
APP003152,APP005211,52.82,FUZZY,70.97,44.44,20.0,AUTO_APPROVE,False
APP003153,APP001692,56.43,FUZZY,62.5,70.59,20.0,AUTO_APPROVE,False
APP003154,APP008078,66.03,FUZZY,35.9,93.62,100.0,AUTO_APPROVE,False
APP003155,APP005660,61.43,FUZZY,100.0,38.1,0.0,AUTO_APPROVE,False
APP003156,APP005310,66.62,FUZZY,76.92,80.52,20.0,AUTO_APPROVE,False
APP003157,APP003726,66.73,FUZZY,81.25,73.68,20.0,AUTO_APPROVE,False
APP003158,APP004816,63.79,FUZZY,47.06,67.53,100.0,AUTO_APPROVE,False
APP003159,APP002330,75.49,FUZZY,80.0,68.29,75.0,AUTO_APPROVE,False
APP003160,APP004473,54.44,FUZZY,85.71,38.6,0.0,AUTO_APPROVE,False
APP003161,APP004667,100.0,FUZZY,100.0,100.0,100.0,AUTO_REJECT,True
APP003162,APP008254,70.62,FUZZY,100.0,68.75,0.0,AUTO_APPROVE,False
APP003163,APP006305,71.18,FUZZY,100.0,70.59,0.0,AUTO_APPROVE,False
APP003164,APP004736,72.11,FUZZY,100.0,73.68,0.0,AUTO_APPROVE,False
APP003165,APP003756,75.36,FUZZY,95.0,42.86,75.0,AUTO_APPROVE,False
APP003166,APP009593,66.04,FUZZY,62.5,49.32,100.0,AUTO_APPROVE,False
APP003167,,0.0,NO_MATCH,0.0,0.0,0.0,AUTO_APPROVE,False
APP003168,APP009556,56.17,FUZZY,81.48,38.1,20.0,AUTO_APPROVE,False
APP003169,APP002814,65.86,FUZZY,78.57,38.6,75.0,AUTO_APPROVE,False
APP003170,APP001115,61.08,FUZZY,100.0,36.92,0.0,AUTO_APPROVE,False
APP003171,APP004399,66.62,FUZZY,100.0,55.38,0.0,AUTO_APPROVE,False
APP003172,APP002880,59.47,FUZZY,100.0,31.58,0.0,AUTO_APPROVE,False
APP003173,APP006060,100.0,EXACT_PAN,93.75,100.0,75.0,AUTO_REJECT,True
APP003174,APP009725,65.17,FUZZY,83.33,65.0,20.0,AUTO_APPROVE,False
APP003175,APP001727,71.92,FUZZY,100.0,73.08,0.0,AUTO_APPROVE,False
APP003176,APP009326,60.06,FUZZY,52.94,45.28,100.0,AUTO_APPROVE,False
APP003177,APP005894,59.47,FUZZY,100.0,31.58,0.0,AUTO_APPROVE,False
APP003178,APP004380,100.0,FUZZY,100.0,100.0,100.0,AUTO_REJECT,True
APP003179,APP008534,54.35,FUZZY,51.61,45.16,75.0,AUTO_APPROVE,False
APP003180,APP006432,65.69,FUZZY,100.0,52.31,0.0,AUTO_APPROVE,False
APP003181,APP006860,64.75,FUZZY,100.0,49.18,0.0,AUTO_APPROVE,False
APP003182,APP006600,62.54,FUZZY,100.0,41.79,0.0,AUTO_APPROVE,False
APP003183,APP008836,100.0,EXACT_PAN,96.55,100.0,100.0,AUTO_REJECT,True
APP003184,APP001989,57.92,FUZZY,100.0,26.42,0.0,AUTO_APPROVE,False
APP003185,APP007745,72.57,FUZZY,81.08,56.76,75.0,AUTO_APPROVE,False
APP003186,APP002931,52.75,FUZZY,68.57,61.54,0.0,AUTO_APPROVE,False
APP003187,APP001342,69.41,FUZZY,62.86,76.6,75.0,AUTO_APPROVE,False
APP003188,APP005310,60.91,FUZZY,56.25,49.28,90.0,AUTO_APPROVE,False
APP003189,APP009417,61.89,FUZZY,72.73,35.09,75.0,AUTO_APPROVE,False
APP003190,APP005083,70.79,FUZZY,60.61,68.29,100.0,AUTO_APPROVE,False
APP003191,APP007813,66.79,FUZZY,66.67,61.54,75.0,AUTO_APPROVE,False
APP003192,APP004522,100.0,EXACT_PAN,95.45,100.0,90.0,AUTO_REJECT,True
APP003193,APP006760,64.59,FUZZY,100.0,35.29,20.0,AUTO_APPROVE,False
APP003194,APP006054,54.29,FUZZY,53.85,24.56,100.0,AUTO_APPROVE,False
APP003195,APP002053,61.4,FUZZY,69.57,38.71,75.0,AUTO_APPROVE,False
APP003196,APP008125,60.0,FUZZY,100.0,33.33,0.0,AUTO_APPROVE,False
APP003197,APP003248,93.65,FUZZY,97.3,100.0,75.0,AUTO_REJECT,True
APP003198,APP005516,71.92,FUZZY,80.0,56.41,75.0,AUTO_APPROVE,False
APP003199,APP003333,64.48,FUZZY,100.0,48.28,0.0,AUTO_APPROVE,False
APP003200,APP007238,56.73,FUZZY,78.57,44.83,20.0,AUTO_APPROVE,False
APP003201,APP000965,57.25,FUZZY,78.26,47.06,20.0,AUTO_APPROVE,False
APP003202,APP003936,62.4,FUZZY,66.67,46.88,75.0,AUTO_APPROVE,False
APP003203,APP004739,67.64,FUZZY,100.0,45.45,20.0,AUTO_APPROVE,False
APP003204,APP001913,91.88,FUZZY,93.75,100.0,75.0,FLAG_FOR_REVIEW,True
APP003205,APP003451,68.41,FUZZY,58.82,80.0,75.0,AUTO_APPROVE,False
APP003206,APP009983,62.02,FUZZY,47.37,61.11,100.0,AUTO_APPROVE,False
APP003207,APP000556,66.62,FUZZY,100.0,55.38,0.0,AUTO_APPROVE,False
APP003208,APP006769,55.74,FUZZY,82.05,35.71,20.0,AUTO_APPROVE,False
APP003209,APP002196,61.27,FUZZY,66.67,43.14,75.0,AUTO_APPROVE,False
APP003210,APP009953,63.04,FUZZY,100.0,43.48,0.0,AUTO_APPROVE,False
APP003211,APP002553,68.86,FUZZY,100.0,62.86,0.0,AUTO_APPROVE,False
APP003212,APP003152,51.84,FUZZY,78.26,29.03,20.0,AUTO_APPROVE,False
APP003213,APP009651,97.5,FUZZY,95.0,100.0,100.0,AUTO_REJECT,True
APP003214,APP000474,56.25,FUZZY,60.61,73.17,20.0,AUTO_APPROVE,False
APP003215,APP009507,59.35,FUZZY,71.43,65.45,20.0,AUTO_APPROVE,False
APP003216,APP006621,92.83,FUZZY,95.65,100.0,75.0,AUTO_REJECT,True
APP003217,APP000140,65.29,FUZZY,70.59,100.0,0.0,AUTO_APPROVE,False
APP003218,APP006298,66.36,FUZZY,54.55,63.64,100.0,AUTO_APPROVE,False
APP003219,APP002773,69.69,FUZZY,100.0,65.62,0.0,AUTO_APPROVE,False
APP003220,APP004524,97.83,FUZZY,95.65,100.0,100.0,AUTO_REJECT,True
APP003221,APP003863,61.63,FUZZY,48.65,57.69,100.0,AUTO_APPROVE,False
APP003222,APP008707,94.88,FUZZY,93.75,100.0,90.0,AUTO_REJECT,True
APP003223,APP009885,60.22,FUZZY,81.48,64.94,0.0,AUTO_APPROVE,False
APP003224,APP007925,67.58,FUZZY,84.21,34.92,75.0,AUTO_APPROVE,False
APP003225,APP008967,100.0,EXACT_PAN,94.12,100.0,100.0,AUTO_REJECT,True
APP003226,APP009817,59.13,FUZZY,72.0,63.77,20.0,AUTO_APPROVE,False
APP003227,APP009325,56.85,FUZZY,43.24,50.75,100.0,AUTO_APPROVE,False
APP003228,APP002290,53.72,FUZZY,52.94,40.82,75.0,AUTO_APPROVE,False
APP003229,APP005259,57.63,FUZZY,78.79,47.46,20.0,AUTO_APPROVE,False
APP003230,APP006945,54.11,FUZZY,57.14,71.79,20.0,AUTO_APPROVE,False
APP003231,APP004885,69.2,FUZZY,100.0,64.0,0.0,AUTO_APPROVE,False
APP003232,APP008712,70.0,FUZZY,100.0,66.67,0.0,AUTO_APPROVE,False
APP003233,APP007436,57.5,FUZZY,100.0,25.0,0.0,AUTO_APPROVE,False
APP003234,APP000347,64.06,FUZZY,100.0,46.88,0.0,AUTO_APPROVE,False
APP003235,APP008117,100.0,EXACT_PAN,96.77,100.0,100.0,AUTO_REJECT,True
APP003236,APP000062,53.25,FUZZY,83.33,38.6,0.0,AUTO_APPROVE,False
APP003237,APP000025,68.26,FUZZY,100.0,60.87,0.0,AUTO_APPROVE,False
APP003238,APP008686,61.54,FUZZY,100.0,38.46,0.0,AUTO_APPROVE,False
APP003239,APP007223,59.31,FUZZY,100.0,31.03,0.0,AUTO_APPROVE,False
APP003240,APP002174,68.08,FUZZY,100.0,60.27,0.0,AUTO_APPROVE,False
APP003241,APP008254,66.52,FUZZY,66.67,60.61,75.0,AUTO_APPROVE,False
APP003242,APP009580,58.81,FUZZY,47.62,50.0,100.0,AUTO_APPROVE,False
APP003243,APP000299,92.5,FUZZY,95.0,100.0,75.0,AUTO_REJECT,True
APP003244,APP002873,66.67,FUZZY,93.33,66.67,0.0,AUTO_APPROVE,False
APP003245,APP005263,97.0,EXACT_PHONE,100.0,100.0,75.0,AUTO_REJECT,True
APP003246,APP007061,97.0,EXACT_PHONE,100.0,100.0,75.0,AUTO_REJECT,True
APP003247,APP002638,53.48,FUZZY,70.59,47.27,20.0,AUTO_APPROVE,False
APP003248,APP003197,93.65,FUZZY,97.3,100.0,75.0,AUTO_REJECT,True
APP003249,APP001965,56.81,FUZZY,63.16,70.77,20.0,AUTO_APPROVE,False
APP003250,APP007241,70.0,FUZZY,80.0,100.0,0.0,AUTO_APPROVE,False
APP003251,APP004063,58.42,FUZZY,100.0,28.07,0.0,AUTO_APPROVE,False
APP003252,APP006902,59.85,FUZZY,100.0,32.84,0.0,AUTO_APPROVE,False
APP003253,APP006094,66.0,FUZZY,100.0,40.0,20.0,AUTO_APPROVE,False
APP003254,APP004680,58.31,FUZZY,100.0,27.69,0.0,AUTO_APPROVE,False
APP003255,APP005892,57.47,FUZZY,62.5,74.07,20.0,AUTO_APPROVE,False
APP003256,APP005621,62.59,FUZZY,72.73,74.07,20.0,AUTO_APPROVE,False
APP003257,APP008201,63.05,FUZZY,94.44,39.44,20.0,AUTO_APPROVE,False
APP003258,APP004429,93.78,FUZZY,97.56,100.0,75.0,AUTO_REJECT,True
APP003259,APP008754,97.0,EXACT_PHONE,93.75,100.0,100.0,AUTO_REJECT,True
APP003260,APP007277,53.29,FUZZY,64.0,57.63,20.0,AUTO_APPROVE,False
APP003261,APP007207,62.54,FUZZY,66.67,47.37,75.0,AUTO_APPROVE,False
APP003262,APP002756,100.0,EXACT_PAN,96.97,100.0,100.0,AUTO_REJECT,True
APP003263,APP000919,60.85,FUZZY,60.0,52.83,75.0,AUTO_APPROVE,False
APP003264,APP001210,64.37,FUZZY,100.0,47.89,0.0,AUTO_APPROVE,False
APP003265,APP002283,66.9,FUZZY,70.0,56.34,75.0,AUTO_APPROVE,False
APP003266,APP007301,73.68,FUZZY,80.0,45.61,100.0,AUTO_APPROVE,False
APP003267,APP002322,65.43,FUZZY,100.0,51.43,0.0,AUTO_APPROVE,False
APP003268,APP009356,97.0,EXACT_PHONE,94.44,100.0,100.0,AUTO_REJECT,True
APP003269,APP002715,100.0,EXACT_PAN,94.74,100.0,75.0,AUTO_REJECT,True
APP003270,APP002573,59.47,FUZZY,100.0,31.58,0.0,AUTO_APPROVE,False
APP003271,APP009526,95.0,FUZZY,100.0,100.0,75.0,AUTO_REJECT,True
APP003272,APP005061,64.38,FUZZY,68.75,100.0,0.0,AUTO_APPROVE,False
APP003273,APP001699,59.09,FUZZY,100.0,30.3,0.0,AUTO_APPROVE,False
APP003274,APP000556,97.0,EXACT_PHONE,100.0,100.0,100.0,AUTO_REJECT,True
APP003275,APP001072,60.0,FUZZY,100.0,33.33,0.0,AUTO_APPROVE,False
APP003276,APP008248,66.67,FUZZY,100.0,55.56,0.0,AUTO_APPROVE,False
APP003277,APP003638,65.2,FUZZY,100.0,50.67,0.0,AUTO_APPROVE,False
APP003278,APP007564,64.24,FUZZY,100.0,47.46,0.0,AUTO_APPROVE,False
APP003279,APP005958,63.08,FUZZY,63.16,55.0,75.0,AUTO_APPROVE,False
APP003280,APP001609,68.26,FUZZY,100.0,60.87,0.0,AUTO_APPROVE,False
APP003281,APP001193,65.48,FUZZY,100.0,51.61,0.0,AUTO_APPROVE,False
APP003282,APP009073,61.69,FUZZY,100.0,38.96,0.0,AUTO_APPROVE,False
APP003283,APP002835,57.29,FUZZY,68.57,63.33,20.0,AUTO_APPROVE,False
APP003284,APP004857,51.23,FUZZY,68.57,43.14,20.0,AUTO_APPROVE,False
APP003285,APP000151,67.14,FUZZY,100.0,57.14,0.0,AUTO_APPROVE,False
APP003286,APP006045,60.53,FUZZY,100.0,35.09,0.0,AUTO_APPROVE,False
APP003287,APP005385,61.27,FUZZY,100.0,24.24,20.0,AUTO_APPROVE,False
APP003288,APP005002,69.35,FUZZY,100.0,64.52,0.0,AUTO_APPROVE,False
APP003289,APP001224,62.97,FUZZY,100.0,43.24,0.0,AUTO_APPROVE,False
APP003290,APP005598,100.0,EXACT_PAN,94.74,100.0,75.0,AUTO_REJECT,True
APP003291,APP002816,100.0,EXACT_PAN,92.31,100.0,75.0,AUTO_REJECT,True
APP003292,APP007824,78.71,FUZZY,100.0,29.03,100.0,AUTO_APPROVE,True
APP003293,APP002447,75.56,FUZZY,100.0,71.88,20.0,AUTO_APPROVE,False
APP003294,APP009936,67.82,FUZZY,80.0,79.41,20.0,AUTO_APPROVE,False
APP003295,APP000739,60.43,FUZZY,62.5,47.27,75.0,AUTO_APPROVE,False
APP003296,APP004069,67.12,FUZZY,81.48,37.93,75.0,AUTO_APPROVE,False
APP003297,APP000947,65.0,FUZZY,100.0,50.0,0.0,AUTO_APPROVE,False
APP003298,APP004982,74.27,FUZZY,86.67,53.12,75.0,AUTO_APPROVE,False
APP003299,APP002018,60.74,FUZZY,75.86,62.69,20.0,AUTO_APPROVE,False
APP003300,APP008730,95.83,FUZZY,91.67,100.0,100.0,AUTO_REJECT,True
APP003301,APP001030,73.0,FUZZY,100.0,76.67,0.0,AUTO_APPROVE,False
APP003302,APP000039,62.12,FUZZY,68.97,78.79,20.0,AUTO_APPROVE,False
APP003303,APP006399,58.62,FUZZY,62.07,41.94,75.0,AUTO_APPROVE,False
APP003304,APP009060,63.33,FUZZY,100.0,44.44,0.0,AUTO_APPROVE,False
APP003305,APP001080,66.67,FUZZY,50.0,72.22,100.0,AUTO_APPROVE,False
APP003306,APP000714,59.47,FUZZY,69.23,32.84,75.0,AUTO_APPROVE,False
APP003307,APP007734,63.85,FUZZY,100.0,46.15,0.0,AUTO_APPROVE,False
APP003308,APP009737,65.71,FUZZY,100.0,52.38,0.0,AUTO_APPROVE,False
APP003309,APP000163,54.45,FUZZY,62.07,64.71,20.0,AUTO_APPROVE,False
APP003310,APP008216,56.23,FUZZY,82.35,36.84,20.0,AUTO_APPROVE,False
APP003311,APP003798,100.0,EXACT_PAN,94.44,100.0,75.0,AUTO_REJECT,True
APP003312,APP005279,100.0,EXACT_PAN,100.0,100.0,100.0,AUTO_REJECT,True
APP003313,APP006244,64.78,FUZZY,70.59,48.28,75.0,AUTO_APPROVE,False
APP003314,APP006043,65.77,FUZZY,64.71,44.74,100.0,AUTO_APPROVE,False
APP003315,APP005807,63.71,FUZZY,54.55,54.79,100.0,AUTO_APPROVE,False
APP003316,APP005560,100.0,EXACT_PAN,95.24,100.0,75.0,AUTO_REJECT,True
APP003317,APP001417,71.84,FUZZY,80.0,56.14,75.0,AUTO_APPROVE,False
APP003318,APP009872,97.0,EXACT_PHONE,94.12,100.0,75.0,AUTO_REJECT,True
APP003319,APP006450,67.37,FUZZY,83.87,34.78,75.0,AUTO_APPROVE,False
APP003320,APP007057,66.48,FUZZY,83.33,32.73,75.0,AUTO_APPROVE,False
APP003321,APP007042,56.58,FUZZY,63.16,33.33,75.0,AUTO_APPROVE,False
APP003322,APP008495,97.0,EXACT_PHONE,97.3,100.0,75.0,AUTO_REJECT,True
APP003323,APP006088,64.23,FUZZY,78.79,32.79,75.0,AUTO_APPROVE,False
APP003324,APP005804,63.29,FUZZY,78.57,66.67,20.0,AUTO_APPROVE,False
APP003325,APP001571,62.1,FUZZY,60.61,56.0,75.0,AUTO_APPROVE,False
APP003326,APP009555,51.33,FUZZY,60.61,56.76,20.0,AUTO_APPROVE,False
APP003327,APP006278,62.16,FUZZY,100.0,40.54,0.0,AUTO_APPROVE,False
APP003328,APP009198,57.1,FUZZY,83.33,38.1,20.0,AUTO_APPROVE,False
APP003329,APP003452,70.56,FUZZY,94.12,65.0,20.0,AUTO_APPROVE,False
APP003330,APP006794,61.25,FUZZY,62.5,100.0,0.0,AUTO_APPROVE,False
APP003331,APP004642,63.93,FUZZY,48.48,65.62,100.0,AUTO_APPROVE,False
APP003332,APP004209,69.65,FUZZY,100.0,52.17,20.0,AUTO_APPROVE,False
APP003333,APP003199,64.48,FUZZY,100.0,48.28,0.0,AUTO_APPROVE,False
APP003334,APP002746,100.0,EXACT_PAN,94.44,100.0,90.0,AUTO_REJECT,True
APP003335,APP007322,69.11,FUZZY,76.92,52.17,75.0,AUTO_APPROVE,False
APP003336,APP004285,63.33,FUZZY,53.66,55.0,100.0,AUTO_APPROVE,False
APP003337,APP009283,62.93,FUZZY,75.0,71.43,20.0,AUTO_APPROVE,False
APP003338,APP007982,58.96,FUZZY,100.0,29.85,0.0,AUTO_APPROVE,False
APP003339,APP008897,71.67,FUZZY,60.0,72.22,100.0,AUTO_APPROVE,False
APP003340,APP007796,63.57,FUZZY,84.85,57.14,20.0,AUTO_APPROVE,False
APP003341,APP002080,57.87,FUZZY,82.35,42.31,20.0,AUTO_APPROVE,False
APP003342,APP008598,57.39,FUZZY,68.29,64.15,20.0,AUTO_APPROVE,False
APP003343,APP003909,73.41,FUZZY,83.87,38.24,100.0,AUTO_APPROVE,False
APP003344,APP001139,66.3,FUZZY,63.16,65.75,75.0,AUTO_APPROVE,False
APP003345,APP000770,100.0,EXACT_PAN,90.0,100.0,75.0,AUTO_REJECT,True
APP003346,APP000514,56.08,FUZZY,33.33,64.71,100.0,AUTO_APPROVE,False
APP003347,APP004145,61.82,FUZZY,100.0,39.39,0.0,AUTO_APPROVE,False
APP003348,APP004271,72.6,FUZZY,80.0,58.67,75.0,AUTO_APPROVE,False
APP003349,APP006848,57.42,FUZZY,81.25,42.67,20.0,AUTO_APPROVE,False
APP003350,APP000332,61.84,FUZZY,61.54,53.57,75.0,AUTO_APPROVE,False
APP003351,APP008093,76.58,FUZZY,63.16,100.0,75.0,AUTO_APPROVE,False
APP003352,APP001006,63.22,FUZZY,100.0,44.07,0.0,AUTO_APPROVE,False
APP003353,APP004988,100.0,EXACT_PAN,97.44,100.0,75.0,AUTO_REJECT,True
APP003354,APP005228,60.0,FUZZY,66.67,38.89,75.0,AUTO_APPROVE,False
APP003355,APP008585,55.13,FUZZY,64.0,63.77,20.0,AUTO_APPROVE,False
APP003356,APP006119,97.0,EXACT_PHONE,100.0,100.0,75.0,AUTO_REJECT,True
APP003357,APP005966,63.32,FUZZY,63.64,55.0,75.0,AUTO_APPROVE,False
APP003358,APP002435,61.23,FUZZY,81.08,68.97,0.0,AUTO_APPROVE,False
APP003359,APP007898,59.78,FUZZY,72.73,64.71,20.0,AUTO_APPROVE,False
APP003360,APP007988,66.36,FUZZY,100.0,54.55,0.0,AUTO_APPROVE,False
APP003361,APP005248,67.26,FUZZY,100.0,57.53,0.0,AUTO_APPROVE,False
APP003362,APP004912,63.33,FUZZY,66.67,100.0,0.0,AUTO_APPROVE,False
APP003363,APP009740,54.66,FUZZY,45.71,39.34,100.0,AUTO_APPROVE,False
APP003364,APP009393,62.63,FUZZY,100.0,42.11,0.0,AUTO_APPROVE,False
APP003365,APP009497,53.05,FUZZY,71.43,44.44,20.0,AUTO_APPROVE,False
APP003366,APP000527,59.59,FUZZY,60.61,47.62,75.0,AUTO_APPROVE,False
APP003367,APP003639,57.28,FUZZY,83.33,38.71,20.0,AUTO_APPROVE,False
APP003368,APP004475,67.78,FUZZY,100.0,45.95,20.0,AUTO_APPROVE,False
APP003369,APP008359,62.63,FUZZY,82.76,57.5,20.0,AUTO_APPROVE,False
APP003370,APP000334,66.92,FUZZY,100.0,56.41,0.0,AUTO_APPROVE,False
APP003371,APP006320,60.19,FUZZY,70.97,32.35,75.0,AUTO_APPROVE,False
APP003372,APP000983,73.68,FUZZY,100.0,28.95,75.0,AUTO_APPROVE,False
APP003373,APP005077,100.0,FUZZY,100.0,100.0,100.0,AUTO_REJECT,True
APP003374,APP003673,64.81,FUZZY,100.0,49.35,0.0,AUTO_APPROVE,False
APP003375,APP007819,56.57,FUZZY,58.82,40.54,75.0,AUTO_APPROVE,False
APP003376,APP009730,62.86,FUZZY,100.0,42.86,0.0,AUTO_APPROVE,False
APP003377,APP006049,63.85,FUZZY,82.05,26.09,75.0,AUTO_APPROVE,False
APP003378,APP008037,62.86,FUZZY,100.0,42.86,0.0,AUTO_APPROVE,False
APP003379,APP001268,67.01,FUZZY,100.0,56.72,0.0,AUTO_APPROVE,False
APP003380,APP005106,67.64,FUZZY,100.0,45.45,20.0,AUTO_APPROVE,False
APP003381,APP001979,74.62,FUZZY,100.0,82.05,0.0,AUTO_APPROVE,False
APP003382,APP004302,69.08,FUZZY,57.14,68.35,100.0,AUTO_APPROVE,False
APP003383,APP003742,67.54,FUZZY,100.0,58.46,0.0,AUTO_APPROVE,False
APP003384,APP001994,51.49,FUZZY,45.16,46.38,75.0,AUTO_APPROVE,False
APP003385,APP000586,60.99,FUZZY,100.0,36.62,0.0,AUTO_APPROVE,False
APP003386,APP001993,66.9,FUZZY,100.0,56.34,0.0,AUTO_APPROVE,False
APP003387,APP007416,60.96,FUZZY,75.86,63.41,20.0,AUTO_APPROVE,False
APP003388,APP006618,61.0,FUZZY,100.0,36.67,0.0,AUTO_APPROVE,False
APP003389,APP008699,60.71,FUZZY,42.42,65.0,100.0,AUTO_APPROVE,False
APP003390,APP001839,61.19,FUZZY,100.0,37.29,0.0,AUTO_APPROVE,False
APP003391,APP005669,65.66,FUZZY,74.29,45.07,75.0,AUTO_APPROVE,False
APP003392,APP003519,71.04,FUZZY,68.75,55.56,100.0,AUTO_APPROVE,False
APP003393,APP002094,55.6,FUZZY,42.11,48.48,100.0,AUTO_APPROVE,False
APP003394,APP001573,64.06,FUZZY,76.92,72.0,20.0,AUTO_APPROVE,False
APP003395,APP003191,66.67,FUZZY,64.52,64.71,75.0,AUTO_APPROVE,False
APP003396,APP009530,66.15,FUZZY,100.0,53.85,0.0,AUTO_APPROVE,False
APP003397,APP005372,67.87,FUZZY,66.67,65.12,75.0,AUTO_APPROVE,False
APP003398,APP001365,100.0,EXACT_PAN,97.14,100.0,75.0,AUTO_REJECT,True
APP003399,APP002206,61.59,FUZZY,56.25,61.54,75.0,AUTO_APPROVE,False
APP003400,APP000892,97.0,EXACT_PHONE,100.0,100.0,100.0,AUTO_REJECT,True
APP003401,APP008088,58.19,FUZZY,68.97,29.03,75.0,AUTO_APPROVE,False
APP003402,APP001095,63.93,FUZZY,82.35,62.5,20.0,AUTO_APPROVE,False
APP003403,APP001523,64.38,FUZZY,65.0,56.25,75.0,AUTO_APPROVE,False
APP003404,APP009114,75.82,FUZZY,100.0,36.07,75.0,AUTO_APPROVE,False
APP003405,APP000342,68.75,FUZZY,100.0,62.5,0.0,AUTO_APPROVE,False
APP003406,,0.0,NO_MATCH,0.0,0.0,0.0,AUTO_APPROVE,False
APP003407,APP004345,58.64,FUZZY,84.21,41.79,20.0,AUTO_APPROVE,False
APP003408,APP005831,61.26,FUZZY,66.67,43.08,75.0,AUTO_APPROVE,False
APP003409,APP001548,65.0,FUZZY,100.0,50.0,0.0,AUTO_APPROVE,False
APP003410,APP008428,91.11,FUZZY,92.22,100.0,75.0,FLAG_FOR_REVIEW,True
APP003411,APP009462,62.31,FUZZY,100.0,41.03,0.0,AUTO_APPROVE,False
APP003412,APP002346,59.38,FUZZY,83.87,44.83,20.0,AUTO_APPROVE,False
APP003413,APP007770,62.24,FUZZY,100.0,40.82,0.0,AUTO_APPROVE,False
APP003414,APP001943,100.0,EXACT_PAN,100.0,100.0,100.0,AUTO_REJECT,True
APP003415,APP007071,55.22,FUZZY,78.79,39.44,20.0,AUTO_APPROVE,False
APP003416,APP006657,57.11,FUZZY,68.57,62.75,20.0,AUTO_APPROVE,False
APP003417,APP001401,68.9,FUZZY,100.0,63.01,0.0,AUTO_APPROVE,False
APP003418,APP005039,62.54,FUZZY,100.0,41.79,0.0,AUTO_APPROVE,False
APP003419,APP000390,100.0,EXACT_PAN,96.97,100.0,100.0,AUTO_REJECT,True
APP003420,APP005040,61.1,FUZZY,78.57,72.73,0.0,AUTO_APPROVE,False
APP003421,,0.0,NO_MATCH,0.0,0.0,0.0,AUTO_APPROVE,False
APP003422,APP000396,98.48,FUZZY,96.97,100.0,100.0,AUTO_REJECT,True
APP003423,APP005792,69.98,FUZZY,72.73,52.05,90.0,AUTO_APPROVE,False
APP003424,APP008523,71.84,FUZZY,100.0,59.46,20.0,AUTO_APPROVE,False
APP003425,APP008221,61.59,FUZZY,83.33,53.06,20.0,AUTO_APPROVE,False
APP003426,APP000768,61.75,FUZZY,78.57,61.54,20.0,AUTO_APPROVE,False
APP003427,APP006680,71.6,FUZZY,100.0,72.0,0.0,AUTO_APPROVE,False
APP003428,APP001603,68.81,FUZZY,100.0,62.69,0.0,AUTO_APPROVE,False
APP003429,APP003876,62.02,FUZZY,62.5,89.23,20.0,AUTO_APPROVE,False
APP003430,APP009255,98.72,FUZZY,97.44,100.0,100.0,AUTO_REJECT,True
APP003431,APP001777,56.89,FUZZY,78.79,45.0,20.0,AUTO_APPROVE,False
APP003432,APP002845,67.27,FUZZY,83.33,72.0,20.0,AUTO_APPROVE,False
APP003433,APP002781,63.33,FUZZY,100.0,44.44,0.0,AUTO_APPROVE,False
APP003434,APP008500,93.57,FUZZY,97.14,100.0,75.0,AUTO_REJECT,True
APP003435,APP009788,95.0,FUZZY,100.0,100.0,75.0,AUTO_REJECT,True
APP003436,APP000028,63.42,FUZZY,86.96,53.12,20.0,AUTO_APPROVE,False
APP003437,APP005029,100.0,EXACT_PAN,95.0,100.0,100.0,AUTO_REJECT,True
APP003438,APP005641,60.19,FUZZY,100.0,33.96,0.0,AUTO_APPROVE,False
APP003439,APP002041,68.96,FUZZY,82.35,42.62,75.0,AUTO_APPROVE,False
APP003440,APP005292,58.21,FUZZY,38.71,62.86,100.0,AUTO_APPROVE,False
APP003441,APP003050,63.96,FUZZY,66.67,42.11,90.0,AUTO_APPROVE,False
APP003442,APP004665,55.06,FUZZY,66.67,59.09,20.0,AUTO_APPROVE,False
APP003443,APP001743,96.82,FUZZY,93.64,100.0,100.0,AUTO_REJECT,True
APP003444,APP000660,60.76,FUZZY,82.35,51.95,20.0,AUTO_APPROVE,False
APP003445,APP004747,61.3,FUZZY,100.0,37.68,0.0,AUTO_APPROVE,False
APP003446,APP007581,71.87,FUZZY,91.89,73.08,20.0,AUTO_APPROVE,False
APP003447,APP006260,100.0,EXACT_PAN,93.75,100.0,100.0,AUTO_REJECT,True
APP003448,APP009762,73.84,FUZZY,100.0,79.45,0.0,AUTO_APPROVE,False
APP003449,APP008268,67.33,FUZZY,66.67,100.0,20.0,AUTO_APPROVE,False
APP003450,APP000326,63.24,FUZZY,100.0,44.12,0.0,AUTO_APPROVE,False
APP003451,APP003205,68.41,FUZZY,58.82,80.0,75.0,AUTO_APPROVE,False
APP003452,APP003329,70.56,FUZZY,94.12,65.0,20.0,AUTO_APPROVE,False
APP003453,APP001231,62.66,FUZZY,57.14,63.64,75.0,AUTO_APPROVE,False
APP003454,APP000359,98.39,FUZZY,96.77,100.0,100.0,AUTO_REJECT,True
APP003455,APP007063,85.0,FUZZY,100.0,66.67,75.0,FLAG_FOR_REVIEW,True
APP003456,APP009531,71.92,FUZZY,76.92,61.54,75.0,AUTO_APPROVE,False
APP003457,APP008347,100.0,EXACT_PAN,94.12,100.0,100.0,AUTO_REJECT,True
APP003458,APP007737,64.02,FUZZY,60.0,63.41,75.0,AUTO_APPROVE,False
APP003459,APP003448,51.28,FUZZY,57.89,61.11,20.0,AUTO_APPROVE,False
APP003460,APP007035,54.57,FUZZY,60.0,31.88,75.0,AUTO_APPROVE,False
APP003461,APP009947,56.66,FUZZY,61.11,73.68,20.0,AUTO_APPROVE,False
APP003462,APP002883,70.21,FUZZY,68.42,53.33,100.0,AUTO_APPROVE,False
APP003463,APP008741,71.69,FUZZY,100.0,58.97,20.0,AUTO_APPROVE,False
APP003464,APP005015,100.0,EXACT_PAN,91.67,100.0,75.0,AUTO_REJECT,True
APP003465,APP001199,69.08,FUZZY,78.57,49.32,75.0,AUTO_APPROVE,False
APP003466,APP007914,100.0,EXACT_PAN,100.0,100.0,100.0,AUTO_REJECT,True
APP003467,APP001251,65.48,FUZZY,74.29,44.44,75.0,AUTO_APPROVE,False
APP003468,APP007941,59.8,FUZZY,70.0,32.65,75.0,AUTO_APPROVE,False
APP003469,APP009108,96.15,FUZZY,96.3,100.0,90.0,AUTO_REJECT,True
APP003470,APP008529,69.41,FUZZY,100.0,64.71,0.0,AUTO_APPROVE,False
APP003471,APP009059,62.73,FUZZY,100.0,42.42,0.0,AUTO_APPROVE,False
APP003472,APP004578,66.94,FUZZY,52.63,68.75,100.0,AUTO_APPROVE,False
APP003473,APP001218,70.91,FUZZY,81.82,100.0,0.0,AUTO_APPROVE,False
APP003474,APP002158,57.85,FUZZY,80.0,46.15,20.0,AUTO_APPROVE,False
APP003475,APP009188,58.14,FUZZY,100.0,27.12,0.0,AUTO_APPROVE,False
APP003476,APP003934,60.14,FUZZY,70.27,33.33,75.0,AUTO_APPROVE,False
APP003477,APP006905,61.43,FUZZY,100.0,38.1,0.0,AUTO_APPROVE,False
APP003478,APP008126,65.98,FUZZY,64.86,45.16,100.0,AUTO_APPROVE,False
APP003479,APP006823,65.89,FUZZY,61.11,67.8,75.0,AUTO_APPROVE,False
APP003480,APP000077,100.0,EXACT_PAN,100.0,100.0,75.0,AUTO_REJECT,True
APP003481,APP000874,69.02,FUZZY,86.67,35.62,75.0,AUTO_APPROVE,False
APP003482,APP002367,66.91,FUZZY,84.21,69.33,20.0,AUTO_APPROVE,False
APP003483,APP008920,66.62,FUZZY,100.0,55.38,0.0,AUTO_APPROVE,False
APP003484,APP003354,52.76,FUZZY,66.67,51.43,20.0,AUTO_APPROVE,False
APP003485,APP007192,61.45,FUZZY,58.06,41.38,100.0,AUTO_APPROVE,False
APP003486,APP002926,66.6,FUZZY,80.0,75.32,20.0,AUTO_APPROVE,False
APP003487,APP005397,54.6,FUZZY,54.55,41.1,75.0,AUTO_APPROVE,False
APP003488,APP007876,100.0,EXACT_PAN,100.0,100.0,75.0,AUTO_REJECT,True
APP003489,APP009102,65.24,FUZZY,100.0,50.79,0.0,AUTO_APPROVE,False
APP003490,APP004900,55.97,FUZZY,81.08,38.1,20.0,AUTO_APPROVE,False
APP003491,APP006931,61.34,FUZZY,81.08,56.0,20.0,AUTO_APPROVE,False
APP003492,APP005472,68.57,FUZZY,100.0,61.9,0.0,AUTO_APPROVE,False
APP003493,APP000504,62.83,FUZZY,78.79,28.12,75.0,AUTO_APPROVE,False
APP003494,APP001390,71.43,FUZZY,60.0,71.43,100.0,AUTO_APPROVE,False
APP003495,APP006159,70.49,FUZZY,76.92,56.76,75.0,AUTO_APPROVE,False
APP003496,APP000543,58.79,FUZZY,83.87,42.86,20.0,AUTO_APPROVE,False
APP003497,APP000034,56.93,FUZZY,75.86,50.0,20.0,AUTO_APPROVE,False
APP003498,APP007936,97.0,EXACT_PHONE,88.0,100.0,100.0,AUTO_REJECT,True
APP003499,APP000784,61.79,FUZZY,100.0,39.29,0.0,AUTO_APPROVE,False
APP003500,APP005684,56.69,FUZZY,55.56,46.38,75.0,AUTO_APPROVE,False
APP003501,APP002951,96.67,FUZZY,93.33,100.0,100.0,AUTO_REJECT,True
APP003502,APP005555,57.62,FUZZY,100.0,25.4,0.0,AUTO_APPROVE,False
APP003503,APP009940,97.22,FUZZY,94.44,100.0,100.0,AUTO_REJECT,True
APP003504,APP006033,93.48,FUZZY,96.97,100.0,75.0,AUTO_REJECT,True
APP003505,APP008413,67.75,FUZZY,100.0,59.15,0.0,AUTO_APPROVE,False
APP003506,APP008145,97.0,EXACT_PHONE,95.24,100.0,75.0,AUTO_REJECT,True
APP003507,APP006249,59.39,FUZZY,82.05,47.89,20.0,AUTO_APPROVE,False
APP003508,APP001255,61.23,FUZZY,51.43,51.72,100.0,AUTO_APPROVE,False
APP003509,APP003983,65.32,FUZZY,85.71,61.54,20.0,AUTO_APPROVE,False
APP003510,APP004922,69.78,FUZZY,88.24,72.22,20.0,AUTO_APPROVE,False
APP003511,APP000785,64.95,FUZZY,66.67,55.38,75.0,AUTO_APPROVE,False
APP003512,APP009662,59.38,FUZZY,80.0,64.62,0.0,AUTO_APPROVE,False
APP003513,APP009166,58.01,FUZZY,58.82,45.33,75.0,AUTO_APPROVE,False
APP003514,APP002768,64.89,FUZZY,87.5,57.14,20.0,AUTO_APPROVE,False
APP003515,APP001695,61.38,FUZZY,100.0,37.93,0.0,AUTO_APPROVE,False
APP003516,APP000014,65.21,FUZZY,100.0,50.7,0.0,AUTO_APPROVE,False
APP003517,APP004143,100.0,EXACT_PAN,96.97,100.0,75.0,AUTO_REJECT,True
APP003518,APP004566,68.68,FUZZY,78.26,48.48,75.0,AUTO_APPROVE,False
APP003519,APP008652,97.0,EXACT_PHONE,96.77,100.0,75.0,AUTO_REJECT,True
APP003520,APP005966,71.5,FUZZY,100.0,58.33,20.0,AUTO_APPROVE,False
APP003521,APP007040,68.48,FUZZY,100.0,48.28,20.0,AUTO_APPROVE,False
APP003522,APP003494,62.25,FUZZY,65.0,49.18,75.0,AUTO_APPROVE,False
APP003523,APP000671,65.79,FUZZY,100.0,52.63,0.0,AUTO_APPROVE,False
APP003524,APP001867,59.14,FUZZY,74.29,60.0,20.0,AUTO_APPROVE,False
APP003525,APP009023,65.65,FUZZY,100.0,52.17,0.0,AUTO_APPROVE,False
APP003526,APP009740,62.46,FUZZY,80.0,61.54,20.0,AUTO_APPROVE,False
APP003527,APP006151,97.0,EXACT_PHONE,100.0,100.0,75.0,AUTO_REJECT,True
APP003528,APP009636,97.22,FUZZY,94.44,100.0,100.0,AUTO_REJECT,True
APP003529,APP001481,66.52,FUZZY,100.0,55.07,0.0,AUTO_APPROVE,False
APP003530,APP007067,68.06,FUZZY,100.0,46.88,20.0,AUTO_APPROVE,False
APP003531,APP004035,69.51,FUZZY,66.67,70.59,75.0,AUTO_APPROVE,False
APP003532,APP007523,65.62,FUZZY,68.75,54.17,75.0,AUTO_APPROVE,False
APP003533,APP006469,62.63,FUZZY,100.0,42.11,0.0,AUTO_APPROVE,False
APP003534,APP008183,56.26,FUZZY,64.52,30.0,75.0,AUTO_APPROVE,False
APP003535,APP001690,63.21,FUZZY,56.41,66.67,75.0,AUTO_APPROVE,False
APP003536,APP003224,60.76,FUZZY,86.49,45.07,20.0,AUTO_APPROVE,False
APP003537,APP005854,62.58,FUZZY,45.16,66.67,100.0,AUTO_APPROVE,False
APP003538,APP008145,66.86,FUZZY,83.72,33.33,75.0,AUTO_APPROVE,False
APP003539,APP000623,69.13,FUZZY,100.0,63.77,0.0,AUTO_APPROVE,False
APP003540,APP009628,63.17,FUZZY,66.67,32.79,100.0,AUTO_APPROVE,False
APP003541,APP006519,62.19,FUZZY,100.0,40.62,0.0,AUTO_APPROVE,False
APP003542,APP006550,54.02,FUZZY,62.07,63.29,20.0,AUTO_APPROVE,False
APP003543,APP006583,61.48,FUZZY,51.43,69.23,75.0,AUTO_APPROVE,False
APP003544,APP001427,60.41,FUZZY,81.25,52.63,20.0,AUTO_APPROVE,False
APP003545,APP005867,60.78,FUZZY,62.86,47.83,75.0,AUTO_APPROVE,False
APP003546,APP008820,59.06,FUZZY,83.87,43.75,20.0,AUTO_APPROVE,False
APP003547,APP006526,97.0,EXACT_PHONE,89.66,100.0,75.0,AUTO_REJECT,True
APP003548,APP009171,65.48,FUZZY,70.97,100.0,0.0,AUTO_APPROVE,False
APP003549,APP007458,59.16,FUZZY,64.71,39.34,75.0,AUTO_APPROVE,False
APP003550,APP005394,65.94,FUZZY,83.87,30.0,75.0,AUTO_APPROVE,False
APP003551,APP003977,59.71,FUZZY,52.94,44.12,100.0,AUTO_APPROVE,False
APP003552,APP006635,55.49,FUZZY,78.57,40.68,20.0,AUTO_APPROVE,False
APP003553,APP000115,67.38,FUZZY,66.67,63.49,75.0,AUTO_APPROVE,False
APP003554,APP001981,65.13,FUZZY,64.71,59.26,75.0,AUTO_APPROVE,False
APP003555,APP009806,58.77,FUZZY,38.89,64.41,100.0,AUTO_APPROVE,False
APP003556,APP000950,100.0,EXACT_PAN,93.75,100.0,100.0,AUTO_REJECT,True
APP003557,APP008868,93.48,FUZZY,96.97,100.0,75.0,AUTO_REJECT,True
APP003558,APP001788,67.93,FUZZY,75.86,50.0,75.0,AUTO_APPROVE,False
APP003559,APP003002,72.33,FUZZY,100.0,74.42,0.0,AUTO_APPROVE,False
APP003560,APP001920,64.17,FUZZY,100.0,47.22,0.0,AUTO_APPROVE,False
APP003561,APP009087,57.84,FUZZY,33.33,70.59,100.0,AUTO_APPROVE,False
APP003562,APP004781,68.33,FUZZY,100.0,61.11,0.0,AUTO_APPROVE,False
APP003563,APP004360,70.48,FUZZY,76.92,56.72,75.0,AUTO_APPROVE,False
APP003564,APP001685,61.25,FUZZY,100.0,37.5,0.0,AUTO_APPROVE,False
APP003565,APP004597,57.96,FUZZY,54.55,35.62,100.0,AUTO_APPROVE,False
APP003566,APP000120,52.89,FUZZY,57.14,67.74,20.0,AUTO_APPROVE,False
APP003567,APP005792,67.69,FUZZY,100.0,58.97,0.0,AUTO_APPROVE,False
APP003568,APP005226,55.35,FUZZY,48.28,54.05,75.0,AUTO_APPROVE,False
APP003569,APP002113,60.34,FUZZY,57.14,55.88,75.0,AUTO_APPROVE,False
APP003570,APP000780,63.07,FUZZY,57.14,65.0,75.0,AUTO_APPROVE,False
APP003571,APP006104,65.37,FUZZY,83.87,64.79,20.0,AUTO_APPROVE,False
APP003572,APP009949,69.02,FUZZY,100.0,63.41,0.0,AUTO_APPROVE,False
APP003573,APP005033,54.6,FUZZY,60.61,30.99,75.0,AUTO_APPROVE,False
APP003574,APP005300,55.75,FUZZY,78.57,41.56,20.0,AUTO_APPROVE,False
APP003575,APP004198,66.52,FUZZY,77.78,42.11,75.0,AUTO_APPROVE,False
APP003576,APP002176,68.46,FUZZY,100.0,61.54,0.0,AUTO_APPROVE,False
APP003577,APP007081,63.14,FUZZY,85.71,54.29,20.0,AUTO_APPROVE,False
APP003578,APP008396,65.85,FUZZY,100.0,52.83,0.0,AUTO_APPROVE,False
APP003579,APP001842,75.24,FUZZY,82.05,47.37,100.0,AUTO_APPROVE,False
APP003580,APP002719,66.2,FUZZY,71.43,51.61,75.0,AUTO_APPROVE,False
APP003581,APP001750,57.96,FUZZY,63.41,37.5,75.0,AUTO_APPROVE,False
APP003582,APP001022,55.25,FUZZY,80.0,37.5,20.0,AUTO_APPROVE,False
APP003583,APP002143,61.79,FUZZY,100.0,39.29,0.0,AUTO_APPROVE,False
APP003584,APP003739,59.52,FUZZY,80.0,51.72,20.0,AUTO_APPROVE,False
APP003585,APP005425,64.29,FUZZY,100.0,47.62,0.0,AUTO_APPROVE,False
APP003586,APP009301,61.58,FUZZY,100.0,38.6,0.0,AUTO_APPROVE,False
APP003587,APP000529,72.29,FUZZY,78.57,50.0,90.0,AUTO_APPROVE,False
APP003588,APP002505,54.74,FUZZY,81.48,33.33,20.0,AUTO_APPROVE,False
APP003589,APP008546,59.62,FUZZY,62.86,80.65,20.0,AUTO_APPROVE,False
APP003590,APP007468,64.15,FUZZY,81.48,64.71,20.0,AUTO_APPROVE,False
APP003591,APP008222,100.0,EXACT_PAN,97.3,100.0,100.0,AUTO_REJECT,True
APP003592,APP006254,60.65,FUZZY,100.0,35.48,0.0,AUTO_APPROVE,False
APP003593,APP001186,98.57,FUZZY,97.14,100.0,100.0,AUTO_REJECT,True
APP003594,APP008772,56.81,FUZZY,59.46,76.92,20.0,AUTO_APPROVE,False
APP003595,APP006824,65.29,FUZZY,73.68,81.48,20.0,AUTO_APPROVE,False
APP003596,APP007477,64.72,FUZZY,100.0,49.06,0.0,AUTO_APPROVE,False
APP003597,APP008332,61.55,FUZZY,64.86,47.06,75.0,AUTO_APPROVE,False
APP003598,APP008301,61.83,FUZZY,84.85,51.35,20.0,AUTO_APPROVE,False
APP003599,APP006731,74.62,FUZZY,100.0,82.05,0.0,AUTO_APPROVE,False
APP003600,APP003570,60.99,FUZZY,58.82,55.26,75.0,AUTO_APPROVE,False
APP003601,APP008805,96.72,FUZZY,97.44,100.0,90.0,AUTO_REJECT,True
APP003602,APP007881,60.3,FUZZY,60.61,50.0,75.0,AUTO_APPROVE,False
APP003603,APP005811,90.0,FUZZY,90.0,100.0,75.0,FLAG_FOR_REVIEW,True
APP003604,APP007125,61.62,FUZZY,93.75,35.82,20.0,AUTO_APPROVE,False
APP003605,APP009360,60.86,FUZZY,78.79,58.23,20.0,AUTO_APPROVE,False
APP003606,APP001378,57.73,FUZZY,62.86,37.68,75.0,AUTO_APPROVE,False
APP003607,APP002923,70.6,FUZZY,100.0,55.32,20.0,AUTO_APPROVE,False
APP003608,APP002834,59.31,FUZZY,100.0,31.03,0.0,AUTO_APPROVE,False
APP003609,APP009960,56.83,FUZZY,64.29,68.97,20.0,AUTO_APPROVE,False
APP003610,APP008213,61.67,FUZZY,66.67,44.44,75.0,AUTO_APPROVE,False
APP003611,APP007459,100.0,EXACT_PAN,96.97,100.0,100.0,AUTO_REJECT,True
APP003612,APP008964,63.33,FUZZY,66.67,100.0,0.0,AUTO_APPROVE,False
APP003613,APP008812,70.25,FUZZY,100.0,67.5,0.0,AUTO_APPROVE,False
APP003614,APP001157,62.2,FUZZY,100.0,40.68,0.0,AUTO_APPROVE,False
APP003615,APP009178,67.6,FUZZY,100.0,58.67,0.0,AUTO_APPROVE,False
APP003616,APP002965,63.22,FUZZY,85.0,55.74,20.0,AUTO_APPROVE,False
APP003617,APP006540,100.0,EXACT_PAN,100.0,100.0,75.0,AUTO_REJECT,True
APP003618,,0.0,NO_MATCH,0.0,0.0,0.0,AUTO_APPROVE,False
APP003619,APP008315,57.51,FUZZY,72.73,57.14,20.0,AUTO_APPROVE,False
APP003620,APP008527,53.69,FUZZY,82.76,41.03,0.0,AUTO_APPROVE,False
APP003621,APP007480,65.16,FUZZY,59.46,51.43,100.0,AUTO_APPROVE,False
APP003622,APP008352,66.22,FUZZY,100.0,54.05,0.0,AUTO_APPROVE,False
APP003623,APP008055,62.12,FUZZY,66.67,45.95,75.0,AUTO_APPROVE,False
APP003624,APP008012,54.37,FUZZY,35.29,55.74,100.0,AUTO_APPROVE,False
APP003625,APP000870,69.26,FUZZY,50.0,80.85,100.0,AUTO_APPROVE,False
APP003626,APP001281,65.0,FUZZY,70.0,100.0,0.0,AUTO_APPROVE,False
APP003627,APP004513,56.47,FUZZY,80.0,41.56,20.0,AUTO_APPROVE,False
APP003628,APP004985,67.69,FUZZY,66.67,64.52,75.0,AUTO_APPROVE,False
APP003629,APP003829,63.24,FUZZY,100.0,44.12,0.0,AUTO_APPROVE,False
APP003630,APP005469,66.5,FUZZY,100.0,55.0,0.0,AUTO_APPROVE,False
APP003631,APP000054,65.93,FUZZY,66.67,58.67,75.0,AUTO_APPROVE,False
APP003632,APP009007,82.37,FUZZY,100.0,57.89,75.0,FLAG_FOR_REVIEW,False
APP003633,APP002104,58.11,FUZZY,72.73,59.15,20.0,AUTO_APPROVE,False
APP003634,APP000039,58.77,FUZZY,66.67,34.78,75.0,AUTO_APPROVE,False
APP003635,APP003657,67.54,FUZZY,100.0,58.46,0.0,AUTO_APPROVE,False
APP003636,APP004888,66.86,FUZZY,85.71,66.67,20.0,AUTO_APPROVE,False
APP003637,APP001764,92.06,FUZZY,94.12,100.0,75.0,AUTO_REJECT,True
APP003638,APP004743,66.45,FUZZY,100.0,54.84,0.0,AUTO_APPROVE,False
APP003639,APP003802,71.97,FUZZY,64.86,65.12,100.0,AUTO_APPROVE,False
APP003640,APP006786,100.0,EXACT_PAN,100.0,100.0,75.0,AUTO_REJECT,True
APP003641,APP006094,72.46,FUZZY,82.35,54.29,75.0,AUTO_APPROVE,False
APP003642,APP005923,65.33,FUZZY,73.68,81.63,20.0,AUTO_APPROVE,False
APP003643,APP001941,95.0,FUZZY,100.0,100.0,75.0,AUTO_REJECT,True
APP003644,APP003246,63.21,FUZZY,63.41,55.0,75.0,AUTO_APPROVE,False
APP003645,APP005353,63.42,FUZZY,74.07,37.93,75.0,AUTO_APPROVE,False
APP003646,APP008898,78.52,FUZZY,100.0,95.08,0.0,AUTO_APPROVE,False
APP003647,APP008986,65.41,FUZZY,100.0,51.35,0.0,AUTO_APPROVE,False
APP003648,APP008205,97.37,FUZZY,94.74,100.0,100.0,AUTO_REJECT,True
APP003649,APP009838,51.82,FUZZY,68.75,44.83,20.0,AUTO_APPROVE,False
APP003650,APP009290,60.91,FUZZY,100.0,36.36,0.0,AUTO_APPROVE,False
APP003651,APP008742,61.8,FUZZY,64.86,47.89,75.0,AUTO_APPROVE,False
APP003652,APP009269,65.41,FUZZY,56.25,57.63,100.0,AUTO_APPROVE,False
APP003653,APP008474,63.67,FUZZY,80.0,65.57,20.0,AUTO_APPROVE,False
APP003654,APP006660,77.69,FUZZY,100.0,92.31,0.0,AUTO_APPROVE,False
APP003655,APP000469,70.33,FUZZY,66.67,73.33,75.0,AUTO_APPROVE,False
APP003656,APP005712,62.79,FUZZY,100.0,42.62,0.0,AUTO_APPROVE,False
APP003657,APP003635,67.54,FUZZY,100.0,58.46,0.0,AUTO_APPROVE,False
APP003658,APP006014,97.0,EXACT_PHONE,96.97,100.0,75.0,AUTO_REJECT,True
APP003659,APP001156,97.0,EXACT_PHONE,92.31,100.0,100.0,AUTO_REJECT,True
APP003660,APP001285,65.15,FUZZY,81.25,68.42,20.0,AUTO_APPROVE,False
APP003661,APP007024,61.43,FUZZY,55.81,45.07,100.0,AUTO_APPROVE,False
APP003662,APP005497,71.05,FUZZY,100.0,70.18,0.0,AUTO_APPROVE,False
APP003663,APP006619,69.07,FUZZY,81.25,44.83,75.0,AUTO_APPROVE,False
APP003664,APP004047,63.12,FUZZY,100.0,43.75,0.0,AUTO_APPROVE,False
APP003665,APP001569,79.11,FUZZY,81.48,61.22,100.0,AUTO_APPROVE,False
APP003666,APP004436,65.45,FUZZY,57.14,56.25,100.0,AUTO_APPROVE,False
APP003667,APP009423,67.66,FUZZY,61.54,72.97,75.0,AUTO_APPROVE,False
APP003668,APP006336,73.56,FUZZY,68.42,81.16,75.0,AUTO_APPROVE,False
APP003669,APP005290,93.0,FUZZY,86.0,100.0,100.0,AUTO_REJECT,True
APP003670,APP004064,68.38,FUZZY,82.35,40.68,75.0,AUTO_APPROVE,False
APP003671,APP004938,65.19,FUZZY,100.0,50.63,0.0,AUTO_APPROVE,False
APP003672,APP008544,66.43,FUZZY,57.14,76.19,75.0,AUTO_APPROVE,False
APP003673,APP003374,64.81,FUZZY,100.0,49.35,0.0,AUTO_APPROVE,False
APP003674,APP005993,55.74,FUZZY,89.66,36.36,0.0,AUTO_APPROVE,False
APP003675,APP007300,68.95,FUZZY,100.0,63.16,0.0,AUTO_APPROVE,False
APP003676,APP007219,100.0,EXACT_PAN,96.0,100.0,75.0,AUTO_REJECT,True
APP003677,APP009439,63.58,FUZZY,100.0,45.28,0.0,AUTO_APPROVE,False
APP003678,APP000675,55.54,FUZZY,76.92,43.59,20.0,AUTO_APPROVE,False
APP003679,APP002798,63.33,FUZZY,100.0,44.44,0.0,AUTO_APPROVE,False
APP003680,APP009709,55.24,FUZZY,40.0,50.79,100.0,AUTO_APPROVE,False
APP003681,APP000846,63.65,FUZZY,82.05,62.07,20.0,AUTO_APPROVE,False
APP003682,APP000078,69.12,FUZZY,83.87,77.27,20.0,AUTO_APPROVE,False
APP003683,APP001445,66.36,FUZZY,100.0,54.55,0.0,AUTO_APPROVE,False
APP003684,APP000498,70.57,FUZZY,78.26,54.79,75.0,AUTO_APPROVE,False
APP003685,APP001551,68.67,FUZZY,81.08,43.75,75.0,AUTO_APPROVE,False
APP003686,APP004517,60.06,FUZZY,44.44,59.46,100.0,AUTO_APPROVE,False
APP003687,APP004230,63.33,FUZZY,66.67,100.0,0.0,AUTO_APPROVE,False
APP003688,APP000571,98.39,FUZZY,96.77,100.0,100.0,AUTO_REJECT,True
APP003689,APP004368,67.85,FUZZY,100.0,46.15,20.0,AUTO_APPROVE,False
APP003690,APP006290,57.5,FUZZY,71.79,58.67,20.0,AUTO_APPROVE,False
APP003691,APP004526,65.97,FUZZY,62.5,55.74,90.0,AUTO_APPROVE,False
APP003692,APP002401,62.47,FUZZY,94.44,37.5,20.0,AUTO_APPROVE,False
APP003693,APP005507,64.37,FUZZY,53.33,75.68,75.0,AUTO_APPROVE,False
APP003694,APP004446,65.95,FUZZY,100.0,53.16,0.0,AUTO_APPROVE,False
APP003695,APP008065,74.5,FUZZY,85.0,93.33,20.0,AUTO_APPROVE,False
APP003696,APP004996,62.54,FUZZY,82.35,57.89,20.0,AUTO_APPROVE,False
APP003697,APP008386,59.59,FUZZY,70.59,67.65,20.0,AUTO_APPROVE,False
APP003698,APP005652,100.0,FUZZY,100.0,100.0,100.0,AUTO_REJECT,True
APP003699,APP009923,56.72,FUZZY,62.86,70.97,20.0,AUTO_APPROVE,False
APP003700,APP008454,94.17,FUZZY,88.33,100.0,100.0,AUTO_REJECT,True
APP003701,APP007778,65.21,FUZZY,100.0,50.7,0.0,AUTO_APPROVE,False
APP003702,APP000786,65.75,FUZZY,63.16,63.89,75.0,AUTO_APPROVE,False
APP003703,APP007501,97.0,EXACT_PHONE,94.44,100.0,75.0,AUTO_REJECT,True
APP003704,APP006427,100.0,EXACT_PAN,92.31,100.0,100.0,AUTO_REJECT,True
APP003705,APP006799,54.68,FUZZY,32.43,61.54,100.0,AUTO_APPROVE,False
APP003706,APP001332,56.57,FUZZY,57.14,43.33,75.0,AUTO_APPROVE,False
APP003707,APP000107,70.51,FUZZY,100.0,68.35,0.0,AUTO_APPROVE,False
APP003708,APP004839,68.94,FUZZY,83.87,40.0,75.0,AUTO_APPROVE,False
APP003709,APP008502,68.16,FUZZY,100.0,60.53,0.0,AUTO_APPROVE,False
APP003710,APP001653,98.78,FUZZY,97.56,100.0,100.0,AUTO_REJECT,True
APP003711,APP004134,98.48,FUZZY,96.97,100.0,100.0,AUTO_REJECT,True
APP003712,APP004691,67.88,FUZZY,66.67,48.48,100.0,AUTO_APPROVE,False
APP003713,APP005337,54.76,FUZZY,58.82,34.48,75.0,AUTO_APPROVE,False
APP003714,APP007373,68.01,FUZZY,84.21,36.36,75.0,AUTO_APPROVE,False
APP003715,APP002906,68.0,FUZZY,100.0,60.0,0.0,AUTO_APPROVE,False
APP003716,APP005541,62.53,FUZZY,56.41,64.41,75.0,AUTO_APPROVE,False
APP003717,APP002497,63.86,FUZZY,83.87,59.74,20.0,AUTO_APPROVE,False
APP003718,APP002324,100.0,FUZZY,100.0,100.0,100.0,AUTO_REJECT,True
APP003719,APP005113,72.86,FUZZY,85.71,100.0,0.0,AUTO_APPROVE,False
APP003720,APP001720,67.18,FUZZY,82.35,36.67,75.0,AUTO_APPROVE,False
APP003721,APP004870,97.06,FUZZY,94.12,100.0,100.0,AUTO_REJECT,True
APP003722,APP008929,70.62,FUZZY,100.0,68.75,0.0,AUTO_APPROVE,False
APP003723,APP002392,53.58,FUZZY,64.86,57.14,20.0,AUTO_APPROVE,False
APP003724,APP007249,66.44,FUZZY,100.0,54.79,0.0,AUTO_APPROVE,False
APP003725,APP009942,71.9,FUZZY,80.0,56.34,75.0,AUTO_APPROVE,False
APP003726,APP002904,70.0,FUZZY,100.0,66.67,0.0,AUTO_APPROVE,False
APP003727,APP000029,61.79,FUZZY,68.57,41.67,75.0,AUTO_APPROVE,False
APP003728,APP002570,62.17,FUZZY,100.0,40.58,0.0,AUTO_APPROVE,False
APP003729,APP008729,60.56,FUZZY,85.0,46.88,20.0,AUTO_APPROVE,False
APP003730,APP001697,62.79,FUZZY,92.31,42.11,20.0,AUTO_APPROVE,False
APP003731,APP001827,65.29,FUZZY,80.0,70.97,20.0,AUTO_APPROVE,False
APP003732,APP006786,62.98,FUZZY,53.66,53.85,100.0,AUTO_APPROVE,False
APP003733,APP005954,62.95,FUZZY,42.42,72.46,100.0,AUTO_APPROVE,False
APP003734,APP006257,100.0,EXACT_PAN,93.75,100.0,100.0,AUTO_REJECT,True
APP003735,APP008409,60.1,FUZZY,83.33,48.1,20.0,AUTO_APPROVE,False
APP003736,APP006524,58.55,FUZZY,60.0,81.82,20.0,AUTO_APPROVE,False
APP003737,APP004407,60.09,FUZZY,57.89,90.48,20.0,AUTO_APPROVE,False
APP003738,APP006589,61.2,FUZZY,100.0,37.33,0.0,AUTO_APPROVE,False
APP003739,APP003584,59.52,FUZZY,80.0,51.72,20.0,AUTO_APPROVE,False
APP003740,APP001348,64.31,FUZZY,53.33,75.47,75.0,AUTO_APPROVE,False
APP003741,APP009736,57.11,FUZZY,55.56,47.76,75.0,AUTO_APPROVE,False
APP003742,APP003383,67.54,FUZZY,100.0,58.46,0.0,AUTO_APPROVE,False
APP003743,APP006988,70.38,FUZZY,76.47,57.14,75.0,AUTO_APPROVE,False
APP003744,APP007503,69.64,FUZZY,100.0,65.45,0.0,AUTO_APPROVE,False
APP003745,APP001353,65.92,FUZZY,100.0,53.06,0.0,AUTO_APPROVE,False
APP003746,APP005960,59.0,FUZZY,100.0,30.0,0.0,AUTO_APPROVE,False
APP003747,APP005165,71.19,FUZZY,68.75,72.73,75.0,AUTO_APPROVE,False
APP003748,APP008112,53.3,FUZZY,34.48,53.52,100.0,AUTO_APPROVE,False
APP003749,APP006521,80.53,FUZZY,100.0,35.09,100.0,FLAG_FOR_REVIEW,True
APP003750,APP002700,63.38,FUZZY,100.0,31.25,20.0,AUTO_APPROVE,False
APP003751,APP009777,68.91,FUZZY,82.76,78.43,20.0,AUTO_APPROVE,False
APP003752,APP002050,96.88,FUZZY,93.75,100.0,100.0,AUTO_REJECT,True
APP003753,APP007867,63.33,FUZZY,66.67,100.0,0.0,AUTO_APPROVE,False
APP003754,APP003643,58.28,FUZZY,46.15,50.67,100.0,AUTO_APPROVE,False
APP003755,APP005677,59.39,FUZZY,66.67,36.84,75.0,AUTO_APPROVE,False
APP003756,APP003165,75.36,FUZZY,95.0,42.86,75.0,AUTO_APPROVE,False
APP003757,APP009332,66.46,FUZZY,76.92,80.0,20.0,AUTO_APPROVE,False
APP003758,APP009918,74.07,FUZZY,74.29,56.41,100.0,AUTO_APPROVE,False
APP003759,APP004709,69.59,FUZZY,92.31,64.79,20.0,AUTO_APPROVE,False
APP003760,APP006065,68.85,FUZZY,82.35,42.25,75.0,AUTO_APPROVE,False
APP003761,APP006854,93.65,FUZZY,97.3,100.0,75.0,AUTO_REJECT,True
APP003762,APP009576,61.33,FUZZY,66.67,80.0,20.0,AUTO_APPROVE,False
APP003763,APP007934,64.77,FUZZY,100.0,49.23,0.0,AUTO_APPROVE,False
APP003764,APP002406,58.03,FUZZY,83.72,40.58,20.0,AUTO_APPROVE,False
APP003765,APP009410,60.2,FUZZY,58.82,52.63,75.0,AUTO_APPROVE,False
APP003766,APP000721,55.54,FUZZY,64.52,64.29,20.0,AUTO_APPROVE,False
APP003767,APP004425,65.0,FUZZY,100.0,50.0,0.0,AUTO_APPROVE,False
APP003768,APP000350,57.62,FUZZY,63.16,73.47,20.0,AUTO_APPROVE,False
APP003769,APP005669,67.91,FUZZY,100.0,59.7,0.0,AUTO_APPROVE,False
APP003770,APP003224,60.14,FUZZY,100.0,33.8,0.0,AUTO_APPROVE,False
APP003771,APP006319,69.48,FUZZY,100.0,64.94,0.0,AUTO_APPROVE,False
APP003772,APP004269,63.37,FUZZY,91.89,58.06,0.0,AUTO_APPROVE,False
APP003773,APP009813,60.6,FUZZY,62.86,47.22,75.0,AUTO_APPROVE,False
APP003774,APP004395,61.25,FUZZY,59.26,55.38,75.0,AUTO_APPROVE,False
APP003775,APP008073,68.33,FUZZY,100.0,61.11,0.0,AUTO_APPROVE,False
APP003776,APP008793,62.41,FUZZY,73.33,72.46,20.0,AUTO_APPROVE,False
APP003777,APP009039,56.43,FUZZY,62.86,33.33,75.0,AUTO_APPROVE,False
APP003778,APP008324,100.0,EXACT_PAN,97.14,100.0,75.0,AUTO_REJECT,True
APP003779,APP002101,70.06,FUZZY,53.66,77.42,100.0,AUTO_APPROVE,False
APP003780,APP009758,100.0,EXACT_PAN,100.0,100.0,90.0,AUTO_REJECT,True
APP003781,APP004755,65.62,FUZZY,100.0,52.05,0.0,AUTO_APPROVE,False
APP003782,APP005577,63.52,FUZZY,100.0,45.07,0.0,AUTO_APPROVE,False
APP003783,APP008920,65.43,FUZZY,100.0,51.43,0.0,AUTO_APPROVE,False
APP003784,APP008196,78.07,FUZZY,82.35,72.97,75.0,AUTO_APPROVE,False
APP003785,APP000684,57.05,FUZZY,66.67,65.71,20.0,AUTO_APPROVE,False
APP003786,APP007382,67.64,FUZZY,70.59,57.83,75.0,AUTO_APPROVE,False
APP003787,APP008333,69.05,FUZZY,100.0,63.49,0.0,AUTO_APPROVE,False
APP003788,APP009035,61.37,FUZZY,58.06,57.78,75.0,AUTO_APPROVE,False
APP003789,APP008728,65.12,FUZZY,63.16,61.82,75.0,AUTO_APPROVE,False
APP003790,APP007550,95.0,FUZZY,100.0,100.0,75.0,AUTO_REJECT,True
APP003791,APP006414,61.69,FUZZY,82.05,55.56,20.0,AUTO_APPROVE,False
APP003792,APP004954,69.13,FUZZY,66.67,69.33,75.0,AUTO_APPROVE,False
APP003793,APP001185,100.0,FUZZY,100.0,100.0,100.0,AUTO_REJECT,True
APP003794,APP007130,100.0,EXACT_PAN,95.65,100.0,75.0,AUTO_REJECT,True
APP003795,APP007233,91.88,FUZZY,93.75,100.0,75.0,FLAG_FOR_REVIEW,True
APP003796,APP004394,59.24,FUZZY,66.67,36.36,75.0,AUTO_APPROVE,False
APP003797,APP004715,67.75,FUZZY,76.47,48.39,75.0,AUTO_APPROVE,False
APP003798,APP003311,100.0,EXACT_PAN,94.44,100.0,75.0,AUTO_REJECT,True
APP003799,APP002323,59.35,FUZZY,55.17,39.22,100.0,AUTO_APPROVE,False
APP003800,APP003994,61.59,FUZZY,69.77,75.68,20.0,AUTO_APPROVE,False
APP003801,APP000638,60.67,FUZZY,100.0,35.56,0.0,AUTO_APPROVE,False
APP003802,APP003639,71.97,FUZZY,64.86,65.12,100.0,AUTO_APPROVE,False
APP003803,APP005746,61.42,FUZZY,64.71,46.88,75.0,AUTO_APPROVE,False
APP003804,APP008705,56.65,FUZZY,78.57,57.89,0.0,AUTO_APPROVE,False
APP003805,APP007236,100.0,EXACT_PAN,97.3,100.0,75.0,AUTO_REJECT,True
APP003806,APP001131,70.55,FUZZY,100.0,68.49,0.0,AUTO_APPROVE,False
APP003807,APP004546,60.81,FUZZY,63.16,30.77,100.0,AUTO_APPROVE,False
APP003808,APP005423,59.83,FUZZY,62.86,28.0,100.0,AUTO_APPROVE,False
APP003809,APP009085,65.0,FUZZY,100.0,50.0,0.0,AUTO_APPROVE,False
APP003810,APP003972,67.26,FUZZY,100.0,57.53,0.0,AUTO_APPROVE,False
APP003811,APP006108,68.5,FUZZY,70.0,45.0,100.0,AUTO_APPROVE,False
APP003812,APP000398,67.01,FUZZY,100.0,56.72,0.0,AUTO_APPROVE,False
APP003813,APP004151,100.0,EXACT_PAN,100.0,100.0,75.0,AUTO_REJECT,True
APP003814,APP005141,55.57,FUZZY,58.06,38.46,75.0,AUTO_APPROVE,False
APP003815,APP005652,67.24,FUZZY,84.85,32.73,75.0,AUTO_APPROVE,False
APP003816,APP004694,56.89,FUZZY,53.33,50.75,75.0,AUTO_APPROVE,False
APP003817,APP007426,100.0,EXACT_PAN,96.55,100.0,100.0,AUTO_REJECT,True
APP003818,APP008647,73.4,FUZZY,80.0,61.33,75.0,AUTO_APPROVE,False
APP003819,APP009606,68.62,FUZZY,81.25,26.67,100.0,AUTO_APPROVE,False
APP003820,APP005165,66.73,FUZZY,81.25,73.68,20.0,AUTO_APPROVE,False
APP003821,APP007323,54.86,FUZZY,78.57,38.6,20.0,AUTO_APPROVE,False
APP003822,APP001447,64.59,FUZZY,100.0,48.65,0.0,AUTO_APPROVE,False
APP003823,APP003423,65.13,FUZZY,72.73,45.9,75.0,AUTO_APPROVE,False
APP003824,APP004502,64.31,FUZZY,100.0,34.38,20.0,AUTO_APPROVE,False
APP003825,APP002044,60.21,FUZZY,100.0,34.04,0.0,AUTO_APPROVE,False
APP003826,APP005466,98.65,FUZZY,97.3,100.0,100.0,AUTO_REJECT,True
APP003827,APP004769,63.39,FUZZY,72.0,77.97,20.0,AUTO_APPROVE,False
APP003828,APP004023,55.0,FUZZY,58.82,35.29,75.0,AUTO_APPROVE,False
APP003829,APP003629,63.24,FUZZY,100.0,44.12,0.0,AUTO_APPROVE,False
APP003830,APP002967,56.11,FUZZY,57.14,41.79,75.0,AUTO_APPROVE,False
APP003831,APP009640,95.0,FUZZY,100.0,100.0,75.0,AUTO_REJECT,True
APP003832,APP002920,63.78,FUZZY,100.0,45.95,0.0,AUTO_APPROVE,False
APP003833,APP005565,100.0,EXACT_PAN,95.0,100.0,75.0,AUTO_REJECT,True
APP003834,APP009912,63.45,FUZZY,100.0,44.83,0.0,AUTO_APPROVE,False
APP003835,APP008282,63.9,FUZZY,94.44,42.25,20.0,AUTO_APPROVE,False
APP003836,APP008256,61.77,FUZZY,54.55,65.0,75.0,AUTO_APPROVE,False
APP003837,APP005427,64.39,FUZZY,77.42,35.62,75.0,AUTO_APPROVE,False
APP003838,APP002253,73.7,FUZZY,78.57,64.71,75.0,AUTO_APPROVE,False
APP003839,APP006387,63.72,FUZZY,62.86,57.63,75.0,AUTO_APPROVE,False
APP003840,APP007655,66.8,FUZZY,100.0,56.0,0.0,AUTO_APPROVE,False
APP003841,APP008260,65.46,FUZZY,82.93,66.67,20.0,AUTO_APPROVE,False
APP003842,APP007593,53.3,FUZZY,56.25,70.59,20.0,AUTO_APPROVE,False
APP003843,,0.0,NO_MATCH,0.0,0.0,0.0,AUTO_APPROVE,False
APP003844,APP008009,68.0,FUZZY,100.0,60.0,0.0,AUTO_APPROVE,False
APP003845,APP008060,69.71,FUZZY,70.59,64.71,75.0,AUTO_APPROVE,False
APP003846,APP001286,98.65,FUZZY,97.3,100.0,100.0,AUTO_REJECT,True
APP003847,APP007213,64.59,FUZZY,68.75,50.7,75.0,AUTO_APPROVE,False
APP003848,APP007258,65.65,FUZZY,100.0,52.17,0.0,AUTO_APPROVE,False
APP003849,APP007319,51.04,FUZZY,74.07,33.33,20.0,AUTO_APPROVE,False
APP003850,APP007692,71.14,FUZZY,100.0,57.14,20.0,AUTO_APPROVE,False
APP003851,APP005304,100.0,FUZZY,100.0,100.0,100.0,AUTO_REJECT,True
APP003852,APP002876,69.17,FUZZY,100.0,63.89,0.0,AUTO_APPROVE,False
APP003853,APP002937,65.21,FUZZY,66.67,56.25,75.0,AUTO_APPROVE,False
APP003854,APP002807,60.18,FUZZY,82.35,50.0,20.0,AUTO_APPROVE,False
APP003855,APP007650,63.05,FUZZY,66.67,85.71,20.0,AUTO_APPROVE,False
APP003856,APP006835,55.0,FUZZY,66.67,22.22,75.0,AUTO_APPROVE,False
APP003857,APP000673,57.02,FUZZY,63.41,34.38,75.0,AUTO_APPROVE,False
APP003858,APP006764,62.68,FUZZY,100.0,42.25,0.0,AUTO_APPROVE,False
APP003859,APP003174,56.9,FUZZY,58.54,42.11,75.0,AUTO_APPROVE,False
APP003860,,0.0,NO_MATCH,0.0,0.0,0.0,AUTO_APPROVE,False
APP003861,APP001431,54.71,FUZZY,61.11,30.51,75.0,AUTO_APPROVE,False
APP003862,APP008888,100.0,FUZZY,100.0,100.0,100.0,AUTO_REJECT,True
APP003863,APP003221,61.63,FUZZY,48.65,57.69,100.0,AUTO_APPROVE,False
APP003864,APP007772,56.32,FUZZY,87.8,28.07,20.0,AUTO_APPROVE,False
APP003865,APP007959,50.99,FUZZY,62.5,52.46,20.0,AUTO_APPROVE,False
APP003866,APP004038,69.87,FUZZY,66.67,71.79,75.0,AUTO_APPROVE,False
APP003867,APP001848,61.82,FUZZY,78.57,61.76,20.0,AUTO_APPROVE,False
APP003868,APP009514,100.0,EXACT_PAN,95.0,100.0,75.0,AUTO_REJECT,True
APP003869,APP004088,75.62,FUZZY,80.0,68.75,75.0,AUTO_APPROVE,False
APP003870,APP009735,97.0,EXACT_PHONE,97.44,100.0,100.0,AUTO_REJECT,True
APP003871,APP002447,58.91,FUZZY,45.71,53.52,100.0,AUTO_APPROVE,False
APP003872,APP009628,59.71,FUZZY,83.33,46.81,20.0,AUTO_APPROVE,False
APP003873,APP008504,68.33,FUZZY,100.0,61.11,0.0,AUTO_APPROVE,False
APP003874,APP008050,97.0,EXACT_PHONE,94.44,100.0,100.0,AUTO_REJECT,True
APP003875,APP000747,95.0,FUZZY,100.0,100.0,75.0,AUTO_REJECT,True
APP003876,APP008862,63.77,FUZZY,100.0,45.9,0.0,AUTO_APPROVE,False
APP003877,APP007281,55.74,FUZZY,50.0,52.46,75.0,AUTO_APPROVE,False
APP003878,APP007113,54.36,FUZZY,83.87,28.07,20.0,AUTO_APPROVE,False
APP003879,APP004306,95.45,FUZZY,90.91,100.0,100.0,AUTO_REJECT,True
APP003880,APP004138,65.0,FUZZY,100.0,50.0,0.0,AUTO_APPROVE,False
APP003881,APP005693,100.0,FUZZY,100.0,100.0,100.0,AUTO_REJECT,True
APP003882,APP002146,67.39,FUZZY,100.0,57.97,0.0,AUTO_APPROVE,False
APP003883,APP006704,71.04,FUZZY,100.0,70.13,0.0,AUTO_APPROVE,False
APP003884,APP005822,53.5,FUZZY,75.0,40.0,20.0,AUTO_APPROVE,False
APP003885,APP002824,62.38,FUZZY,62.86,53.16,75.0,AUTO_APPROVE,False
APP003886,APP004421,61.83,FUZZY,100.0,39.44,0.0,AUTO_APPROVE,False
APP003887,APP007273,63.0,FUZZY,100.0,43.33,0.0,AUTO_APPROVE,False
APP003888,APP006035,55.98,FUZZY,93.33,31.03,0.0,AUTO_APPROVE,False
APP003889,APP002448,68.32,FUZZY,87.5,68.57,20.0,AUTO_APPROVE,False
APP003890,APP001153,67.12,FUZZY,100.0,43.75,20.0,AUTO_APPROVE,False
APP003891,APP005515,53.43,FUZZY,62.86,60.0,20.0,AUTO_APPROVE,False
APP003892,APP008803,75.14,FUZZY,90.0,33.8,100.0,AUTO_APPROVE,True
APP003893,APP005291,54.69,FUZZY,57.89,35.82,75.0,AUTO_APPROVE,False
APP003894,APP001337,68.46,FUZZY,70.0,61.54,75.0,AUTO_APPROVE,False
APP003895,APP006817,62.68,FUZZY,100.0,42.25,0.0,AUTO_APPROVE,False
APP003896,APP008084,63.59,FUZZY,64.86,53.85,75.0,AUTO_APPROVE,False
APP003897,APP000313,59.28,FUZZY,72.22,63.89,20.0,AUTO_APPROVE,False
APP003898,APP008542,61.25,FUZZY,63.41,48.48,75.0,AUTO_APPROVE,False
APP003899,APP000415,63.43,FUZZY,100.0,44.78,0.0,AUTO_APPROVE,False
APP003900,APP006124,64.29,FUZZY,100.0,47.62,0.0,AUTO_APPROVE,False
APP003901,APP004866,56.01,FUZZY,76.92,45.16,20.0,AUTO_APPROVE,False
APP003902,APP006217,61.25,FUZZY,62.5,100.0,0.0,AUTO_APPROVE,False
APP003903,APP008855,63.33,FUZZY,66.67,100.0,0.0,AUTO_APPROVE,False
APP003904,APP003949,100.0,FUZZY,100.0,100.0,100.0,AUTO_REJECT,True
APP003905,APP005870,60.59,FUZZY,82.76,50.7,20.0,AUTO_APPROVE,False
APP003906,APP001493,68.17,FUZZY,72.73,92.68,20.0,AUTO_APPROVE,False
APP003907,APP000164,100.0,EXACT_PAN,94.74,100.0,100.0,AUTO_REJECT,True
APP003908,APP000183,64.95,FUZZY,72.73,45.28,75.0,AUTO_APPROVE,False
APP003909,APP003343,73.41,FUZZY,83.87,38.24,100.0,AUTO_APPROVE,False
APP003910,APP003183,66.17,FUZZY,80.0,73.91,20.0,AUTO_APPROVE,False
APP003911,APP001195,100.0,EXACT_PAN,94.12,100.0,90.0,AUTO_REJECT,True
APP003912,APP002477,59.85,FUZZY,100.0,32.84,0.0,AUTO_APPROVE,False
APP003913,APP008285,62.79,FUZZY,100.0,42.62,0.0,AUTO_APPROVE,False
APP003914,APP000742,64.75,FUZZY,100.0,49.18,0.0,AUTO_APPROVE,False
APP003915,APP007792,64.4,FUZZY,100.0,48.0,0.0,AUTO_APPROVE,False
APP003916,APP009073,65.65,FUZZY,68.57,54.55,75.0,AUTO_APPROVE,False
APP003917,APP005309,64.75,FUZZY,100.0,49.18,0.0,AUTO_APPROVE,False
APP003918,APP002389,62.68,FUZZY,100.0,42.25,0.0,AUTO_APPROVE,False
APP003919,APP008941,61.25,FUZZY,100.0,37.5,0.0,AUTO_APPROVE,False
APP003920,APP001457,63.85,FUZZY,63.16,57.58,75.0,AUTO_APPROVE,False
APP003921,APP005967,61.29,FUZZY,50.0,54.29,100.0,AUTO_APPROVE,False
APP003922,APP001012,71.14,FUZZY,100.0,57.14,20.0,AUTO_APPROVE,False
APP003923,APP005240,55.82,FUZZY,80.0,39.39,20.0,AUTO_APPROVE,False
APP003924,APP002501,67.69,FUZZY,66.67,64.52,75.0,AUTO_APPROVE,False
APP003925,APP005630,69.23,FUZZY,100.0,64.1,0.0,AUTO_APPROVE,False
APP003926,APP006579,65.0,FUZZY,100.0,50.0,0.0,AUTO_APPROVE,False
APP003927,APP001544,60.0,FUZZY,80.0,66.67,0.0,AUTO_APPROVE,False
APP003928,APP004275,65.0,FUZZY,100.0,50.0,0.0,AUTO_APPROVE,False
APP003929,APP009527,70.34,FUZZY,81.48,48.65,75.0,AUTO_APPROVE,False
APP003930,APP009697,67.25,FUZZY,100.0,57.5,0.0,AUTO_APPROVE,False
APP003931,APP005244,75.31,FUZZY,100.0,34.38,75.0,AUTO_APPROVE,True
APP003932,APP002502,54.83,FUZZY,75.0,44.44,20.0,AUTO_APPROVE,False
APP003933,APP001081,93.57,FUZZY,97.14,100.0,75.0,AUTO_REJECT,True
APP003934,APP008846,62.35,FUZZY,65.0,32.84,100.0,AUTO_APPROVE,False
APP003935,APP008075,95.37,FUZZY,94.74,100.0,90.0,AUTO_REJECT,True
APP003936,APP003970,63.69,FUZZY,62.86,57.53,75.0,AUTO_APPROVE,False
APP003937,APP002832,97.83,FUZZY,95.65,100.0,100.0,AUTO_REJECT,True
APP003938,APP008192,63.85,FUZZY,100.0,32.84,20.0,AUTO_APPROVE,False
APP003939,APP002743,64.74,FUZZY,100.0,49.12,0.0,AUTO_APPROVE,False
APP003940,APP002848,98.39,FUZZY,96.77,100.0,100.0,AUTO_REJECT,True
APP003941,APP005387,96.43,FUZZY,92.86,100.0,100.0,AUTO_REJECT,True
APP003942,APP008595,62.0,FUZZY,100.0,40.0,0.0,AUTO_APPROVE,False
APP003943,APP001997,57.92,FUZZY,78.26,49.32,20.0,AUTO_APPROVE,False
APP003944,APP000175,63.33,FUZZY,66.67,100.0,0.0,AUTO_APPROVE,False
APP003945,APP004728,63.52,FUZZY,100.0,45.07,0.0,AUTO_APPROVE,False
APP003946,APP006169,93.48,FUZZY,96.97,100.0,75.0,AUTO_REJECT,True
APP003947,,0.0,NO_MATCH,0.0,0.0,0.0,AUTO_APPROVE,False
APP003948,APP003159,56.63,FUZZY,80.0,42.11,20.0,AUTO_APPROVE,False
APP003949,APP003904,100.0,FUZZY,100.0,100.0,100.0,AUTO_REJECT,True
APP003950,APP000444,56.73,FUZZY,59.46,40.0,75.0,AUTO_APPROVE,False
APP003951,APP003449,63.15,FUZZY,100.0,30.51,20.0,AUTO_APPROVE,False
APP003952,APP009239,64.77,FUZZY,100.0,49.23,0.0,AUTO_APPROVE,False
APP003953,APP004734,60.83,FUZZY,100.0,36.11,0.0,AUTO_APPROVE,False
APP003954,APP001667,65.9,FUZZY,85.71,63.49,20.0,AUTO_APPROVE,False
APP003955,APP004125,97.0,EXACT_PHONE,90.91,100.0,75.0,AUTO_REJECT,True
APP003956,APP005892,96.67,FUZZY,93.33,100.0,100.0,AUTO_REJECT,True
APP003957,APP007646,63.77,FUZZY,100.0,45.9,0.0,AUTO_APPROVE,False
APP003958,APP008674,54.57,FUZZY,70.59,50.91,20.0,AUTO_APPROVE,False
APP003959,APP004142,66.43,FUZZY,60.61,70.42,75.0,AUTO_APPROVE,False
APP003960,APP004361,72.7,FUZZY,100.0,75.68,0.0,AUTO_APPROVE,False
APP003961,APP001574,64.25,FUZZY,85.71,57.97,20.0,AUTO_APPROVE,False
APP003962,APP000180,56.05,FUZZY,81.25,38.1,20.0,AUTO_APPROVE,False
APP003963,APP003248,60.59,FUZZY,100.0,35.29,0.0,AUTO_APPROVE,False
APP003964,APP001495,83.33,FUZZY,100.0,44.44,100.0,FLAG_FOR_REVIEW,True
APP003965,APP008815,57.22,FUZZY,81.08,42.25,20.0,AUTO_APPROVE,False
APP003966,APP008273,59.55,FUZZY,62.86,43.75,75.0,AUTO_APPROVE,False
APP003967,APP001695,59.87,FUZZY,66.67,38.46,75.0,AUTO_APPROVE,False
APP003968,APP008650,59.09,FUZZY,100.0,30.3,0.0,AUTO_APPROVE,False
APP003969,,0.0,NO_MATCH,0.0,0.0,0.0,AUTO_APPROVE,False
APP003970,APP002673,64.7,FUZZY,43.24,76.92,100.0,AUTO_APPROVE,False
APP003971,APP000200,60.77,FUZZY,85.71,46.38,20.0,AUTO_APPROVE,False
APP003972,APP003810,67.26,FUZZY,100.0,57.53,0.0,AUTO_APPROVE,False
APP003973,APP007324,56.0,FUZZY,66.67,62.22,20.0,AUTO_APPROVE,False
APP003974,APP003700,67.21,FUZZY,78.33,43.48,75.0,AUTO_APPROVE,False
APP003975,APP009980,74.18,FUZZY,62.5,93.1,75.0,AUTO_APPROVE,False
APP003976,APP009088,61.25,FUZZY,62.5,100.0,0.0,AUTO_APPROVE,False
APP003977,APP004550,61.82,FUZZY,100.0,39.39,0.0,AUTO_APPROVE,False
APP003978,APP002114,69.17,FUZZY,100.0,63.89,0.0,AUTO_APPROVE,False
APP003979,APP003067,100.0,EXACT_PAN,95.0,100.0,75.0,AUTO_REJECT,True
APP003980,APP008923,61.25,FUZZY,62.5,100.0,0.0,AUTO_APPROVE,False
APP003981,APP001449,72.82,FUZZY,82.76,54.79,75.0,AUTO_APPROVE,False
APP003982,APP005271,60.82,FUZZY,100.0,36.07,0.0,AUTO_APPROVE,False
APP003983,APP004550,67.29,FUZZY,68.75,59.7,75.0,AUTO_APPROVE,False
APP003984,APP001398,62.58,FUZZY,62.86,53.85,75.0,AUTO_APPROVE,False
APP003985,APP002399,68.29,FUZZY,71.43,41.94,100.0,AUTO_APPROVE,False
APP003986,APP008110,66.87,FUZZY,70.59,55.26,75.0,AUTO_APPROVE,False
APP003987,APP006762,59.6,FUZZY,76.19,58.33,20.0,AUTO_APPROVE,False
APP003988,APP004005,82.37,FUZZY,100.0,57.89,75.0,FLAG_FOR_REVIEW,False
APP003989,APP002266,72.94,FUZZY,100.0,76.47,0.0,AUTO_APPROVE,False
APP003990,APP003855,59.44,FUZZY,66.67,37.04,75.0,AUTO_APPROVE,False
APP003991,APP004395,66.44,FUZZY,100.0,54.79,0.0,AUTO_APPROVE,False
APP003992,APP008289,60.56,FUZZY,55.56,42.62,100.0,AUTO_APPROVE,False
APP003993,APP005897,63.03,FUZZY,78.57,65.82,20.0,AUTO_APPROVE,False
APP003994,APP007170,62.58,FUZZY,100.0,41.94,0.0,AUTO_APPROVE,False
APP003995,APP000533,56.22,FUZZY,73.33,51.85,20.0,AUTO_APPROVE,False
APP003996,,0.0,NO_MATCH,0.0,0.0,0.0,AUTO_APPROVE,False
APP003997,APP007571,61.38,FUZZY,100.0,37.93,0.0,AUTO_APPROVE,False
APP003998,APP001799,90.45,FUZZY,90.91,100.0,75.0,FLAG_FOR_REVIEW,True
APP003999,APP000211,57.55,FUZZY,61.54,39.29,75.0,AUTO_APPROVE,False
APP004000,APP004990,58.35,FUZZY,60.61,43.48,75.0,AUTO_APPROVE,False
APP004001,APP004728,63.15,FUZZY,100.0,43.84,0.0,AUTO_APPROVE,False
APP004002,APP008332,68.38,FUZZY,59.46,62.16,100.0,AUTO_APPROVE,False
APP004003,APP002488,65.27,FUZZY,100.0,50.91,0.0,AUTO_APPROVE,False
APP004004,APP004818,95.0,FUZZY,100.0,100.0,75.0,AUTO_REJECT,True
APP004005,APP003988,82.37,FUZZY,100.0,57.89,75.0,FLAG_FOR_REVIEW,False
APP004006,APP006338,61.81,FUZZY,80.0,59.38,20.0,AUTO_APPROVE,False
APP004007,APP008343,76.3,FUZZY,100.0,87.67,0.0,AUTO_APPROVE,False
APP004008,APP004816,62.47,FUZZY,66.67,83.78,20.0,AUTO_APPROVE,False
APP004009,APP006653,100.0,EXACT_PAN,94.12,100.0,100.0,AUTO_REJECT,True
APP004010,APP009059,71.62,FUZZY,81.48,52.94,75.0,AUTO_APPROVE,False
APP004011,APP004579,56.57,FUZZY,82.76,37.29,20.0,AUTO_APPROVE,False
APP004012,APP001584,62.19,FUZZY,100.0,40.62,0.0,AUTO_APPROVE,False
APP004013,APP000857,67.33,FUZZY,66.67,46.67,100.0,AUTO_APPROVE,False
APP004014,APP007739,71.5,FUZZY,100.0,58.33,20.0,AUTO_APPROVE,False
APP004015,APP005864,61.14,FUZZY,100.0,37.14,0.0,AUTO_APPROVE,False
APP004016,APP002730,51.46,FUZZY,59.46,59.09,20.0,AUTO_APPROVE,False
APP004017,APP000730,64.48,FUZZY,68.97,86.67,20.0,AUTO_APPROVE,False
APP004018,APP002406,57.21,FUZZY,73.68,54.55,20.0,AUTO_APPROVE,False
APP004019,APP009590,97.0,EXACT_PHONE,97.44,100.0,100.0,AUTO_REJECT,True
APP004020,APP005662,64.24,FUZZY,100.0,47.46,0.0,AUTO_APPROVE,False
APP004021,APP002322,70.44,FUZZY,66.67,73.68,75.0,AUTO_APPROVE,False
APP004022,APP008944,68.77,FUZZY,80.0,45.9,75.0,AUTO_APPROVE,False
APP004023,APP007274,59.38,FUZZY,100.0,31.25,0.0,AUTO_APPROVE,False
APP004024,APP001940,64.78,FUZZY,100.0,49.28,0.0,AUTO_APPROVE,False
APP004025,APP000807,52.77,FUZZY,84.85,34.48,0.0,AUTO_APPROVE,False
APP004026,APP006892,62.86,FUZZY,100.0,42.86,0.0,AUTO_APPROVE,False
APP004027,APP000998,67.65,FUZZY,100.0,58.82,0.0,AUTO_APPROVE,False
APP004028,APP002215,62.91,FUZZY,100.0,43.04,0.0,AUTO_APPROVE,False
APP004029,APP002443,66.64,FUZZY,69.57,92.86,20.0,AUTO_APPROVE,False
APP004030,APP008004,58.5,FUZZY,87.5,35.82,20.0,AUTO_APPROVE,False
APP004031,APP005061,53.14,FUZZY,72.0,57.14,0.0,AUTO_APPROVE,False
APP004032,APP001443,77.58,FUZZY,100.0,41.94,75.0,AUTO_APPROVE,True
APP004033,APP008459,70.0,FUZZY,80.0,50.0,75.0,AUTO_APPROVE,False
APP004034,APP001387,65.33,FUZZY,66.67,93.33,20.0,AUTO_APPROVE,False
APP004035,APP003531,69.51,FUZZY,66.67,70.59,75.0,AUTO_APPROVE,False
APP004036,APP006323,59.37,FUZZY,44.44,57.14,100.0,AUTO_APPROVE,False
APP004037,APP009073,63.7,FUZZY,82.76,74.42,0.0,AUTO_APPROVE,False
APP004038,APP003866,69.87,FUZZY,66.67,71.79,75.0,AUTO_APPROVE,False
APP004039,APP009544,65.0,FUZZY,100.0,50.0,0.0,AUTO_APPROVE,False
APP004040,APP006168,100.0,FUZZY,100.0,100.0,100.0,AUTO_REJECT,True
APP004041,APP007350,71.54,FUZZY,100.0,71.79,0.0,AUTO_APPROVE,False
APP004042,APP004504,54.38,FUZZY,77.42,38.89,20.0,AUTO_APPROVE,False
APP004043,APP008831,56.08,FUZZY,81.08,38.46,20.0,AUTO_APPROVE,False
APP004044,APP007750,66.0,FUZZY,100.0,40.0,20.0,AUTO_APPROVE,False
APP004045,APP009625,62.48,FUZZY,64.71,87.1,20.0,AUTO_APPROVE,False
APP004046,APP005487,66.92,FUZZY,50.0,73.08,100.0,AUTO_APPROVE,False
APP004047,APP003664,63.12,FUZZY,100.0,43.75,0.0,AUTO_APPROVE,False
APP004048,APP000765,77.27,FUZZY,100.0,90.91,0.0,AUTO_APPROVE,False
APP004049,APP000319,68.65,FUZZY,100.0,62.16,0.0,AUTO_APPROVE,False
APP004050,APP004391,63.7,FUZZY,70.59,81.36,20.0,AUTO_APPROVE,False
APP004051,APP009010,58.68,FUZZY,83.87,55.81,0.0,AUTO_APPROVE,False
APP004052,APP002714,62.0,FUZZY,100.0,40.0,0.0,AUTO_APPROVE,False
APP004053,APP005069,59.2,FUZZY,75.0,59.02,20.0,AUTO_APPROVE,False
APP004054,APP002833,57.63,FUZZY,84.62,51.06,0.0,AUTO_APPROVE,False
APP004055,APP007516,71.91,FUZZY,62.86,84.93,75.0,AUTO_APPROVE,False
APP004056,APP001394,66.0,FUZZY,100.0,53.33,0.0,AUTO_APPROVE,False
APP004057,APP002934,91.25,FUZZY,82.5,100.0,100.0,FLAG_FOR_REVIEW,True
APP004058,APP001940,74.5,FUZZY,95.0,40.0,75.0,AUTO_APPROVE,False
APP004059,APP007329,72.92,FUZZY,82.93,54.84,75.0,AUTO_APPROVE,False
APP004060,APP002450,61.84,FUZZY,80.0,59.46,20.0,AUTO_APPROVE,False
APP004061,APP008657,60.0,FUZZY,100.0,33.33,0.0,AUTO_APPROVE,False
APP004062,APP001198,59.47,FUZZY,100.0,31.58,0.0,AUTO_APPROVE,False
APP004063,APP007756,62.81,FUZZY,80.0,62.69,20.0,AUTO_APPROVE,False
APP004064,APP003670,68.38,FUZZY,82.35,40.68,75.0,AUTO_APPROVE,False
APP004065,APP004607,63.77,FUZZY,100.0,45.9,0.0,AUTO_APPROVE,False
APP004066,APP003548,56.48,FUZZY,57.89,78.43,20.0,AUTO_APPROVE,False
APP004067,APP005346,61.76,FUZZY,100.0,39.22,0.0,AUTO_APPROVE,False
APP004068,APP008311,57.91,FUZZY,61.11,41.18,75.0,AUTO_APPROVE,False
APP004069,APP003296,67.12,FUZZY,81.48,37.93,75.0,AUTO_APPROVE,False
APP004070,APP004668,59.05,FUZZY,78.79,52.17,20.0,AUTO_APPROVE,False
APP004071,APP001970,57.49,FUZZY,56.25,47.89,75.0,AUTO_APPROVE,False
APP004072,APP001581,68.18,FUZZY,100.0,60.61,0.0,AUTO_APPROVE,False
APP004073,APP008562,65.01,FUZZY,81.48,67.57,20.0,AUTO_APPROVE,False
APP004074,APP002288,53.7,FUZZY,66.67,54.55,20.0,AUTO_APPROVE,False
APP004075,APP007448,66.14,FUZZY,78.26,76.71,20.0,AUTO_APPROVE,False
APP004076,APP000300,58.79,FUZZY,86.67,51.52,0.0,AUTO_APPROVE,False
APP004077,APP002068,63.12,FUZZY,88.24,50.0,20.0,AUTO_APPROVE,False
APP004078,APP006032,57.04,FUZZY,66.67,29.03,75.0,AUTO_APPROVE,False
APP004079,APP002411,63.45,FUZZY,100.0,44.83,0.0,AUTO_APPROVE,False
APP004080,APP006834,58.42,FUZZY,100.0,28.07,0.0,AUTO_APPROVE,False
APP004081,APP000634,64.47,FUZZY,81.48,29.09,75.0,AUTO_APPROVE,False
APP004082,APP007091,67.1,FUZZY,71.79,37.33,100.0,AUTO_APPROVE,False
APP004083,APP005698,60.34,FUZZY,57.14,55.88,75.0,AUTO_APPROVE,False
APP004084,APP004523,62.85,FUZZY,73.33,37.29,75.0,AUTO_APPROVE,False
APP004085,APP007786,61.83,FUZZY,100.0,39.44,0.0,AUTO_APPROVE,False
APP004086,APP006759,67.6,FUZZY,100.0,58.67,0.0,AUTO_APPROVE,False
APP004087,APP004610,97.0,EXACT_PHONE,97.56,100.0,90.0,AUTO_REJECT,True
APP004088,APP003869,75.62,FUZZY,80.0,68.75,75.0,AUTO_APPROVE,False
APP004089,APP003054,63.27,FUZZY,73.68,38.1,75.0,AUTO_APPROVE,False
APP004090,APP007772,60.82,FUZZY,100.0,36.07,0.0,AUTO_APPROVE,False
APP004091,APP002365,100.0,FUZZY,100.0,100.0,100.0,AUTO_REJECT,True
APP004092,APP008504,68.87,FUZZY,82.35,42.31,75.0,AUTO_APPROVE,False
APP004093,APP009432,62.08,FUZZY,80.0,60.27,20.0,AUTO_APPROVE,False
APP004094,,0.0,NO_MATCH,0.0,0.0,0.0,AUTO_APPROVE,False
APP004095,APP009613,61.51,FUZZY,100.0,38.36,0.0,AUTO_APPROVE,False
APP004096,APP002930,68.02,FUZZY,68.42,62.69,75.0,AUTO_APPROVE,False
APP004097,APP002066,72.37,FUZZY,100.0,74.58,0.0,AUTO_APPROVE,False
APP004098,APP001742,61.33,FUZZY,66.67,26.67,100.0,AUTO_APPROVE,False
APP004099,APP001539,54.52,FUZZY,50.0,48.39,75.0,AUTO_APPROVE,False
APP004100,APP001346,74.17,FUZZY,73.33,75.0,75.0,AUTO_APPROVE,False
APP004101,APP005849,60.13,FUZZY,63.16,45.16,75.0,AUTO_APPROVE,False
APP004102,APP007991,100.0,EXACT_PAN,100.0,100.0,100.0,AUTO_REJECT,True
APP004103,APP008590,97.0,EXACT_PHONE,97.3,100.0,100.0,AUTO_REJECT,True
APP004104,APP009339,60.19,FUZZY,100.0,33.96,0.0,AUTO_APPROVE,False
APP004105,APP004103,59.67,FUZZY,55.0,40.58,100.0,AUTO_APPROVE,False
APP004106,APP003241,63.81,FUZZY,53.33,57.14,100.0,AUTO_APPROVE,False
APP004107,APP006542,68.23,FUZZY,100.0,60.76,0.0,AUTO_APPROVE,False
APP004108,APP001182,57.22,FUZZY,84.62,36.36,20.0,AUTO_APPROVE,False
APP004109,APP008855,66.31,FUZZY,56.25,60.61,100.0,AUTO_APPROVE,False
APP004110,APP008839,62.54,FUZZY,100.0,41.79,0.0,AUTO_APPROVE,False
APP004111,APP001735,54.97,FUZZY,81.25,34.48,20.0,AUTO_APPROVE,False
APP004112,APP001791,64.78,FUZZY,69.57,50.0,75.0,AUTO_APPROVE,False
APP004113,APP005148,67.85,FUZZY,100.0,46.15,20.0,AUTO_APPROVE,False
APP004114,APP006594,64.11,FUZZY,76.92,35.48,75.0,AUTO_APPROVE,False
APP004115,APP002945,100.0,EXACT_PAN,96.0,100.0,100.0,AUTO_REJECT,True
APP004116,APP004653,62.9,FUZZY,72.73,38.46,75.0,AUTO_APPROVE,False
APP004117,APP005983,65.2,FUZZY,100.0,50.67,0.0,AUTO_APPROVE,False
APP004118,APP005255,92.06,FUZZY,94.12,100.0,75.0,AUTO_REJECT,True
APP004119,APP002389,70.21,FUZZY,54.05,93.94,75.0,AUTO_APPROVE,False
APP004120,APP001831,92.22,FUZZY,94.44,100.0,75.0,AUTO_REJECT,True
APP004121,APP007004,97.22,FUZZY,94.44,100.0,100.0,AUTO_REJECT,True
APP004122,APP007877,63.75,FUZZY,83.87,72.73,0.0,AUTO_APPROVE,False
APP004123,APP007775,65.06,FUZZY,78.79,72.22,20.0,AUTO_APPROVE,False
APP004124,APP004044,65.0,FUZZY,100.0,50.0,0.0,AUTO_APPROVE,False
APP004125,APP003955,97.0,EXACT_PHONE,90.91,100.0,75.0,AUTO_REJECT,True
APP004126,APP009201,64.17,FUZZY,100.0,47.22,0.0,AUTO_APPROVE,False
APP004127,APP009113,61.44,FUZZY,84.62,63.77,0.0,AUTO_APPROVE,False
APP004128,APP008606,62.52,FUZZY,63.16,53.12,75.0,AUTO_APPROVE,False
APP004129,APP008394,67.69,FUZZY,63.16,70.37,75.0,AUTO_APPROVE,False
APP004130,APP002455,62.92,FUZZY,100.0,43.08,0.0,AUTO_APPROVE,False
APP004131,APP005054,70.53,FUZZY,64.71,77.27,75.0,AUTO_APPROVE,False
APP004132,APP004516,67.69,FUZZY,100.0,58.97,0.0,AUTO_APPROVE,False
APP004133,APP004310,63.04,FUZZY,100.0,43.48,0.0,AUTO_APPROVE,False
APP004134,APP003711,98.48,FUZZY,96.97,100.0,100.0,AUTO_REJECT,True
APP004135,APP000680,62.09,FUZZY,83.87,53.85,20.0,AUTO_APPROVE,False
APP004136,APP005315,59.66,FUZZY,56.25,38.46,100.0,AUTO_APPROVE,False
APP004137,APP009470,55.86,FUZZY,84.85,44.78,0.0,AUTO_APPROVE,False
APP004138,APP003880,65.0,FUZZY,100.0,50.0,0.0,AUTO_APPROVE,False
APP004139,APP004604,59.38,FUZZY,100.0,31.25,0.0,AUTO_APPROVE,False
APP004140,APP006527,65.79,FUZZY,100.0,52.63,0.0,AUTO_APPROVE,False
APP004141,APP006880,61.69,FUZZY,76.47,64.86,20.0,AUTO_APPROVE,False
APP004142,APP002184,93.57,FUZZY,97.14,100.0,75.0,AUTO_REJECT,True
APP004143,APP003517,100.0,EXACT_PAN,96.97,100.0,75.0,AUTO_REJECT,True
APP004144,APP000693,59.63,FUZZY,59.26,100.0,0.0,AUTO_APPROVE,False
APP004145,APP003347,61.82,FUZZY,100.0,39.39,0.0,AUTO_APPROVE,False
APP004146,APP009095,95.0,FUZZY,100.0,100.0,75.0,AUTO_REJECT,True
APP004147,APP000550,98.57,FUZZY,97.14,100.0,100.0,AUTO_REJECT,True
APP004148,APP009122,66.84,FUZZY,100.0,56.14,0.0,AUTO_APPROVE,False
APP004149,APP006873,54.88,FUZZY,72.73,48.39,20.0,AUTO_APPROVE,False
APP004150,APP008894,95.0,FUZZY,100.0,100.0,75.0,AUTO_REJECT,True
APP004151,APP003813,100.0,EXACT_PAN,100.0,100.0,75.0,AUTO_REJECT,True
APP004152,APP005384,63.57,FUZZY,66.67,50.79,75.0,AUTO_APPROVE,False
APP004153,APP007841,68.71,FUZZY,77.42,50.0,75.0,AUTO_APPROVE,False
APP004154,APP004134,56.8,FUZZY,81.25,40.58,20.0,AUTO_APPROVE,False
APP004155,APP007522,60.83,FUZZY,100.0,36.11,0.0,AUTO_APPROVE,False
APP004156,APP005372,56.19,FUZZY,45.71,44.44,100.0,AUTO_APPROVE,False
APP004157,APP006556,65.83,FUZZY,66.67,58.33,75.0,AUTO_APPROVE,False
APP004158,APP002319,65.09,FUZZY,68.42,52.94,75.0,AUTO_APPROVE,False
APP004159,APP008966,55.61,FUZZY,42.86,47.27,100.0,AUTO_APPROVE,False
APP004160,APP002243,64.18,FUZZY,100.0,47.27,0.0,AUTO_APPROVE,False
APP004161,APP002573,63.41,FUZZY,75.0,36.36,75.0,AUTO_APPROVE,False
APP004162,APP005646,93.72,FUZZY,97.44,100.0,75.0,AUTO_REJECT,True
APP004163,APP002185,57.85,FUZZY,52.94,37.93,100.0,AUTO_APPROVE,False
APP004164,APP005966,60.49,FUZZY,63.64,45.57,75.0,AUTO_APPROVE,False
APP004165,APP009258,97.0,EXACT_PHONE,100.0,100.0,75.0,AUTO_REJECT,True
APP004166,APP004333,60.69,FUZZY,66.67,41.18,75.0,AUTO_APPROVE,False
APP004167,APP006755,60.0,FUZZY,100.0,33.33,0.0,AUTO_APPROVE,False
APP004168,APP009177,55.15,FUZZY,58.82,72.46,20.0,AUTO_APPROVE,False
APP004169,APP007586,59.58,FUZZY,59.46,32.84,100.0,AUTO_APPROVE,False
APP004170,,0.0,NO_MATCH,0.0,0.0,0.0,AUTO_APPROVE,False
APP004171,APP002591,65.83,FUZZY,100.0,52.78,0.0,AUTO_APPROVE,False
APP004172,APP007390,65.43,FUZZY,100.0,51.43,0.0,AUTO_APPROVE,False
APP004173,APP009025,62.69,FUZZY,70.0,42.31,75.0,AUTO_APPROVE,False
APP004174,APP009628,66.46,FUZZY,83.72,32.0,75.0,AUTO_APPROVE,False
APP004175,APP005584,65.94,FUZZY,100.0,53.12,0.0,AUTO_APPROVE,False
APP004176,APP001253,60.77,FUZZY,61.54,100.0,0.0,AUTO_APPROVE,False
APP004177,APP005437,58.0,FUZZY,75.86,53.57,20.0,AUTO_APPROVE,False
APP004178,APP008621,56.21,FUZZY,42.42,50.0,100.0,AUTO_APPROVE,False
APP004179,APP001578,58.44,FUZZY,100.0,28.12,0.0,AUTO_APPROVE,False
APP004180,APP001692,64.72,FUZZY,100.0,49.06,0.0,AUTO_APPROVE,False
APP004181,APP006707,64.24,FUZZY,100.0,47.46,0.0,AUTO_APPROVE,False
APP004182,APP009438,62.14,FUZZY,64.29,100.0,0.0,AUTO_APPROVE,False
APP004183,APP001960,63.24,FUZZY,100.0,44.12,0.0,AUTO_APPROVE,False
APP004184,APP004097,64.4,FUZZY,83.87,61.54,20.0,AUTO_APPROVE,False
APP004185,APP003020,58.45,FUZZY,94.74,36.92,0.0,AUTO_APPROVE,False
APP004186,APP007842,66.79,FUZZY,72.73,51.43,75.0,AUTO_APPROVE,False
APP004187,APP005491,68.0,FUZZY,100.0,60.0,0.0,AUTO_APPROVE,False
APP004188,APP004595,68.3,FUZZY,76.19,50.67,75.0,AUTO_APPROVE,False
APP004189,APP008857,57.3,FUZZY,32.43,70.27,100.0,AUTO_APPROVE,False
APP004190,APP004113,62.14,FUZZY,64.29,100.0,0.0,AUTO_APPROVE,False
APP004191,APP009888,75.26,FUZZY,100.0,84.21,0.0,AUTO_APPROVE,False
APP004192,APP008254,60.75,FUZZY,100.0,35.82,0.0,AUTO_APPROVE,False
APP004193,APP009456,66.42,FUZZY,60.47,53.97,100.0,AUTO_APPROVE,False
APP004194,APP008318,69.55,FUZZY,78.57,34.21,100.0,AUTO_APPROVE,False
APP004195,APP001344,64.14,FUZZY,78.57,32.84,75.0,AUTO_APPROVE,False
APP004196,APP000716,97.0,EXACT_PHONE,97.14,100.0,75.0,AUTO_REJECT,True
APP004197,APP005690,100.0,FUZZY,100.0,100.0,100.0,AUTO_REJECT,True
APP004198,APP006107,70.29,FUZZY,100.0,54.29,20.0,AUTO_APPROVE,False
APP004199,APP007831,71.18,FUZZY,100.0,70.59,0.0,AUTO_APPROVE,False
APP004200,APP008415,55.43,FUZZY,48.48,37.29,100.0,AUTO_APPROVE,False
APP004201,APP001135,93.57,FUZZY,97.14,100.0,75.0,AUTO_REJECT,True
APP004202,APP005326,78.97,FUZZY,100.0,46.58,75.0,AUTO_APPROVE,False
APP004203,APP002947,100.0,EXACT_PAN,93.75,100.0,75.0,AUTO_REJECT,True
APP004204,APP006376,100.0,EXACT_PAN,92.31,100.0,100.0,AUTO_REJECT,True
APP004205,APP001196,71.54,FUZZY,100.0,71.79,0.0,AUTO_APPROVE,False
APP004206,APP009629,63.97,FUZZY,53.66,57.14,100.0,AUTO_APPROVE,False
APP004207,APP004632,60.32,FUZZY,61.11,49.23,75.0,AUTO_APPROVE,False
APP004208,APP002388,63.08,FUZZY,63.16,91.67,20.0,AUTO_APPROVE,False
APP004209,APP003332,69.65,FUZZY,100.0,52.17,20.0,AUTO_APPROVE,False
APP004210,APP000753,68.14,FUZZY,100.0,60.47,0.0,AUTO_APPROVE,False
APP004211,APP007215,61.19,FUZZY,100.0,37.29,0.0,AUTO_APPROVE,False
APP004212,APP001955,66.52,FUZZY,100.0,55.07,0.0,AUTO_APPROVE,False
APP004213,APP000241,65.69,FUZZY,100.0,52.31,0.0,AUTO_APPROVE,False
APP004214,APP007495,95.83,FUZZY,91.67,100.0,100.0,AUTO_REJECT,True
APP004215,APP002161,57.89,FUZZY,62.5,38.81,75.0,AUTO_APPROVE,False
APP004216,APP009093,66.33,FUZZY,82.76,69.84,20.0,AUTO_APPROVE,False
APP004217,APP006158,53.8,FUZZY,62.5,61.82,20.0,AUTO_APPROVE,False
APP004218,APP003039,59.84,FUZZY,100.0,32.79,0.0,AUTO_APPROVE,False
APP004219,APP006421,60.06,FUZZY,84.85,45.45,20.0,AUTO_APPROVE,False
APP004220,APP006154,61.5,FUZZY,85.0,50.0,20.0,AUTO_APPROVE,False
APP004221,APP006459,100.0,EXACT_PAN,95.45,100.0,75.0,AUTO_REJECT,True
APP004222,APP002117,69.0,FUZZY,100.0,50.0,20.0,AUTO_APPROVE,False
APP004223,APP009475,59.41,FUZZY,100.0,31.37,0.0,AUTO_APPROVE,False
APP004224,APP006411,65.0,FUZZY,59.46,67.57,75.0,AUTO_APPROVE,False
APP004225,APP008811,67.19,FUZZY,80.0,40.62,75.0,AUTO_APPROVE,False
APP004226,APP005067,60.88,FUZZY,70.59,35.29,75.0,AUTO_APPROVE,False
APP004227,APP009449,71.23,FUZZY,66.67,76.32,75.0,AUTO_APPROVE,False
APP004228,APP005460,56.18,FUZZY,82.35,36.67,20.0,AUTO_APPROVE,False
APP004229,APP004779,59.0,FUZZY,83.33,44.44,20.0,AUTO_APPROVE,False
APP004230,APP003687,63.33,FUZZY,66.67,100.0,0.0,AUTO_APPROVE,False
APP004231,APP007322,60.27,FUZZY,60.0,50.91,75.0,AUTO_APPROVE,False
APP004232,APP000002,97.0,EXACT_PHONE,97.3,100.0,100.0,AUTO_REJECT,True
APP004233,APP005079,69.64,FUZZY,100.0,65.45,0.0,AUTO_APPROVE,False
APP004234,APP009401,59.3,FUZZY,100.0,30.99,0.0,AUTO_APPROVE,False
APP004235,APP005309,71.69,FUZZY,80.0,92.31,20.0,AUTO_APPROVE,False
APP004236,APP008918,65.79,FUZZY,66.67,58.18,75.0,AUTO_APPROVE,False
APP004237,APP009832,53.63,FUZZY,38.46,48.0,100.0,AUTO_APPROVE,False
APP004238,APP009705,59.58,FUZZY,63.16,80.0,20.0,AUTO_APPROVE,False
APP004239,APP002563,95.0,FUZZY,100.0,100.0,75.0,AUTO_REJECT,True
APP004240,APP000185,60.0,FUZZY,60.0,100.0,0.0,AUTO_APPROVE,False
APP004241,APP002889,62.01,FUZZY,82.5,55.88,20.0,AUTO_APPROVE,False
APP004242,APP005834,95.22,FUZZY,94.44,100.0,90.0,AUTO_REJECT,True
APP004243,APP009651,59.66,FUZZY,56.41,54.84,75.0,AUTO_APPROVE,False
APP004244,APP009487,64.37,FUZZY,76.92,36.36,75.0,AUTO_APPROVE,False
APP004245,APP004305,57.13,FUZZY,70.59,59.46,20.0,AUTO_APPROVE,False
APP004246,APP009650,69.53,FUZZY,100.0,65.12,0.0,AUTO_APPROVE,False
APP004247,APP009814,69.5,FUZZY,100.0,65.0,0.0,AUTO_APPROVE,False
APP004248,APP007712,64.17,FUZZY,45.0,72.22,100.0,AUTO_APPROVE,False
APP004249,APP005695,100.0,FUZZY,100.0,100.0,100.0,AUTO_REJECT,True
APP004250,APP006960,70.77,FUZZY,100.0,69.23,0.0,AUTO_APPROVE,False
APP004251,APP002937,69.73,FUZZY,100.0,65.75,0.0,AUTO_APPROVE,False
APP004252,APP008370,70.77,FUZZY,100.0,69.23,0.0,AUTO_APPROVE,False
APP004253,APP000309,61.44,FUZZY,78.57,60.53,20.0,AUTO_APPROVE,False
APP004254,APP006232,57.36,FUZZY,35.71,65.0,100.0,AUTO_APPROVE,False
APP004255,APP009972,60.16,FUZZY,62.5,46.38,75.0,AUTO_APPROVE,False
APP004256,APP005148,63.43,FUZZY,100.0,44.78,0.0,AUTO_APPROVE,False
APP004257,APP004831,68.91,FUZZY,80.0,46.38,75.0,AUTO_APPROVE,False
APP004258,APP005360,62.78,FUZZY,88.89,61.11,0.0,AUTO_APPROVE,False
APP004259,APP007654,91.67,FUZZY,93.33,100.0,75.0,FLAG_FOR_REVIEW,True
APP004260,APP002904,68.46,FUZZY,100.0,61.54,0.0,AUTO_APPROVE,False
APP004261,APP006943,96.11,FUZZY,92.22,100.0,100.0,AUTO_REJECT,True
APP004262,APP008007,60.0,FUZZY,100.0,33.33,0.0,AUTO_APPROVE,False
APP004263,APP003654,68.37,FUZZY,100.0,61.22,0.0,AUTO_APPROVE,False
APP004264,APP008450,68.57,FUZZY,78.57,47.62,75.0,AUTO_APPROVE,False
APP004265,APP008509,60.8,FUZZY,100.0,36.0,0.0,AUTO_APPROVE,False
APP004266,APP002745,64.25,FUZZY,85.71,57.97,20.0,AUTO_APPROVE,False
APP004267,APP001759,62.39,FUZZY,80.0,61.29,20.0,AUTO_APPROVE,False
APP004268,APP008344,71.92,FUZZY,100.0,59.74,20.0,AUTO_APPROVE,False
APP004269,APP007483,70.28,FUZZY,84.85,42.86,75.0,AUTO_APPROVE,False
APP004270,APP001447,68.65,FUZZY,100.0,62.16,0.0,AUTO_APPROVE,False
APP004271,APP003348,72.6,FUZZY,80.0,58.67,75.0,AUTO_APPROVE,False
APP004272,APP008851,66.76,FUZZY,100.0,55.88,0.0,AUTO_APPROVE,False
APP004273,APP000387,97.37,FUZZY,94.74,100.0,100.0,AUTO_REJECT,True
APP004274,APP004646,58.64,FUZZY,60.61,44.44,75.0,AUTO_APPROVE,False
APP004275,APP003928,65.0,FUZZY,100.0,50.0,0.0,AUTO_APPROVE,False
APP004276,APP001187,68.45,FUZZY,81.25,79.41,20.0,AUTO_APPROVE,False
APP004277,APP006976,64.24,FUZZY,62.86,59.38,75.0,AUTO_APPROVE,False
APP004278,APP005160,63.77,FUZZY,100.0,45.9,0.0,AUTO_APPROVE,False
APP004279,APP008329,56.62,FUZZY,58.82,40.68,75.0,AUTO_APPROVE,False
APP004280,APP000366,70.0,FUZZY,100.0,66.67,0.0,AUTO_APPROVE,False
APP004281,APP005036,60.56,FUZZY,82.35,51.28,20.0,AUTO_APPROVE,False
APP004282,APP005053,63.71,FUZZY,100.0,45.71,0.0,AUTO_APPROVE,False
APP004283,APP001218,69.2,FUZZY,100.0,50.67,20.0,AUTO_APPROVE,False
APP004284,APP002472,62.19,FUZZY,100.0,40.62,0.0,AUTO_APPROVE,False
APP004285,APP002380,68.38,FUZZY,85.71,35.09,75.0,AUTO_APPROVE,False
APP004286,APP004268,65.47,FUZZY,100.0,38.24,20.0,AUTO_APPROVE,False
APP004287,APP007790,62.97,FUZZY,100.0,43.24,0.0,AUTO_APPROVE,False
APP004288,APP001425,60.81,FUZZY,66.67,78.26,20.0,AUTO_APPROVE,False
APP004289,APP009199,100.0,FUZZY,100.0,100.0,100.0,AUTO_REJECT,True
APP004290,APP004442,100.0,EXACT_PAN,96.77,100.0,75.0,AUTO_REJECT,True
APP004291,APP006229,57.32,FUZZY,81.25,42.31,20.0,AUTO_APPROVE,False
APP004292,APP003037,54.77,FUZZY,80.0,35.9,20.0,AUTO_APPROVE,False
APP004293,APP005028,65.27,FUZZY,100.0,50.91,0.0,AUTO_APPROVE,False
APP004294,APP005834,60.65,FUZZY,78.57,57.89,20.0,AUTO_APPROVE,False
APP004295,APP004323,63.04,FUZZY,100.0,43.48,0.0,AUTO_APPROVE,False
APP004296,APP008436,67.45,FUZZY,60.61,57.14,100.0,AUTO_APPROVE,False
APP004297,APP005298,59.46,FUZZY,51.43,62.5,75.0,AUTO_APPROVE,False
APP004298,APP006223,68.75,FUZZY,100.0,62.5,0.0,AUTO_APPROVE,False
APP004299,APP009321,57.19,FUZZY,33.33,68.42,100.0,AUTO_APPROVE,False
APP004300,APP006690,61.14,FUZZY,100.0,37.14,0.0,AUTO_APPROVE,False
APP004301,APP000804,69.74,FUZZY,100.0,65.79,0.0,AUTO_APPROVE,False
APP004302,APP003382,69.08,FUZZY,57.14,68.35,100.0,AUTO_APPROVE,False
APP004303,APP004392,73.94,FUZZY,83.87,93.33,20.0,AUTO_APPROVE,False
APP004304,APP009643,66.36,FUZZY,100.0,54.55,0.0,AUTO_APPROVE,False
APP004305,APP003719,60.62,FUZZY,68.75,37.5,75.0,AUTO_APPROVE,False
APP004306,APP003879,95.45,FUZZY,90.91,100.0,100.0,AUTO_REJECT,True
APP004307,APP001576,58.16,FUZZY,55.56,34.62,100.0,AUTO_APPROVE,False
APP004308,APP007345,63.02,FUZZY,80.0,63.41,20.0,AUTO_APPROVE,False
APP004309,APP005505,58.66,FUZZY,52.94,40.62,100.0,AUTO_APPROVE,False
APP004310,APP004133,63.04,FUZZY,100.0,43.48,0.0,AUTO_APPROVE,False
APP004311,APP006398,57.97,FUZZY,61.11,78.05,20.0,AUTO_APPROVE,False
APP004312,APP005102,69.11,FUZZY,86.49,26.23,90.0,AUTO_APPROVE,False
APP004313,APP002069,58.58,FUZZY,51.28,43.14,100.0,AUTO_APPROVE,False
APP004314,APP005964,100.0,EXACT_PAN,94.12,100.0,100.0,AUTO_REJECT,True
APP004315,APP008345,53.22,FUZZY,40.0,44.07,100.0,AUTO_APPROVE,False
APP004316,APP001495,63.72,FUZZY,77.78,32.79,75.0,AUTO_APPROVE,False
APP004317,,0.0,NO_MATCH,0.0,0.0,0.0,AUTO_APPROVE,False
APP004318,APP005658,72.44,FUZZY,88.89,80.0,20.0,AUTO_APPROVE,False
APP004319,APP003985,58.89,FUZZY,100.0,29.63,0.0,AUTO_APPROVE,False
APP004320,APP007823,61.18,FUZZY,58.06,57.14,75.0,AUTO_APPROVE,False
APP004321,APP007427,65.0,FUZZY,70.0,100.0,0.0,AUTO_APPROVE,False
APP004322,APP006217,100.0,EXACT_PAN,94.44,100.0,75.0,AUTO_REJECT,True
APP004323,APP004615,68.43,FUZZY,95.0,69.77,0.0,AUTO_APPROVE,False
APP004324,APP000875,62.53,FUZZY,68.57,44.16,75.0,AUTO_APPROVE,False
APP004325,APP002987,64.73,FUZZY,80.0,69.09,20.0,AUTO_APPROVE,False
APP004326,APP003670,63.71,FUZZY,100.0,45.71,0.0,AUTO_APPROVE,False
APP004327,APP007767,62.0,FUZZY,100.0,40.0,0.0,AUTO_APPROVE,False
APP004328,APP001510,57.41,FUZZY,82.05,41.27,20.0,AUTO_APPROVE,False
APP004329,APP002265,98.15,FUZZY,96.3,100.0,100.0,AUTO_REJECT,True
APP004330,APP004472,61.51,FUZZY,100.0,38.36,0.0,AUTO_APPROVE,False
APP004331,APP001186,64.77,FUZZY,100.0,49.23,0.0,AUTO_APPROVE,False
APP004332,APP008442,59.84,FUZZY,100.0,32.79,0.0,AUTO_APPROVE,False
APP004333,APP005399,69.59,FUZZY,100.0,65.31,0.0,AUTO_APPROVE,False
APP004334,APP003551,59.55,FUZZY,82.76,47.22,20.0,AUTO_APPROVE,False
APP004335,APP008247,64.41,FUZZY,58.82,66.67,75.0,AUTO_APPROVE,False
APP004336,APP001573,100.0,EXACT_PAN,96.77,100.0,75.0,AUTO_REJECT,True
APP004337,APP003903,62.92,FUZZY,100.0,43.08,0.0,AUTO_APPROVE,False
APP004338,APP005370,67.29,FUZZY,100.0,57.63,0.0,AUTO_APPROVE,False
APP004339,APP004566,64.91,FUZZY,70.59,48.72,75.0,AUTO_APPROVE,False
APP004340,APP003970,59.34,FUZZY,81.08,49.32,20.0,AUTO_APPROVE,False
APP004341,APP006878,100.0,EXACT_PAN,100.0,100.0,75.0,AUTO_REJECT,True
APP004342,APP003134,70.57,FUZZY,100.0,68.57,0.0,AUTO_APPROVE,False
APP004343,APP007303,100.0,FUZZY,100.0,100.0,100.0,AUTO_REJECT,True
APP004344,APP007945,63.33,FUZZY,66.67,100.0,0.0,AUTO_APPROVE,False
APP004345,APP002210,93.0,FUZZY,90.0,100.0,90.0,AUTO_REJECT,True
APP004346,APP001764,65.36,FUZZY,45.71,75.0,100.0,AUTO_APPROVE,False
APP004347,APP008101,71.44,FUZZY,85.71,45.28,75.0,AUTO_APPROVE,False
APP004348,APP006055,62.0,FUZZY,100.0,40.0,0.0,AUTO_APPROVE,False
APP004349,APP005413,64.37,FUZZY,76.92,36.36,75.0,AUTO_APPROVE,False
APP004350,APP006543,60.15,FUZZY,100.0,33.85,0.0,AUTO_APPROVE,False
APP004351,APP003964,63.22,FUZZY,100.0,44.07,0.0,AUTO_APPROVE,False
APP004352,APP000053,57.02,FUZZY,76.47,49.28,20.0,AUTO_APPROVE,False
APP004353,APP003593,70.15,FUZZY,66.67,72.73,75.0,AUTO_APPROVE,False
APP004354,APP001057,55.44,FUZZY,48.48,37.33,100.0,AUTO_APPROVE,False
APP004355,APP005701,64.46,FUZZY,78.57,33.9,75.0,AUTO_APPROVE,False
APP004356,APP003472,60.09,FUZZY,70.59,32.65,75.0,AUTO_APPROVE,False
APP004357,APP005026,63.79,FUZZY,81.25,63.89,20.0,AUTO_APPROVE,False
APP004358,APP001052,67.32,FUZZY,68.97,59.46,75.0,AUTO_APPROVE,False
APP004359,APP000743,93.65,FUZZY,97.3,100.0,75.0,AUTO_REJECT,True
APP004360,APP003563,70.48,FUZZY,76.92,56.72,75.0,AUTO_APPROVE,False
APP004361,APP003960,72.7,FUZZY,100.0,75.68,0.0,AUTO_APPROVE,False
APP004362,APP009555,66.62,FUZZY,75.0,47.06,75.0,AUTO_APPROVE,False
APP004363,APP000055,59.33,FUZZY,57.89,51.28,75.0,AUTO_APPROVE,False
APP004364,APP003466,54.67,FUZZY,62.5,28.07,75.0,AUTO_APPROVE,False
APP004365,APP005645,62.83,FUZZY,84.21,55.74,20.0,AUTO_APPROVE,False
APP004366,APP007002,63.55,FUZZY,100.0,45.16,0.0,AUTO_APPROVE,False
APP004367,APP000997,73.73,FUZZY,84.62,44.74,90.0,AUTO_APPROVE,False
APP004368,APP003689,67.85,FUZZY,100.0,46.15,20.0,AUTO_APPROVE,False
APP004369,APP005697,55.0,FUZZY,70.0,53.33,20.0,AUTO_APPROVE,False
APP004370,APP008639,65.0,FUZZY,100.0,50.0,0.0,AUTO_APPROVE,False
APP004371,APP006229,60.0,FUZZY,100.0,33.33,0.0,AUTO_APPROVE,False
APP004372,APP005297,64.03,FUZZY,66.67,52.31,75.0,AUTO_APPROVE,False
APP004373,APP005851,60.54,FUZZY,78.79,57.14,20.0,AUTO_APPROVE,False
APP004374,APP009975,53.39,FUZZY,66.67,53.52,20.0,AUTO_APPROVE,False
APP004375,APP002442,74.0,FUZZY,100.0,80.0,0.0,AUTO_APPROVE,False
APP004376,APP006310,62.5,FUZZY,100.0,41.67,0.0,AUTO_APPROVE,False
APP004377,APP009221,100.0,FUZZY,100.0,100.0,100.0,AUTO_REJECT,True
APP004378,APP002373,68.88,FUZZY,83.87,76.47,20.0,AUTO_APPROVE,False
APP004379,APP002592,60.63,FUZZY,66.67,77.65,20.0,AUTO_APPROVE,False
APP004380,APP003178,100.0,FUZZY,100.0,100.0,100.0,AUTO_REJECT,True
APP004381,APP002500,66.15,FUZZY,100.0,53.85,0.0,AUTO_APPROVE,False
APP004382,APP002250,66.34,FUZZY,86.96,62.86,20.0,AUTO_APPROVE,False
APP004383,APP008224,63.72,FUZZY,88.89,50.91,20.0,AUTO_APPROVE,False
APP004384,APP004046,65.18,FUZZY,60.87,65.82,75.0,AUTO_APPROVE,False
APP004385,APP006643,98.78,FUZZY,97.56,100.0,100.0,AUTO_REJECT,True
APP004386,APP007230,59.97,FUZZY,78.26,56.14,20.0,AUTO_APPROVE,False
APP004387,APP006580,63.33,FUZZY,66.67,100.0,0.0,AUTO_APPROVE,False
APP004388,APP006853,60.73,FUZZY,82.76,51.16,20.0,AUTO_APPROVE,False
APP004389,APP009622,55.89,FUZZY,64.86,64.86,20.0,AUTO_APPROVE,False
APP004390,APP001106,100.0,EXACT_PAN,96.0,100.0,100.0,AUTO_REJECT,True
APP004391,APP005280,63.85,FUZZY,100.0,32.84,20.0,AUTO_APPROVE,False
APP004392,APP004303,73.94,FUZZY,83.87,93.33,20.0,AUTO_APPROVE,False
APP004393,APP008598,68.66,FUZZY,86.36,34.92,75.0,AUTO_APPROVE,False
APP004394,APP003447,65.74,FUZZY,100.0,52.46,0.0,AUTO_APPROVE,False
APP004395,APP003991,66.44,FUZZY,100.0,54.79,0.0,AUTO_APPROVE,False
APP004396,APP007736,64.12,FUZZY,89.47,51.28,20.0,AUTO_APPROVE,False
APP004397,APP000606,60.32,FUZZY,55.56,41.79,100.0,AUTO_APPROVE,False
APP004398,APP000389,69.44,FUZZY,75.68,92.0,20.0,AUTO_APPROVE,False
APP004399,APP003171,66.62,FUZZY,100.0,55.38,0.0,AUTO_APPROVE,False
APP004400,APP006995,69.83,FUZZY,63.16,77.5,75.0,AUTO_APPROVE,False
APP004401,APP002789,69.27,FUZZY,94.12,60.71,20.0,AUTO_APPROVE,False
APP004402,APP005904,57.78,FUZZY,80.0,45.95,20.0,AUTO_APPROVE,False
APP004403,APP002584,98.0,FUZZY,100.0,100.0,90.0,AUTO_REJECT,True
APP004404,APP000521,100.0,EXACT_PAN,93.33,100.0,100.0,AUTO_REJECT,True
APP004405,APP009778,64.7,FUZZY,72.73,44.44,75.0,AUTO_APPROVE,False
APP004406,APP005132,65.0,FUZZY,100.0,50.0,0.0,AUTO_APPROVE,False
APP004407,APP003737,60.09,FUZZY,57.89,90.48,20.0,AUTO_APPROVE,False
APP004408,APP005273,64.91,FUZZY,66.67,55.26,75.0,AUTO_APPROVE,False
APP004409,APP006873,68.46,FUZZY,100.0,61.54,0.0,AUTO_APPROVE,False
APP004410,APP008252,100.0,EXACT_PAN,97.14,100.0,100.0,AUTO_REJECT,True
APP004411,APP008563,67.37,FUZZY,100.0,57.89,0.0,AUTO_APPROVE,False
APP004412,APP000809,67.69,FUZZY,64.86,50.85,100.0,AUTO_APPROVE,False
APP004413,APP009392,58.57,FUZZY,100.0,28.57,0.0,AUTO_APPROVE,False
APP004414,APP009730,67.95,FUZZY,62.5,72.34,75.0,AUTO_APPROVE,False
APP004415,APP008706,91.67,FUZZY,93.33,100.0,75.0,FLAG_FOR_REVIEW,True
APP004416,APP009490,72.27,FUZZY,72.73,69.7,75.0,AUTO_APPROVE,False
APP004417,APP003725,63.22,FUZZY,100.0,44.07,0.0,AUTO_APPROVE,False
APP004418,APP007381,65.25,FUZZY,100.0,50.85,0.0,AUTO_APPROVE,False
APP004419,APP002796,73.24,FUZZY,100.0,27.45,75.0,AUTO_APPROVE,False
APP004420,APP006500,100.0,FUZZY,100.0,100.0,100.0,AUTO_REJECT,True
APP004421,APP004649,62.1,FUZZY,86.67,49.23,20.0,AUTO_APPROVE,False
APP004422,APP008509,67.81,FUZZY,100.0,59.38,0.0,AUTO_APPROVE,False
APP004423,APP000859,65.94,FUZZY,100.0,53.12,0.0,AUTO_APPROVE,False
APP004424,APP002399,100.0,FUZZY,100.0,100.0,100.0,AUTO_REJECT,True
APP004425,APP003143,76.83,FUZZY,86.67,45.0,100.0,AUTO_APPROVE,False
APP004426,APP001002,97.0,EXACT_PHONE,100.0,100.0,75.0,AUTO_REJECT,True
APP004427,APP003395,64.24,FUZZY,100.0,47.46,0.0,AUTO_APPROVE,False
APP004428,APP000164,71.25,FUZZY,100.0,70.83,0.0,AUTO_APPROVE,False
APP004429,APP003258,93.78,FUZZY,97.56,100.0,75.0,AUTO_REJECT,True
APP004430,APP006277,66.65,FUZZY,72.0,52.17,75.0,AUTO_APPROVE,False
APP004431,APP002009,61.04,FUZZY,85.71,60.61,0.0,AUTO_APPROVE,False
APP004432,APP007160,65.69,FUZZY,100.0,52.31,0.0,AUTO_APPROVE,False
APP004433,APP001848,59.34,FUZZY,62.86,43.04,75.0,AUTO_APPROVE,False
APP004434,APP009812,57.21,FUZZY,78.57,46.43,20.0,AUTO_APPROVE,False
APP004435,APP002038,100.0,EXACT_PAN,100.0,100.0,75.0,AUTO_REJECT,True
APP004436,APP004401,65.9,FUZZY,64.71,61.82,75.0,AUTO_APPROVE,False
APP004437,APP000948,97.0,EXACT_PHONE,97.3,100.0,75.0,AUTO_REJECT,True
APP004438,APP004837,97.0,EXACT_PHONE,97.3,100.0,100.0,AUTO_REJECT,True
APP004439,APP004191,70.77,FUZZY,100.0,69.23,0.0,AUTO_APPROVE,False
APP004440,APP007962,63.78,FUZZY,100.0,45.95,0.0,AUTO_APPROVE,False
APP004441,APP005136,63.35,FUZZY,62.86,56.41,75.0,AUTO_APPROVE,False
APP004442,APP004290,100.0,EXACT_PAN,96.77,100.0,75.0,AUTO_REJECT,True
APP004443,APP005805,98.48,FUZZY,96.97,100.0,100.0,AUTO_REJECT,True
APP004444,APP000843,66.25,FUZZY,60.0,70.83,75.0,AUTO_APPROVE,False
APP004445,APP000242,56.7,FUZZY,85.71,46.15,0.0,AUTO_APPROVE,False
APP004446,APP003694,65.95,FUZZY,100.0,53.16,0.0,AUTO_APPROVE,False
APP004447,APP006669,50.63,FUZZY,62.5,51.28,20.0,AUTO_APPROVE,False
APP004448,APP009019,76.71,FUZZY,84.85,64.29,75.0,AUTO_APPROVE,False
APP004449,APP001569,65.56,FUZZY,100.0,51.85,0.0,AUTO_APPROVE,False
APP004450,APP006746,69.44,FUZZY,100.0,64.79,0.0,AUTO_APPROVE,False
APP004451,APP008725,70.6,FUZZY,100.0,55.32,20.0,AUTO_APPROVE,False
APP004452,APP009732,92.37,FUZZY,94.74,100.0,75.0,AUTO_REJECT,True
APP004453,APP008238,100.0,EXACT_PAN,91.67,100.0,100.0,AUTO_REJECT,True
APP004454,APP007549,53.95,FUZZY,78.95,34.92,20.0,AUTO_APPROVE,False
APP004455,APP000983,65.69,FUZZY,100.0,38.96,20.0,AUTO_APPROVE,False
APP004456,APP001121,54.85,FUZZY,70.59,51.85,20.0,AUTO_APPROVE,False
APP004457,APP008150,100.0,EXACT_PAN,100.0,100.0,100.0,AUTO_REJECT,True
APP004458,APP004095,53.02,FUZZY,60.0,63.41,20.0,AUTO_APPROVE,False
APP004459,APP000190,71.11,FUZZY,100.0,70.37,0.0,AUTO_APPROVE,False
APP004460,APP009038,93.78,FUZZY,97.56,100.0,75.0,AUTO_REJECT,True
APP004461,APP007798,67.73,FUZZY,64.86,50.98,100.0,AUTO_APPROVE,False
APP004462,APP003350,61.09,FUZZY,71.79,33.96,75.0,AUTO_APPROVE,False
APP004463,APP009690,64.29,FUZZY,100.0,47.62,0.0,AUTO_APPROVE,False
APP004464,APP003056,65.43,FUZZY,100.0,51.43,0.0,AUTO_APPROVE,False
APP004465,,0.0,NO_MATCH,0.0,0.0,0.0,AUTO_APPROVE,False
APP004466,APP004196,66.58,FUZZY,63.16,66.67,75.0,AUTO_APPROVE,False
APP004467,APP007977,92.06,FUZZY,94.12,100.0,75.0,AUTO_REJECT,True
APP004468,APP001032,66.76,FUZZY,100.0,55.88,0.0,AUTO_APPROVE,False
APP004469,APP004991,63.33,FUZZY,70.0,44.44,75.0,AUTO_APPROVE,False
APP004470,APP007235,65.25,FUZZY,100.0,50.85,0.0,AUTO_APPROVE,False
APP004471,APP003126,65.38,FUZZY,78.26,37.5,75.0,AUTO_APPROVE,False
APP004472,APP009971,63.33,FUZZY,66.67,100.0,0.0,AUTO_APPROVE,False
APP004473,APP004861,62.54,FUZZY,81.25,59.7,20.0,AUTO_APPROVE,False
APP004474,APP007931,64.33,FUZZY,100.0,47.76,0.0,AUTO_APPROVE,False
APP004475,APP003368,67.78,FUZZY,100.0,45.95,20.0,AUTO_APPROVE,False
APP004476,APP002278,100.0,EXACT_PAN,96.0,100.0,75.0,AUTO_REJECT,True
APP004477,APP004594,54.68,FUZZY,84.21,28.57,20.0,AUTO_APPROVE,False
APP004478,APP007717,70.15,FUZZY,66.67,72.73,75.0,AUTO_APPROVE,False
APP004479,APP006562,67.56,FUZZY,82.35,37.93,75.0,AUTO_APPROVE,False
APP004480,APP007876,69.71,FUZZY,100.0,65.71,0.0,AUTO_APPROVE,False
APP004481,APP001531,64.03,FUZZY,100.0,46.75,0.0,AUTO_APPROVE,False
APP004482,APP004933,69.76,FUZZY,66.67,71.43,75.0,AUTO_APPROVE,False
APP004483,APP002105,66.88,FUZZY,100.0,56.25,0.0,AUTO_APPROVE,False
APP004484,APP002574,58.96,FUZZY,31.25,77.78,100.0,AUTO_APPROVE,False
APP004485,APP003806,56.62,FUZZY,62.5,71.23,20.0,AUTO_APPROVE,False
APP004486,APP008316,66.11,FUZZY,68.75,39.13,100.0,AUTO_APPROVE,False
APP004487,APP009312,55.42,FUZZY,44.44,44.0,100.0,AUTO_APPROVE,False
APP004488,APP002488,65.35,FUZZY,100.0,51.16,0.0,AUTO_APPROVE,False
APP004489,APP004772,64.68,FUZZY,61.54,46.38,100.0,AUTO_APPROVE,False
APP004490,APP007030,63.04,FUZZY,100.0,43.48,0.0,AUTO_APPROVE,False
APP004491,APP005764,70.0,FUZZY,100.0,66.67,0.0,AUTO_APPROVE,False
APP004492,APP008240,65.7,FUZZY,80.0,72.34,20.0,AUTO_APPROVE,False
APP004493,APP006444,66.88,FUZZY,100.0,56.25,0.0,AUTO_APPROVE,False
APP004494,APP006234,71.18,FUZZY,68.57,72.97,75.0,AUTO_APPROVE,False
APP004495,APP000149,96.39,FUZZY,96.77,100.0,90.0,AUTO_REJECT,True
APP004496,APP006729,58.66,FUZZY,85.0,40.54,20.0,AUTO_APPROVE,False
APP004497,APP002067,63.09,FUZZY,100.0,30.3,20.0,AUTO_APPROVE,False
APP004498,APP007434,93.39,FUZZY,96.77,100.0,75.0,AUTO_REJECT,True
APP004499,APP001865,62.38,FUZZY,100.0,41.27,0.0,AUTO_APPROVE,False
APP004500,APP005515,65.79,FUZZY,100.0,52.63,0.0,AUTO_APPROVE,False
APP004501,APP006257,55.91,FUZZY,56.25,42.62,75.0,AUTO_APPROVE,False
APP004502,APP003488,66.8,FUZZY,68.42,58.62,75.0,AUTO_APPROVE,False
APP004503,APP007270,95.16,FUZZY,90.32,100.0,100.0,AUTO_REJECT,True
APP004504,APP009106,62.33,FUZZY,100.0,41.1,0.0,AUTO_APPROVE,False
APP004505,,0.0,NO_MATCH,0.0,0.0,0.0,AUTO_APPROVE,False
APP004506,APP009528,56.43,FUZZY,76.92,46.58,20.0,AUTO_APPROVE,False
APP004507,APP004128,59.81,FUZZY,63.16,44.12,75.0,AUTO_APPROVE,False
APP004508,APP009962,62.63,FUZZY,100.0,42.11,0.0,AUTO_APPROVE,False
APP004509,APP002307,68.82,FUZZY,100.0,62.75,0.0,AUTO_APPROVE,False
APP004510,APP000667,67.84,FUZZY,100.0,59.46,0.0,AUTO_APPROVE,False
APP004511,APP000177,67.75,FUZZY,100.0,59.15,0.0,AUTO_APPROVE,False
APP004512,APP009946,65.49,FUZZY,48.0,71.64,100.0,AUTO_APPROVE,False
APP004513,APP003627,56.47,FUZZY,80.0,41.56,20.0,AUTO_APPROVE,False
APP004514,APP001423,52.45,FUZZY,72.0,41.51,20.0,AUTO_APPROVE,False
APP004515,APP008542,67.62,FUZZY,61.9,55.56,100.0,AUTO_APPROVE,False
APP004516,APP004132,67.69,FUZZY,100.0,58.97,0.0,AUTO_APPROVE,False
APP004517,APP004677,94.67,FUZZY,93.33,100.0,90.0,AUTO_REJECT,True
APP004518,APP005000,63.78,FUZZY,100.0,45.95,0.0,AUTO_APPROVE,False
APP004519,APP001880,50.88,FUZZY,60.61,55.26,20.0,AUTO_APPROVE,False
APP004520,APP000767,55.47,FUZZY,66.67,60.47,20.0,AUTO_APPROVE,False
APP004521,APP001374,64.33,FUZZY,100.0,47.76,0.0,AUTO_APPROVE,False
APP004522,APP003192,100.0,EXACT_PAN,95.45,100.0,90.0,AUTO_REJECT,True
APP004523,APP004084,62.85,FUZZY,73.33,37.29,75.0,AUTO_APPROVE,False
APP004524,APP003220,97.83,FUZZY,95.65,100.0,100.0,AUTO_REJECT,True
APP004525,APP008281,63.37,FUZZY,73.33,75.68,20.0,AUTO_APPROVE,False
APP004526,APP000004,69.94,FUZZY,61.11,64.62,100.0,AUTO_APPROVE,False
APP004527,,0.0,NO_MATCH,0.0,0.0,0.0,AUTO_APPROVE,False
APP004528,APP001362,67.56,FUZZY,100.0,58.54,0.0,AUTO_APPROVE,False
APP004529,APP005041,65.02,FUZZY,85.71,60.53,20.0,AUTO_APPROVE,False
APP004530,APP000789,96.88,FUZZY,93.75,100.0,100.0,AUTO_REJECT,True
APP004531,APP003181,57.25,FUZZY,63.16,72.22,20.0,AUTO_APPROVE,False
APP004532,APP006810,50.86,FUZZY,71.43,37.14,20.0,AUTO_APPROVE,False
APP004533,APP000528,67.09,FUZZY,100.0,43.64,20.0,AUTO_APPROVE,False
APP004534,APP003443,63.85,FUZZY,100.0,46.15,0.0,AUTO_APPROVE,False
APP004535,APP005985,67.0,FUZZY,80.0,40.0,75.0,AUTO_APPROVE,False
APP004536,APP008292,98.39,FUZZY,96.77,100.0,100.0,AUTO_REJECT,True
APP004537,APP009831,66.22,FUZZY,100.0,54.05,0.0,AUTO_APPROVE,False
APP004538,APP000648,65.52,FUZZY,100.0,51.72,0.0,AUTO_APPROVE,False
APP004539,APP005198,56.66,FUZZY,48.48,41.38,100.0,AUTO_APPROVE,False
APP004540,APP007137,67.58,FUZZY,61.11,56.76,100.0,AUTO_APPROVE,False
APP004541,APP007562,63.09,FUZZY,41.18,75.0,100.0,AUTO_APPROVE,False
APP004542,APP000452,100.0,FUZZY,100.0,100.0,100.0,AUTO_REJECT,True
APP004543,APP006518,64.21,FUZZY,100.0,47.37,0.0,AUTO_APPROVE,False
APP004544,APP005125,95.0,FUZZY,100.0,100.0,75.0,AUTO_REJECT,True
APP004545,APP002365,59.75,FUZZY,82.35,48.57,20.0,AUTO_APPROVE,False
APP004546,APP001073,61.49,FUZZY,78.57,24.0,75.0,AUTO_APPROVE,False
APP004547,APP005178,62.58,FUZZY,100.0,41.94,0.0,AUTO_APPROVE,False
APP004548,APP008644,60.8,FUZZY,59.46,53.57,75.0,AUTO_APPROVE,False
APP004549,APP007821,53.37,FUZZY,55.56,35.29,75.0,AUTO_APPROVE,False
APP004550,APP003117,96.88,FUZZY,93.75,100.0,100.0,AUTO_REJECT,True
APP004551,APP002507,61.81,FUZZY,84.44,51.95,20.0,AUTO_APPROVE,False
APP004552,APP007890,57.23,FUZZY,68.75,62.86,20.0,AUTO_APPROVE,False
APP004553,APP008876,57.33,FUZZY,56.0,47.76,75.0,AUTO_APPROVE,False
APP004554,APP008342,60.82,FUZZY,100.0,36.07,0.0,AUTO_APPROVE,False
APP004555,APP000466,60.71,FUZZY,84.85,47.62,20.0,AUTO_APPROVE,False
APP004556,APP003274,60.49,FUZZY,85.71,45.45,20.0,AUTO_APPROVE,False
APP004557,APP001087,97.06,FUZZY,94.12,100.0,100.0,AUTO_REJECT,True
APP004558,APP009360,53.6,FUZZY,81.48,42.86,0.0,AUTO_APPROVE,False
APP004559,APP002700,60.92,FUZZY,77.27,74.29,0.0,AUTO_APPROVE,False
APP004560,APP005494,96.72,FUZZY,97.44,100.0,90.0,AUTO_REJECT,True
APP004561,APP004697,70.45,FUZZY,70.0,68.18,75.0,AUTO_APPROVE,False
APP004562,APP005482,53.07,FUZZY,66.67,52.46,20.0,AUTO_APPROVE,False
APP004563,APP002319,61.47,FUZZY,100.0,38.24,0.0,AUTO_APPROVE,False
APP004564,APP003011,58.83,FUZZY,78.79,64.79,0.0,AUTO_APPROVE,False
APP004565,APP009211,70.34,FUZZY,100.0,67.8,0.0,AUTO_APPROVE,False
APP004566,APP003518,68.68,FUZZY,78.26,48.48,75.0,AUTO_APPROVE,False
APP004567,APP002697,95.0,FUZZY,100.0,100.0,75.0,AUTO_REJECT,True
APP004568,APP007925,60.53,FUZZY,100.0,35.09,0.0,AUTO_APPROVE,False
APP004569,APP006059,61.82,FUZZY,100.0,39.39,0.0,AUTO_APPROVE,False
APP004570,APP005295,76.84,FUZZY,100.0,89.47,0.0,AUTO_APPROVE,False
APP004571,APP007798,58.78,FUZZY,61.11,44.07,75.0,AUTO_APPROVE,False
APP004572,APP004639,60.71,FUZZY,100.0,35.71,0.0,AUTO_APPROVE,False
APP004573,APP001370,65.19,FUZZY,100.0,50.63,0.0,AUTO_APPROVE,False
APP004574,APP008820,58.84,FUZZY,57.14,50.91,75.0,AUTO_APPROVE,False
APP004575,APP004752,68.3,FUZZY,52.38,73.68,100.0,AUTO_APPROVE,False
APP004576,APP005897,66.52,FUZZY,100.0,55.07,0.0,AUTO_APPROVE,False
APP004577,APP007929,60.14,FUZZY,66.67,39.34,75.0,AUTO_APPROVE,False
APP004578,APP003472,66.94,FUZZY,52.63,68.75,100.0,AUTO_APPROVE,False
APP004579,APP003077,75.42,FUZZY,100.0,84.75,0.0,AUTO_APPROVE,False
APP004580,APP006662,54.6,FUZZY,81.25,46.58,0.0,AUTO_APPROVE,False
APP004581,APP008192,60.21,FUZZY,59.46,51.61,75.0,AUTO_APPROVE,False
APP004582,APP006066,73.71,FUZZY,100.0,65.71,20.0,AUTO_APPROVE,False
APP004583,APP001317,97.0,EXACT_PHONE,97.3,100.0,90.0,AUTO_REJECT,True
APP004584,APP009414,68.72,FUZZY,100.0,49.06,20.0,AUTO_APPROVE,False
APP004585,APP004187,53.82,FUZZY,80.0,32.73,20.0,AUTO_APPROVE,False
APP004586,APP005347,69.46,FUZZY,94.12,61.33,20.0,AUTO_APPROVE,False
APP004587,APP002899,68.26,FUZZY,100.0,60.87,0.0,AUTO_APPROVE,False
APP004588,APP003151,58.81,FUZZY,66.67,34.92,75.0,AUTO_APPROVE,False
APP004589,APP000719,67.14,FUZZY,100.0,57.14,0.0,AUTO_APPROVE,False
APP004590,APP006582,52.58,FUZZY,45.16,33.33,100.0,AUTO_APPROVE,False
APP004591,APP006623,63.85,FUZZY,66.67,51.72,75.0,AUTO_APPROVE,False
APP004592,APP000125,66.58,FUZZY,63.16,66.67,75.0,AUTO_APPROVE,False
APP004593,APP008722,95.37,FUZZY,94.74,100.0,90.0,AUTO_REJECT,True
APP004594,APP004703,66.43,FUZZY,80.0,38.1,75.0,AUTO_APPROVE,False
APP004595,APP004188,68.3,FUZZY,76.19,50.67,75.0,AUTO_APPROVE,False
APP004596,APP007334,65.0,FUZZY,70.0,100.0,0.0,AUTO_APPROVE,False
APP004597,APP006235,100.0,EXACT_PAN,96.97,100.0,100.0,AUTO_REJECT,True
APP004598,APP007912,65.69,FUZZY,100.0,52.31,0.0,AUTO_APPROVE,False
APP004599,APP006200,53.12,FUZZY,56.25,33.33,75.0,AUTO_APPROVE,False
APP004600,APP004986,60.16,FUZZY,70.59,32.88,75.0,AUTO_APPROVE,False
APP004601,APP000430,65.0,FUZZY,100.0,50.0,0.0,AUTO_APPROVE,False
APP004602,APP001188,97.94,FUZZY,95.88,100.0,100.0,AUTO_REJECT,True
APP004603,APP003381,66.55,FUZZY,83.87,82.05,0.0,AUTO_APPROVE,False
APP004604,APP006305,63.8,FUZZY,64.86,54.55,75.0,AUTO_APPROVE,False
APP004605,APP004731,60.65,FUZZY,100.0,35.48,0.0,AUTO_APPROVE,False
APP004606,APP008341,59.77,FUZZY,82.76,61.29,0.0,AUTO_APPROVE,False
APP004607,APP004146,65.0,FUZZY,100.0,50.0,0.0,AUTO_APPROVE,False
APP004608,APP008060,95.0,FUZZY,100.0,100.0,75.0,AUTO_REJECT,True
APP004609,APP003274,61.79,FUZZY,100.0,39.29,0.0,AUTO_APPROVE,False
APP004610,APP004087,97.0,EXACT_PHONE,97.56,100.0,90.0,AUTO_REJECT,True
APP004611,APP009653,67.77,FUZZY,82.35,75.32,20.0,AUTO_APPROVE,False
APP004612,APP006987,60.34,FUZZY,100.0,34.48,0.0,AUTO_APPROVE,False
APP004613,APP002351,65.35,FUZZY,100.0,37.84,20.0,AUTO_APPROVE,False
APP004614,APP009282,61.58,FUZZY,63.16,100.0,0.0,AUTO_APPROVE,False
APP004615,APP004323,68.43,FUZZY,95.0,69.77,0.0,AUTO_APPROVE,False
APP004616,APP000515,97.0,EXACT_PHONE,97.44,100.0,75.0,AUTO_REJECT,True
APP004617,APP009818,66.46,FUZZY,76.47,44.07,75.0,AUTO_APPROVE,False
APP004618,APP008418,61.36,FUZZY,84.21,50.85,20.0,AUTO_APPROVE,False
APP004619,APP000518,100.0,EXACT_PAN,94.74,100.0,75.0,AUTO_REJECT,True
APP004620,APP004798,62.14,FUZZY,64.29,100.0,0.0,AUTO_APPROVE,False
APP004621,APP002920,71.54,FUZZY,100.0,71.79,0.0,AUTO_APPROVE,False
APP004622,APP007138,53.12,FUZZY,56.25,33.33,75.0,AUTO_APPROVE,False
APP004623,APP007080,60.43,FUZZY,100.0,34.78,0.0,AUTO_APPROVE,False
APP004624,APP001587,65.0,FUZZY,100.0,50.0,0.0,AUTO_APPROVE,False
APP004625,APP000135,93.48,FUZZY,96.97,100.0,75.0,AUTO_REJECT,True
APP004626,APP004929,59.49,FUZZY,76.92,56.76,20.0,AUTO_APPROVE,False
APP004627,APP004256,57.39,FUZZY,62.5,37.14,75.0,AUTO_APPROVE,False
APP004628,APP002412,93.57,FUZZY,97.14,100.0,75.0,AUTO_REJECT,True
APP004629,APP008604,59.98,FUZZY,62.86,45.16,75.0,AUTO_APPROVE,False
APP004630,APP008966,57.58,FUZZY,82.76,40.68,20.0,AUTO_APPROVE,False
APP004631,APP007232,69.46,FUZZY,76.92,53.33,75.0,AUTO_APPROVE,False
APP004632,APP000210,63.18,FUZZY,78.95,65.67,20.0,AUTO_APPROVE,False
APP004633,APP003006,62.75,FUZZY,100.0,42.5,0.0,AUTO_APPROVE,False
APP004634,APP001835,62.33,FUZZY,100.0,41.1,0.0,AUTO_APPROVE,False
APP004635,APP007018,67.26,FUZZY,75.86,47.76,75.0,AUTO_APPROVE,False
APP004636,APP006374,55.9,FUZZY,85.71,43.48,0.0,AUTO_APPROVE,False
APP004637,APP006346,59.34,FUZZY,47.37,52.17,100.0,AUTO_APPROVE,False
APP004638,APP005898,52.44,FUZZY,65.0,53.12,20.0,AUTO_APPROVE,False
APP004639,APP000997,69.44,FUZZY,100.0,64.79,0.0,AUTO_APPROVE,False
APP004640,APP006594,51.47,FUZZY,30.0,54.9,100.0,AUTO_APPROVE,False
APP004641,APP007378,97.0,EXACT_PHONE,97.56,100.0,100.0,AUTO_REJECT,True
APP004642,APP009437,71.37,FUZZY,100.0,71.23,0.0,AUTO_APPROVE,False
APP004643,APP000706,52.67,FUZZY,33.33,53.33,100.0,AUTO_APPROVE,False
APP004644,APP002331,93.0,FUZZY,86.0,100.0,100.0,AUTO_REJECT,True
APP004645,APP008887,55.72,FUZZY,64.52,64.86,20.0,AUTO_APPROVE,False
APP004646,APP007139,63.2,FUZZY,80.0,64.0,20.0,AUTO_APPROVE,False
APP004647,APP004721,64.49,FUZZY,81.48,65.82,20.0,AUTO_APPROVE,False
APP004648,APP000919,60.6,FUZZY,58.82,53.97,75.0,AUTO_APPROVE,False
APP004649,APP004421,62.1,FUZZY,86.67,49.23,20.0,AUTO_APPROVE,False
APP004650,APP007587,100.0,EXACT_PAN,100.0,100.0,100.0,AUTO_REJECT,True
APP004651,APP009978,68.23,FUZZY,64.86,69.33,75.0,AUTO_APPROVE,False
APP004652,APP006592,61.54,FUZZY,61.11,36.62,100.0,AUTO_APPROVE,False
APP004653,APP004116,62.9,FUZZY,72.73,38.46,75.0,AUTO_APPROVE,False
APP004654,APP002865,61.58,FUZZY,100.0,38.6,0.0,AUTO_APPROVE,False
APP004655,APP000169,64.48,FUZZY,81.25,29.51,75.0,AUTO_APPROVE,False
APP004656,APP007055,58.9,FUZZY,69.57,30.38,75.0,AUTO_APPROVE,False
APP004657,APP008966,59.44,FUZZY,66.67,73.68,20.0,AUTO_APPROVE,False
APP004658,APP005401,63.76,FUZZY,78.26,68.75,20.0,AUTO_APPROVE,False
APP004659,APP009841,55.55,FUZZY,59.46,36.07,75.0,AUTO_APPROVE,False
APP004660,APP000996,62.59,FUZZY,58.82,60.61,75.0,AUTO_APPROVE,False
APP004661,APP000966,66.52,FUZZY,100.0,55.07,0.0,AUTO_APPROVE,False
APP004662,APP004964,56.43,FUZZY,59.46,75.68,20.0,AUTO_APPROVE,False
APP004663,APP008199,69.59,FUZZY,81.48,46.15,75.0,AUTO_APPROVE,False
APP004664,APP004850,62.5,FUZZY,55.0,50.0,100.0,AUTO_APPROVE,False
APP004665,APP007024,65.94,FUZZY,100.0,53.12,0.0,AUTO_APPROVE,False
APP004666,APP000624,100.0,EXACT_PAN,94.44,100.0,100.0,AUTO_REJECT,True
APP004667,APP003161,100.0,FUZZY,100.0,100.0,100.0,AUTO_REJECT,True
APP004668,APP004070,59.05,FUZZY,78.79,52.17,20.0,AUTO_APPROVE,False
APP004669,APP002688,52.14,FUZZY,77.42,44.78,0.0,AUTO_APPROVE,False
APP004670,APP006488,93.65,FUZZY,97.3,100.0,75.0,AUTO_REJECT,True
APP004671,APP006645,100.0,EXACT_PAN,97.14,100.0,100.0,AUTO_REJECT,True
APP004672,APP003087,51.72,FUZZY,52.63,34.67,75.0,AUTO_APPROVE,False
APP004673,APP006727,64.4,FUZZY,70.0,48.0,75.0,AUTO_APPROVE,False
APP004674,APP007538,66.98,FUZZY,83.33,34.38,75.0,AUTO_APPROVE,False
APP004675,APP000449,98.0,FUZZY,100.0,100.0,90.0,AUTO_REJECT,True
APP004676,APP007088,59.43,FUZZY,100.0,31.43,0.0,AUTO_APPROVE,False
APP004677,APP004517,94.67,FUZZY,93.33,100.0,90.0,AUTO_REJECT,True
APP004678,APP009428,65.59,FUZZY,78.79,73.97,20.0,AUTO_APPROVE,False
APP004679,APP007127,59.7,FUZZY,62.5,44.83,75.0,AUTO_APPROVE,False
APP004680,APP002120,69.37,FUZZY,83.87,41.46,75.0,AUTO_APPROVE,False
APP004681,APP005579,56.44,FUZZY,70.59,57.14,20.0,AUTO_APPROVE,False
APP004682,APP006356,62.38,FUZZY,100.0,41.27,0.0,AUTO_APPROVE,False
APP004683,APP009560,64.38,FUZZY,62.5,43.75,100.0,AUTO_APPROVE,False
APP004684,APP009942,67.6,FUZZY,100.0,58.67,0.0,AUTO_APPROVE,False
APP004685,APP007984,95.0,FUZZY,100.0,100.0,75.0,AUTO_REJECT,True
APP004686,APP002555,69.31,FUZZY,71.43,61.97,75.0,AUTO_APPROVE,False
APP004687,APP004300,54.76,FUZZY,76.19,55.56,0.0,AUTO_APPROVE,False
APP004688,APP009572,62.57,FUZZY,69.57,42.62,75.0,AUTO_APPROVE,False
APP004689,APP001631,63.14,FUZZY,62.86,55.7,75.0,AUTO_APPROVE,False
APP004690,APP007534,66.71,FUZZY,57.89,75.86,75.0,AUTO_APPROVE,False
APP004691,APP003712,67.88,FUZZY,66.67,48.48,100.0,AUTO_APPROVE,False
APP004692,,0.0,NO_MATCH,0.0,0.0,0.0,AUTO_APPROVE,False
APP004693,APP003130,63.54,FUZZY,68.75,47.22,75.0,AUTO_APPROVE,False
APP004694,APP005532,97.0,EXACT_PHONE,100.0,100.0,90.0,AUTO_REJECT,True
APP004695,APP002475,53.24,FUZZY,52.17,77.19,20.0,AUTO_APPROVE,False
APP004696,APP001962,59.27,FUZZY,54.05,40.82,100.0,AUTO_APPROVE,False
APP004697,APP005303,76.5,FUZZY,100.0,75.0,20.0,AUTO_APPROVE,False
APP004698,APP005411,62.24,FUZZY,68.29,43.64,75.0,AUTO_APPROVE,False
APP004699,APP006372,67.92,FUZZY,78.57,45.45,75.0,AUTO_APPROVE,False
APP004700,APP008737,54.14,FUZZY,77.42,38.1,20.0,AUTO_APPROVE,False
APP004701,APP002056,59.68,FUZZY,55.56,56.34,75.0,AUTO_APPROVE,False
APP004702,APP009878,68.69,FUZZY,100.0,62.3,0.0,AUTO_APPROVE,False
APP004703,APP004594,66.43,FUZZY,80.0,38.1,75.0,AUTO_APPROVE,False
APP004704,APP009662,58.25,FUZZY,62.5,40.0,75.0,AUTO_APPROVE,False
APP004705,APP009617,100.0,EXACT_PAN,94.74,100.0,90.0,AUTO_REJECT,True
APP004706,APP000898,61.0,FUZZY,100.0,36.67,0.0,AUTO_APPROVE,False
APP004707,APP006485,62.7,FUZZY,78.57,64.71,20.0,AUTO_APPROVE,False
APP004708,APP004847,65.65,FUZZY,100.0,52.17,0.0,AUTO_APPROVE,False
APP004709,APP003759,69.59,FUZZY,92.31,64.79,20.0,AUTO_APPROVE,False
APP004710,APP001661,69.23,FUZZY,100.0,64.1,0.0,AUTO_APPROVE,False
APP004711,APP004685,60.0,FUZZY,50.0,50.0,100.0,AUTO_APPROVE,False
APP004712,APP000352,58.37,FUZZY,75.86,54.79,20.0,AUTO_APPROVE,False
APP004713,APP007475,63.42,FUZZY,100.0,44.74,0.0,AUTO_APPROVE,False
APP004714,APP000921,68.98,FUZZY,64.52,72.41,75.0,AUTO_APPROVE,False
APP004715,APP003797,67.75,FUZZY,76.47,48.39,75.0,AUTO_APPROVE,False
APP004716,APP002537,63.19,FUZZY,83.87,57.5,20.0,AUTO_APPROVE,False
APP004717,APP005052,57.48,FUZZY,82.05,54.84,0.0,AUTO_APPROVE,False
APP004718,APP002605,61.74,FUZZY,76.47,65.0,20.0,AUTO_APPROVE,False
APP004719,APP005437,60.48,FUZZY,100.0,34.92,0.0,AUTO_APPROVE,False
APP004720,APP001887,70.0,FUZZY,100.0,66.67,0.0,AUTO_APPROVE,False
APP004721,APP005093,68.24,FUZZY,80.0,44.12,75.0,AUTO_APPROVE,False
APP004722,APP007775,58.73,FUZZY,100.0,29.09,0.0,AUTO_APPROVE,False
APP004723,APP000460,58.91,FUZZY,51.43,44.0,100.0,AUTO_APPROVE,False
APP004724,APP000265,52.89,FUZZY,58.82,64.94,20.0,AUTO_APPROVE,False
APP004725,APP005913,57.91,FUZZY,74.29,55.88,20.0,AUTO_APPROVE,False
APP004726,APP007718,69.0,FUZZY,100.0,50.0,20.0,AUTO_APPROVE,False
APP004727,APP003066,87.5,FUZZY,100.0,58.33,100.0,FLAG_FOR_REVIEW,True
APP004728,APP003945,63.52,FUZZY,100.0,45.07,0.0,AUTO_APPROVE,False
APP004729,APP008137,65.64,FUZZY,100.0,38.81,20.0,AUTO_APPROVE,False
APP004730,APP001370,72.42,FUZZY,84.85,50.0,75.0,AUTO_APPROVE,False
APP004731,APP004605,60.65,FUZZY,100.0,35.48,0.0,AUTO_APPROVE,False
APP004732,APP001920,60.6,FUZZY,78.57,71.05,0.0,AUTO_APPROVE,False
APP004733,APP004411,67.17,FUZZY,80.0,40.58,75.0,AUTO_APPROVE,False
APP004734,APP003953,60.83,FUZZY,100.0,36.11,0.0,AUTO_APPROVE,False
APP004735,APP006845,67.84,FUZZY,100.0,59.46,0.0,AUTO_APPROVE,False
APP004736,APP003164,72.11,FUZZY,100.0,73.68,0.0,AUTO_APPROVE,False
APP004737,APP006943,60.22,FUZZY,80.0,54.05,20.0,AUTO_APPROVE,False
APP004738,APP000278,63.12,FUZZY,100.0,43.75,0.0,AUTO_APPROVE,False
APP004739,APP000508,100.0,EXACT_PAN,90.91,100.0,75.0,AUTO_REJECT,True
APP004740,APP007414,68.33,FUZZY,100.0,61.11,0.0,AUTO_APPROVE,False
APP004741,APP003983,64.24,FUZZY,100.0,47.46,0.0,AUTO_APPROVE,False
APP004742,APP008095,59.15,FUZZY,86.67,39.39,20.0,AUTO_APPROVE,False
APP004743,APP003638,66.45,FUZZY,100.0,54.84,0.0,AUTO_APPROVE,False
APP004744,APP006913,63.71,FUZZY,100.0,45.71,0.0,AUTO_APPROVE,False
APP004745,APP004522,58.65,FUZZY,84.85,40.74,20.0,AUTO_APPROVE,False
APP004746,APP007690,96.11,FUZZY,92.22,100.0,100.0,AUTO_REJECT,True
APP004747,APP003445,61.3,FUZZY,100.0,37.68,0.0,AUTO_APPROVE,False
APP004748,APP008302,65.0,FUZZY,100.0,50.0,0.0,AUTO_APPROVE,False
APP004749,APP008688,64.84,FUZZY,82.76,64.86,20.0,AUTO_APPROVE,False
APP004750,APP009779,96.82,FUZZY,93.64,100.0,100.0,AUTO_REJECT,True
APP004751,APP006005,60.04,FUZZY,66.67,75.68,20.0,AUTO_APPROVE,False
APP004752,APP004575,68.3,FUZZY,52.38,73.68,100.0,AUTO_APPROVE,False
APP004753,APP009741,60.54,FUZZY,62.5,47.62,75.0,AUTO_APPROVE,False
APP004754,APP008955,64.17,FUZZY,88.24,53.52,20.0,AUTO_APPROVE,False
APP004755,APP001862,71.5,FUZZY,75.0,100.0,20.0,AUTO_APPROVE,False
APP004756,APP004235,65.45,FUZZY,90.91,53.33,20.0,AUTO_APPROVE,False
APP004757,,0.0,NO_MATCH,0.0,0.0,0.0,AUTO_APPROVE,False
APP004758,APP002049,55.18,FUZZY,82.35,33.33,20.0,AUTO_APPROVE,False
APP004759,APP007154,57.62,FUZZY,65.0,83.72,0.0,AUTO_APPROVE,False
APP004760,APP009122,64.35,FUZZY,62.5,60.32,75.0,AUTO_APPROVE,False
APP004761,APP000400,54.0,FUZZY,80.0,33.33,20.0,AUTO_APPROVE,False
APP004762,APP005368,68.29,FUZZY,70.59,43.33,100.0,AUTO_APPROVE,False
APP004763,APP008668,70.48,FUZZY,81.48,49.12,75.0,AUTO_APPROVE,False
APP004764,APP007640,96.88,FUZZY,93.75,100.0,100.0,AUTO_REJECT,True
APP004765,APP008002,59.23,FUZZY,66.67,72.97,20.0,AUTO_APPROVE,False
APP004766,APP005601,75.05,FUZZY,72.73,78.95,75.0,AUTO_APPROVE,False
APP004767,APP006583,95.22,FUZZY,94.44,100.0,90.0,AUTO_REJECT,True
APP004768,APP002606,66.54,FUZZY,97.14,46.58,20.0,AUTO_APPROVE,False
APP004769,APP008098,66.67,FUZZY,73.33,100.0,0.0,AUTO_APPROVE,False
APP004770,APP007787,64.12,FUZZY,100.0,47.06,0.0,AUTO_APPROVE,False
APP004771,APP000932,67.92,FUZZY,64.86,68.29,75.0,AUTO_APPROVE,False
APP004772,APP008235,68.0,FUZZY,100.0,60.0,0.0,AUTO_APPROVE,False
APP004773,APP003024,68.24,FUZZY,83.72,37.93,75.0,AUTO_APPROVE,False
APP004774,APP007126,65.29,FUZZY,70.59,50.0,75.0,AUTO_APPROVE,False
APP004775,APP007227,65.5,FUZZY,91.43,52.63,20.0,AUTO_APPROVE,False
APP004776,APP004830,55.82,FUZZY,60.0,72.73,20.0,AUTO_APPROVE,False
APP004777,APP000437,61.69,FUZZY,81.48,69.84,0.0,AUTO_APPROVE,False
APP004778,APP001057,58.04,FUZZY,62.86,38.71,75.0,AUTO_APPROVE,False
APP004779,APP004229,59.0,FUZZY,83.33,44.44,20.0,AUTO_APPROVE,False
APP004780,APP000328,53.47,FUZZY,56.41,70.89,20.0,AUTO_APPROVE,False
APP004781,APP009440,100.0,EXACT_PAN,92.31,100.0,100.0,AUTO_REJECT,True
APP004782,APP006626,64.2,FUZZY,83.87,60.87,20.0,AUTO_APPROVE,False
APP004783,APP004430,61.15,FUZZY,72.0,33.85,75.0,AUTO_APPROVE,False
APP004784,APP007359,63.15,FUZZY,100.0,43.84,0.0,AUTO_APPROVE,False
APP004785,APP005140,64.62,FUZZY,69.23,100.0,0.0,AUTO_APPROVE,False
APP004786,APP005259,80.0,FUZZY,100.0,100.0,0.0,FLAG_FOR_REVIEW,False
APP004787,APP008409,68.52,FUZZY,70.59,60.76,75.0,AUTO_APPROVE,False
APP004788,APP005615,66.72,FUZZY,82.35,35.14,75.0,AUTO_APPROVE,False
APP004789,APP002214,62.69,FUZZY,69.23,43.59,75.0,AUTO_APPROVE,False
APP004790,APP007998,58.87,FUZZY,66.67,71.79,20.0,AUTO_APPROVE,False
APP004791,APP008029,55.36,FUZZY,54.55,43.64,75.0,AUTO_APPROVE,False
APP004792,APP006077,63.33,FUZZY,66.67,50.0,75.0,AUTO_APPROVE,False
APP004793,APP001842,64.11,FUZZY,81.25,64.94,20.0,AUTO_APPROVE,False
APP004794,APP000481,59.34,FUZZY,75.0,59.46,20.0,AUTO_APPROVE,False
APP004795,APP003040,60.81,FUZZY,66.67,78.26,20.0,AUTO_APPROVE,False
APP004796,APP009152,65.48,FUZZY,66.67,57.14,75.0,AUTO_APPROVE,False
APP004797,APP008014,65.08,FUZZY,80.0,70.27,20.0,AUTO_APPROVE,False
APP004798,APP004620,62.14,FUZZY,64.29,100.0,0.0,AUTO_APPROVE,False
APP004799,APP006613,98.57,FUZZY,97.14,100.0,100.0,AUTO_REJECT,True
APP004800,APP009062,64.17,FUZZY,100.0,47.22,0.0,AUTO_APPROVE,False
APP004801,APP001298,52.82,FUZZY,64.71,54.9,20.0,AUTO_APPROVE,False
APP004802,APP004901,70.6,FUZZY,76.92,57.14,75.0,AUTO_APPROVE,False
APP004803,APP005580,63.42,FUZZY,61.54,58.82,75.0,AUTO_APPROVE,False
APP004804,APP003400,64.21,FUZZY,100.0,47.37,0.0,AUTO_APPROVE,False
APP004805,APP003478,61.43,FUZZY,100.0,38.1,0.0,AUTO_APPROVE,False
APP004806,APP002999,65.83,FUZZY,100.0,52.78,0.0,AUTO_APPROVE,False
APP004807,APP009009,58.35,FUZZY,57.14,49.28,75.0,AUTO_APPROVE,False
APP004808,APP001043,91.88,FUZZY,93.75,100.0,75.0,FLAG_FOR_REVIEW,True
APP004809,APP006541,67.58,FUZZY,73.68,52.46,75.0,AUTO_APPROVE,False
APP004810,APP009539,56.3,FUZZY,55.56,45.07,75.0,AUTO_APPROVE,False
APP004811,APP009056,64.74,FUZZY,100.0,49.12,0.0,AUTO_APPROVE,False
APP004812,APP000996,63.44,FUZZY,81.48,62.34,20.0,AUTO_APPROVE,False
APP004813,APP009061,63.6,FUZZY,100.0,45.33,0.0,AUTO_APPROVE,False
APP004814,APP001161,62.89,FUZZY,77.78,66.67,20.0,AUTO_APPROVE,False
APP004815,APP003722,68.1,FUZZY,100.0,60.32,0.0,AUTO_APPROVE,False
APP004816,APP003158,63.79,FUZZY,47.06,67.53,100.0,AUTO_APPROVE,False
APP004817,APP005961,64.31,FUZZY,78.26,70.59,20.0,AUTO_APPROVE,False
APP004818,APP004004,95.0,FUZZY,100.0,100.0,75.0,AUTO_REJECT,True
APP004819,APP007931,71.86,FUZZY,83.72,50.0,75.0,AUTO_APPROVE,False
APP004820,APP000868,60.29,FUZZY,70.59,33.33,75.0,AUTO_APPROVE,False
APP004821,APP005751,82.75,FUZZY,87.18,80.52,75.0,FLAG_FOR_REVIEW,False
APP004822,APP008580,61.83,FUZZY,100.0,39.44,0.0,AUTO_APPROVE,False
APP004823,APP002904,73.39,FUZZY,100.0,77.97,0.0,AUTO_APPROVE,False
APP004824,APP008164,59.26,FUZZY,64.52,76.67,20.0,AUTO_APPROVE,False
APP004825,APP000703,53.03,FUZZY,58.06,66.67,20.0,AUTO_APPROVE,False
APP004826,APP005143,59.82,FUZZY,100.0,32.73,0.0,AUTO_APPROVE,False
APP004827,APP005658,64.78,FUZZY,100.0,49.28,0.0,AUTO_APPROVE,False
APP004828,APP008948,64.98,FUZZY,54.55,75.68,75.0,AUTO_APPROVE,False
APP004829,APP007468,59.21,FUZZY,80.0,50.7,20.0,AUTO_APPROVE,False
APP004830,APP009361,100.0,EXACT_PAN,93.33,100.0,100.0,AUTO_REJECT,True
APP004831,APP005441,93.78,FUZZY,97.56,100.0,75.0,AUTO_REJECT,True
APP004832,APP003592,56.47,FUZZY,72.22,54.55,20.0,AUTO_APPROVE,False
APP004833,APP009418,100.0,FUZZY,100.0,100.0,100.0,AUTO_REJECT,True
APP004834,APP001652,63.33,FUZZY,66.67,100.0,0.0,AUTO_APPROVE,False
APP004835,APP000333,58.66,FUZZY,59.26,46.75,75.0,AUTO_APPROVE,False
APP004836,APP000142,64.04,FUZZY,100.0,46.81,0.0,AUTO_APPROVE,False
APP004837,APP004438,97.0,EXACT_PHONE,97.3,100.0,100.0,AUTO_REJECT,True
APP004838,APP004998,55.78,FUZZY,36.36,58.67,100.0,AUTO_APPROVE,False
APP004839,APP003708,68.94,FUZZY,83.87,40.0,75.0,AUTO_APPROVE,False
APP004840,APP002026,57.95,FUZZY,46.67,48.72,100.0,AUTO_APPROVE,False
APP004841,APP004065,62.41,FUZZY,69.57,42.11,75.0,AUTO_APPROVE,False
APP004842,APP001031,62.61,FUZZY,75.86,32.26,75.0,AUTO_APPROVE,False
APP004843,APP002922,61.4,FUZZY,36.84,76.6,100.0,AUTO_APPROVE,False
APP004844,APP005444,64.75,FUZZY,100.0,49.18,0.0,AUTO_APPROVE,False
APP004845,APP006522,60.93,FUZZY,82.76,51.85,20.0,AUTO_APPROVE,False
APP004846,APP006911,63.33,FUZZY,66.67,100.0,0.0,AUTO_APPROVE,False
APP004847,APP004708,65.65,FUZZY,100.0,52.17,0.0,AUTO_APPROVE,False
APP004848,APP009942,61.53,FUZZY,82.76,53.85,20.0,AUTO_APPROVE,False
APP004849,APP000864,60.16,FUZZY,78.26,56.76,20.0,AUTO_APPROVE,False
APP004850,APP006259,71.74,FUZZY,100.0,72.46,0.0,AUTO_APPROVE,False
APP004851,APP001035,64.4,FUZZY,100.0,48.0,0.0,AUTO_APPROVE,False
APP004852,APP003204,61.08,FUZZY,100.0,36.92,0.0,AUTO_APPROVE,False
APP004853,APP000904,73.95,FUZZY,84.85,55.07,75.0,AUTO_APPROVE,False
APP004854,APP008835,63.33,FUZZY,66.67,100.0,0.0,AUTO_APPROVE,False
APP004855,APP007321,65.47,FUZZY,100.0,38.24,20.0,AUTO_APPROVE,False
APP004856,,0.0,NO_MATCH,0.0,0.0,0.0,AUTO_APPROVE,False
APP004857,APP003002,74.07,FUZZY,84.62,55.88,75.0,AUTO_APPROVE,False
APP004858,APP000492,50.73,FUZZY,68.97,40.82,20.0,AUTO_APPROVE,False
APP004859,APP005200,64.75,FUZZY,100.0,49.18,0.0,AUTO_APPROVE,False
APP004860,APP008857,70.4,FUZZY,71.79,65.0,75.0,AUTO_APPROVE,False
APP004861,APP009018,62.82,FUZZY,66.67,48.28,75.0,AUTO_APPROVE,False
APP004862,APP007785,66.29,FUZZY,100.0,54.29,0.0,AUTO_APPROVE,False
APP004863,APP001297,60.77,FUZZY,100.0,35.9,0.0,AUTO_APPROVE,False
APP004864,APP003171,58.98,FUZZY,68.57,68.97,20.0,AUTO_APPROVE,False
APP004865,APP005082,78.92,FUZZY,100.0,29.73,100.0,AUTO_APPROVE,True
APP004866,APP002082,94.17,FUZZY,88.33,100.0,100.0,AUTO_REJECT,True
APP004867,APP007395,100.0,FUZZY,100.0,100.0,100.0,AUTO_REJECT,True
APP004868,APP004871,94.17,FUZZY,88.33,100.0,100.0,AUTO_REJECT,True
APP004869,APP001635,62.86,FUZZY,83.72,70.0,0.0,AUTO_APPROVE,False
APP004870,APP003721,97.06,FUZZY,94.12,100.0,100.0,AUTO_REJECT,True
APP004871,APP004868,94.17,FUZZY,88.33,100.0,100.0,AUTO_REJECT,True
APP004872,APP009761,100.0,FUZZY,100.0,100.0,100.0,AUTO_REJECT,True
APP004873,APP007889,58.05,FUZZY,47.06,48.39,100.0,AUTO_APPROVE,False
APP004874,APP006092,57.47,FUZZY,78.57,47.27,20.0,AUTO_APPROVE,False
APP004875,APP006541,57.69,FUZZY,60.0,42.31,75.0,AUTO_APPROVE,False
APP004876,APP008812,66.05,FUZZY,100.0,53.49,0.0,AUTO_APPROVE,False
APP004877,APP001647,100.0,FUZZY,100.0,100.0,100.0,AUTO_REJECT,True
APP004878,APP007829,69.07,FUZZY,81.25,44.83,75.0,AUTO_APPROVE,False
APP004879,APP007283,57.65,FUZZY,68.29,65.0,20.0,AUTO_APPROVE,False
APP004880,APP008007,72.86,FUZZY,100.0,62.86,20.0,AUTO_APPROVE,False
APP004881,APP007974,56.47,FUZZY,66.67,27.12,75.0,AUTO_APPROVE,False
APP004882,APP000079,65.0,FUZZY,70.0,100.0,0.0,AUTO_APPROVE,False
APP004883,APP006332,57.93,FUZZY,43.75,53.52,100.0,AUTO_APPROVE,False
APP004884,APP009390,56.55,FUZZY,70.27,58.06,20.0,AUTO_APPROVE,False
APP004885,APP003231,69.2,FUZZY,100.0,64.0,0.0,AUTO_APPROVE,False
APP004886,APP009188,50.81,FUZZY,62.5,51.85,20.0,AUTO_APPROVE,False
APP004887,APP000682,65.22,FUZZY,100.0,50.75,0.0,AUTO_APPROVE,False
APP004888,APP003636,66.86,FUZZY,85.71,66.67,20.0,AUTO_APPROVE,False
APP004889,APP006047,63.33,FUZZY,69.57,45.16,75.0,AUTO_APPROVE,False
APP004890,APP001648,66.59,FUZZY,72.73,50.75,75.0,AUTO_APPROVE,False
APP004891,APP000875,100.0,EXACT_PAN,94.44,100.0,75.0,AUTO_REJECT,True
APP004892,APP002029,64.13,FUZZY,42.86,75.68,100.0,AUTO_APPROVE,False
APP004893,APP006648,67.52,FUZZY,100.0,45.07,20.0,AUTO_APPROVE,False
APP004894,APP007891,60.91,FUZZY,100.0,36.36,0.0,AUTO_APPROVE,False
APP004895,APP006610,95.06,FUZZY,94.12,100.0,90.0,AUTO_REJECT,True
APP004896,APP000815,60.65,FUZZY,90.91,37.33,20.0,AUTO_APPROVE,False
APP004897,APP001519,60.77,FUZZY,61.54,100.0,0.0,AUTO_APPROVE,False
APP004898,APP001905,63.14,FUZZY,64.52,52.94,75.0,AUTO_APPROVE,False
APP004899,APP006274,80.72,FUZZY,87.8,72.73,75.0,FLAG_FOR_REVIEW,False
APP004900,APP002950,65.25,FUZZY,100.0,50.85,0.0,AUTO_APPROVE,False
APP004901,APP004802,70.6,FUZZY,76.92,57.14,75.0,AUTO_APPROVE,False
APP004902,APP008834,67.08,FUZZY,77.78,80.65,20.0,AUTO_APPROVE,False
APP004903,APP002301,59.26,FUZZY,81.48,48.39,20.0,AUTO_APPROVE,False
APP004904,APP006072,58.57,FUZZY,57.14,100.0,0.0,AUTO_APPROVE,False
APP004905,APP008922,62.58,FUZZY,100.0,41.94,0.0,AUTO_APPROVE,False
APP004906,APP006851,64.12,FUZZY,66.67,52.63,75.0,AUTO_APPROVE,False
APP004907,APP003060,98.0,FUZZY,100.0,100.0,90.0,AUTO_REJECT,True
APP004908,APP004361,61.27,FUZZY,64.71,46.38,75.0,AUTO_APPROVE,False
APP004909,APP008352,61.25,FUZZY,62.5,100.0,0.0,AUTO_APPROVE,False
APP004910,APP006351,62.55,FUZZY,83.87,55.38,20.0,AUTO_APPROVE,False
APP004911,APP002802,73.11,FUZZY,82.35,93.1,20.0,AUTO_APPROVE,False
APP004912,APP009013,64.49,FUZZY,66.67,53.85,75.0,AUTO_APPROVE,False
APP004913,APP005677,53.86,FUZZY,66.67,55.07,20.0,AUTO_APPROVE,False
APP004914,APP002956,59.38,FUZZY,80.0,51.28,20.0,AUTO_APPROVE,False
APP004915,APP008778,67.21,FUZZY,92.68,69.57,0.0,AUTO_APPROVE,False
APP004916,APP009363,64.51,FUZZY,83.87,61.9,20.0,AUTO_APPROVE,False
APP004917,APP000898,62.54,FUZZY,62.5,54.29,75.0,AUTO_APPROVE,False
APP004918,APP006677,60.72,FUZZY,66.67,77.97,20.0,AUTO_APPROVE,False
APP004919,APP008468,97.62,FUZZY,95.24,100.0,100.0,AUTO_REJECT,True
APP004920,APP008783,100.0,EXACT_PAN,94.44,100.0,75.0,AUTO_REJECT,True
APP004921,APP005108,66.55,FUZZY,100.0,55.17,0.0,AUTO_APPROVE,False
APP004922,APP003510,69.78,FUZZY,88.24,72.22,20.0,AUTO_APPROVE,False
APP004923,,0.0,NO_MATCH,0.0,0.0,0.0,AUTO_APPROVE,False
APP004924,APP001627,96.88,FUZZY,93.75,100.0,100.0,AUTO_REJECT,True
APP004925,APP006585,55.79,FUZZY,58.82,37.93,75.0,AUTO_APPROVE,False
APP004926,APP006998,69.6,FUZZY,82.76,44.07,75.0,AUTO_APPROVE,False
APP004927,APP009737,62.14,FUZZY,70.59,39.47,75.0,AUTO_APPROVE,False
APP004928,APP008816,98.28,FUZZY,96.55,100.0,100.0,AUTO_REJECT,True
APP004929,APP004626,59.49,FUZZY,76.92,56.76,20.0,AUTO_APPROVE,False
APP004930,APP006669,59.71,FUZZY,51.85,45.95,100.0,AUTO_APPROVE,False
APP004931,APP002765,67.92,FUZZY,100.0,59.74,0.0,AUTO_APPROVE,False
APP004932,APP004500,61.82,FUZZY,100.0,39.39,0.0,AUTO_APPROVE,False
APP004933,APP004482,69.76,FUZZY,66.67,71.43,75.0,AUTO_APPROVE,False
APP004934,APP008585,61.51,FUZZY,100.0,38.36,0.0,AUTO_APPROVE,False
APP004935,APP009513,62.57,FUZZY,100.0,28.57,20.0,AUTO_APPROVE,False
APP004936,APP003924,64.48,FUZZY,100.0,48.28,0.0,AUTO_APPROVE,False
APP004937,APP008380,66.0,FUZZY,100.0,40.0,20.0,AUTO_APPROVE,False
APP004938,APP003671,65.19,FUZZY,100.0,50.63,0.0,AUTO_APPROVE,False
APP004939,APP001431,60.83,FUZZY,62.86,48.0,75.0,AUTO_APPROVE,False
APP004940,APP009709,60.31,FUZZY,100.0,34.38,0.0,AUTO_APPROVE,False
APP004941,APP001519,63.44,FUZZY,64.0,54.79,75.0,AUTO_APPROVE,False
APP004942,APP000482,93.84,FUZZY,97.67,100.0,75.0,AUTO_REJECT,True
APP004943,APP005783,64.37,FUZZY,100.0,47.89,0.0,AUTO_APPROVE,False
APP004944,APP001561,62.85,FUZZY,61.54,93.62,20.0,AUTO_APPROVE,False
APP004945,APP002550,67.59,FUZZY,66.67,64.2,75.0,AUTO_APPROVE,False
APP004946,APP007396,52.09,FUZZY,61.11,58.46,20.0,AUTO_APPROVE,False
APP004947,APP008127,65.9,FUZZY,85.71,63.49,20.0,AUTO_APPROVE,False
APP004948,APP001549,63.74,FUZZY,70.27,45.33,75.0,AUTO_APPROVE,False
APP004949,APP002875,70.69,FUZZY,100.0,68.97,0.0,AUTO_APPROVE,False
APP004950,APP000607,100.0,EXACT_PAN,94.12,100.0,90.0,AUTO_REJECT,True
APP004951,APP005336,58.82,FUZZY,83.33,43.84,20.0,AUTO_APPROVE,False
APP004952,APP000140,71.43,FUZZY,100.0,71.43,0.0,AUTO_APPROVE,False
APP004953,APP002206,59.01,FUZZY,78.79,52.05,20.0,AUTO_APPROVE,False
APP004954,APP003792,69.13,FUZZY,66.67,69.33,75.0,AUTO_APPROVE,False
APP004955,APP006037,69.6,FUZZY,100.0,52.0,20.0,AUTO_APPROVE,False
APP004956,APP005127,100.0,EXACT_PAN,100.0,100.0,75.0,AUTO_REJECT,True
APP004957,APP006882,62.0,FUZZY,100.0,40.0,0.0,AUTO_APPROVE,False
APP004958,APP009667,66.79,FUZZY,100.0,42.62,20.0,AUTO_APPROVE,False
APP004959,APP009906,97.0,EXACT_PHONE,100.0,100.0,75.0,AUTO_REJECT,True
APP004960,APP000329,66.25,FUZZY,69.77,54.55,75.0,AUTO_APPROVE,False
APP004961,APP009091,66.36,FUZZY,72.73,100.0,0.0,AUTO_APPROVE,False
APP004962,APP008728,57.48,FUZZY,81.25,42.86,20.0,AUTO_APPROVE,False
APP004963,APP001944,64.84,FUZZY,86.49,58.67,20.0,AUTO_APPROVE,False
APP004964,APP007008,73.45,FUZZY,100.0,78.16,0.0,AUTO_APPROVE,False
APP004965,APP001084,64.66,FUZZY,78.57,71.23,20.0,AUTO_APPROVE,False
APP004966,APP005570,57.62,FUZZY,100.0,25.4,0.0,AUTO_APPROVE,False
APP004967,APP001077,61.39,FUZZY,58.82,56.6,75.0,AUTO_APPROVE,False
APP004968,APP008435,93.65,FUZZY,97.3,100.0,75.0,AUTO_REJECT,True
APP004969,APP008599,71.9,FUZZY,61.54,87.1,75.0,AUTO_APPROVE,False
APP004970,APP005962,63.97,FUZZY,62.86,58.46,75.0,AUTO_APPROVE,False
APP004971,APP000617,67.27,FUZZY,100.0,57.58,0.0,AUTO_APPROVE,False
APP004972,APP005343,62.87,FUZZY,58.82,61.54,75.0,AUTO_APPROVE,False
APP004973,APP007611,54.93,FUZZY,36.36,55.81,100.0,AUTO_APPROVE,False
APP004974,APP001787,55.73,FUZZY,83.87,32.65,20.0,AUTO_APPROVE,False
APP004975,APP002680,70.62,FUZZY,100.0,68.75,0.0,AUTO_APPROVE,False
APP004976,APP004112,62.58,FUZZY,100.0,41.94,0.0,AUTO_APPROVE,False
APP004977,APP002632,57.59,FUZZY,59.46,92.86,0.0,AUTO_APPROVE,False
APP004978,APP004937,61.65,FUZZY,58.82,94.12,20.0,AUTO_APPROVE,False
APP004979,APP007934,58.47,FUZZY,52.94,40.0,100.0,AUTO_APPROVE,False
APP004980,APP000818,58.78,FUZZY,78.26,52.17,20.0,AUTO_APPROVE,False
APP004981,,0.0,NO_MATCH,0.0,0.0,0.0,AUTO_APPROVE,False
APP004982,APP003298,74.27,FUZZY,86.67,53.12,75.0,AUTO_APPROVE,False
APP004983,APP005823,60.5,FUZZY,64.71,80.49,20.0,AUTO_APPROVE,False
APP004984,APP009631,70.32,FUZZY,100.0,67.74,0.0,AUTO_APPROVE,False
APP004985,APP003628,67.69,FUZZY,66.67,64.52,75.0,AUTO_APPROVE,False
APP004986,APP002702,71.03,FUZZY,100.0,56.76,20.0,AUTO_APPROVE,False
APP004987,APP000159,96.57,FUZZY,97.14,100.0,90.0,AUTO_REJECT,True
APP004988,APP003353,100.0,EXACT_PAN,97.44,100.0,75.0,AUTO_REJECT,True
APP004989,APP006310,66.22,FUZZY,100.0,54.05,0.0,AUTO_APPROVE,False
APP004990,APP001562,62.54,FUZZY,100.0,41.79,0.0,AUTO_APPROVE,False
APP004991,APP004469,63.33,FUZZY,70.0,44.44,75.0,AUTO_APPROVE,False
APP004992,APP006336,68.32,FUZZY,85.0,36.07,75.0,AUTO_APPROVE,False
APP004993,APP006469,53.7,FUZZY,72.73,44.44,20.0,AUTO_APPROVE,False
APP004994,APP006292,67.5,FUZZY,100.0,58.33,0.0,AUTO_APPROVE,False
APP004995,APP005469,68.0,FUZZY,100.0,60.0,0.0,AUTO_APPROVE,False
APP004996,APP005465,100.0,EXACT_PAN,97.14,100.0,90.0,AUTO_REJECT,True
APP004997,APP009553,66.88,FUZZY,100.0,56.25,0.0,AUTO_APPROVE,False
APP004998,APP006825,100.0,EXACT_PAN,96.0,100.0,100.0,AUTO_REJECT,True
APP004999,APP005057,73.42,FUZZY,90.0,28.07,100.0,AUTO_APPROVE,True
APP005000,APP004518,63.78,FUZZY,100.0,45.95,0.0,AUTO_APPROVE,False
APP005001,APP001563,97.0,EXACT_PHONE,96.97,100.0,90.0,AUTO_REJECT,True
APP005002,APP003288,69.35,FUZZY,100.0,64.52,0.0,AUTO_APPROVE,False
APP005003,APP003862,67.87,FUZZY,100.0,59.57,0.0,AUTO_APPROVE,False
APP005004,APP003397,64.52,FUZZY,100.0,48.39,0.0,AUTO_APPROVE,False
APP005005,APP005103,93.45,FUZZY,90.91,100.0,90.0,AUTO_REJECT,True
APP005006,APP005137,98.48,FUZZY,96.97,100.0,100.0,AUTO_REJECT,True
APP005007,APP004730,55.33,FUZZY,51.61,31.75,100.0,AUTO_APPROVE,False
APP005008,APP002192,70.08,FUZZY,54.05,93.51,75.0,AUTO_APPROVE,False
APP005009,APP000115,65.33,FUZZY,66.67,93.33,20.0,AUTO_APPROVE,False
APP005010,APP001862,100.0,FUZZY,100.0,100.0,100.0,AUTO_REJECT,True
APP005011,APP007870,78.97,FUZZY,92.22,42.86,100.0,AUTO_APPROVE,True
APP005012,APP009644,66.47,FUZZY,100.0,54.9,0.0,AUTO_APPROVE,False
APP005013,APP005775,56.57,FUZZY,74.29,51.43,20.0,AUTO_APPROVE,False
APP005014,APP005534,63.85,FUZZY,73.33,40.62,75.0,AUTO_APPROVE,False
APP005015,APP003464,100.0,EXACT_PAN,91.67,100.0,75.0,AUTO_REJECT,True
APP005016,APP009063,60.91,FUZZY,100.0,36.36,0.0,AUTO_APPROVE,False
APP005017,APP009688,67.19,FUZZY,85.0,68.97,20.0,AUTO_APPROVE,False
APP005018,APP007302,64.95,FUZZY,66.67,55.38,75.0,AUTO_APPROVE,False
APP005019,APP000519,55.67,FUZZY,70.97,53.97,20.0,AUTO_APPROVE,False
APP005020,APP002780,54.32,FUZZY,64.52,73.53,0.0,AUTO_APPROVE,False
APP005021,APP006552,80.0,FUZZY,100.0,100.0,0.0,FLAG_FOR_REVIEW,False
APP005022,APP001681,92.22,FUZZY,94.44,100.0,75.0,AUTO_REJECT,True
APP005023,APP007288,67.14,FUZZY,100.0,57.14,0.0,AUTO_APPROVE,False
APP005024,APP005294,53.63,FUZZY,59.26,66.67,20.0,AUTO_APPROVE,False
APP005025,APP007793,67.72,FUZZY,62.86,70.97,75.0,AUTO_APPROVE,False
APP005026,APP008157,100.0,EXACT_PAN,93.33,100.0,100.0,AUTO_REJECT,True
APP005027,APP002565,64.55,FUZZY,100.0,48.48,0.0,AUTO_APPROVE,False
APP005028,APP007626,70.31,FUZZY,84.44,43.64,75.0,AUTO_APPROVE,False
APP005029,APP003437,100.0,EXACT_PAN,95.0,100.0,100.0,AUTO_REJECT,True
APP005030,APP008651,63.55,FUZZY,100.0,45.16,0.0,AUTO_APPROVE,False
APP005031,APP009708,66.67,FUZZY,100.0,55.56,0.0,AUTO_APPROVE,False
APP005032,APP008219,58.73,FUZZY,100.0,29.09,0.0,AUTO_APPROVE,False
APP005033,APP003195,54.66,FUZZY,55.17,76.92,20.0,AUTO_APPROVE,False
APP005034,APP009276,64.06,FUZZY,100.0,46.88,0.0,AUTO_APPROVE,False
APP005035,APP007583,67.5,FUZZY,100.0,58.33,0.0,AUTO_APPROVE,False
APP005036,APP006192,70.08,FUZZY,85.71,77.42,20.0,AUTO_APPROVE,False
APP005037,APP003253,57.36,FUZZY,51.61,55.17,75.0,AUTO_APPROVE,False
APP005038,APP001964,76.74,FUZZY,64.86,81.01,100.0,AUTO_APPROVE,False
APP005039,APP003418,62.54,FUZZY,100.0,41.79,0.0,AUTO_APPROVE,False
APP005040,APP006932,62.63,FUZZY,100.0,42.11,0.0,AUTO_APPROVE,False
APP005041,APP001110,67.5,FUZZY,66.67,63.89,75.0,AUTO_APPROVE,False
APP005042,APP000006,59.09,FUZZY,50.0,63.64,75.0,AUTO_APPROVE,False
APP005043,APP008010,66.33,FUZZY,66.67,60.0,75.0,AUTO_APPROVE,False
APP005044,APP007408,63.05,FUZZY,85.0,55.17,20.0,AUTO_APPROVE,False
APP005045,APP002567,57.74,FUZZY,57.14,47.22,75.0,AUTO_APPROVE,False
APP005046,APP006740,62.2,FUZZY,82.05,70.59,0.0,AUTO_APPROVE,False
APP005047,APP006817,68.37,FUZZY,100.0,61.22,0.0,AUTO_APPROVE,False
APP005048,APP008410,58.52,FUZZY,83.87,41.94,20.0,AUTO_APPROVE,False
APP005049,APP006984,67.91,FUZZY,100.0,46.38,20.0,AUTO_APPROVE,False
APP005050,APP008119,72.33,FUZZY,100.0,74.42,0.0,AUTO_APPROVE,False
APP005051,APP005075,61.43,FUZZY,100.0,38.1,0.0,AUTO_APPROVE,False
APP005052,APP005707,97.0,EXACT_PHONE,100.0,100.0,75.0,AUTO_REJECT,True
APP005053,APP009441,69.21,FUZZY,81.48,81.58,20.0,AUTO_APPROVE,False
APP005054,APP004131,70.53,FUZZY,64.71,77.27,75.0,AUTO_APPROVE,False
APP005055,APP006841,95.0,FUZZY,100.0,100.0,75.0,AUTO_REJECT,True
APP005056,APP007775,60.56,FUZZY,66.67,40.74,75.0,AUTO_APPROVE,False
APP005057,APP004999,73.42,FUZZY,90.0,28.07,100.0,AUTO_APPROVE,True
APP005058,APP008420,59.13,FUZZY,66.67,36.0,75.0,AUTO_APPROVE,False
APP005059,APP002641,63.5,FUZZY,100.0,45.0,0.0,AUTO_APPROVE,False
APP005060,APP009358,65.59,FUZZY,94.62,47.62,20.0,AUTO_APPROVE,False
APP005061,APP003272,64.38,FUZZY,68.75,100.0,0.0,AUTO_APPROVE,False
APP005062,APP008776,63.13,FUZZY,78.95,65.52,20.0,AUTO_APPROVE,False
APP005063,APP000907,65.56,FUZZY,100.0,51.85,0.0,AUTO_APPROVE,False
APP005064,APP005574,75.14,FUZZY,100.0,33.8,75.0,AUTO_APPROVE,False
APP005065,APP002665,76.94,FUZZY,83.87,66.67,75.0,AUTO_APPROVE,False
APP005066,APP008770,59.68,FUZZY,66.67,37.84,75.0,AUTO_APPROVE,False
APP005067,APP008668,72.44,FUZZY,72.0,54.79,100.0,AUTO_APPROVE,False
APP005068,APP008673,97.0,EXACT_PHONE,97.14,100.0,100.0,AUTO_REJECT,True
APP005069,APP004053,59.2,FUZZY,75.0,59.02,20.0,AUTO_APPROVE,False
APP005070,APP005207,67.98,FUZZY,52.63,72.22,100.0,AUTO_APPROVE,False
APP005071,APP008986,66.59,FUZZY,66.67,60.87,75.0,AUTO_APPROVE,False
APP005072,APP008224,67.78,FUZZY,88.89,27.78,75.0,AUTO_APPROVE,False
APP005073,APP002732,57.95,FUZZY,62.5,75.68,20.0,AUTO_APPROVE,False
APP005074,APP007101,65.83,FUZZY,43.24,80.7,100.0,AUTO_APPROVE,False
APP005075,APP007064,64.79,FUZZY,52.63,78.26,75.0,AUTO_APPROVE,False
APP005076,APP002684,65.78,FUZZY,54.05,62.5,100.0,AUTO_APPROVE,False
APP005077,APP003373,100.0,FUZZY,100.0,100.0,100.0,AUTO_REJECT,True
APP005078,APP008171,61.94,FUZZY,83.87,53.33,20.0,AUTO_APPROVE,False
APP005079,APP001858,97.0,EXACT_PHONE,95.65,100.0,75.0,AUTO_REJECT,True
APP005080,APP003018,51.32,FUZZY,47.37,42.11,75.0,AUTO_APPROVE,False
APP005081,APP001273,64.78,FUZZY,100.0,49.28,0.0,AUTO_APPROVE,False
APP005082,APP004865,78.92,FUZZY,100.0,29.73,100.0,AUTO_APPROVE,True
APP005083,APP003190,70.79,FUZZY,60.61,68.29,100.0,AUTO_APPROVE,False
APP005084,APP003427,63.45,FUZZY,100.0,44.83,0.0,AUTO_APPROVE,False
APP005085,APP000892,60.36,FUZZY,81.48,52.05,20.0,AUTO_APPROVE,False
APP005086,APP009465,78.04,FUZZY,100.0,43.48,75.0,AUTO_APPROVE,False
APP005087,APP006584,100.0,EXACT_PAN,97.56,100.0,75.0,AUTO_REJECT,True
APP005088,APP001014,97.62,FUZZY,95.24,100.0,100.0,AUTO_REJECT,True
APP005089,APP001919,100.0,EXACT_PAN,95.24,100.0,75.0,AUTO_REJECT,True
APP005090,APP000309,66.15,FUZZY,100.0,53.85,0.0,AUTO_APPROVE,False
APP005091,APP007682,51.45,FUZZY,60.61,57.14,20.0,AUTO_APPROVE,False
APP005092,APP005351,63.33,FUZZY,100.0,44.44,0.0,AUTO_APPROVE,False
APP005093,APP004721,68.24,FUZZY,80.0,44.12,75.0,AUTO_APPROVE,False
APP005094,APP008401,98.57,FUZZY,97.14,100.0,100.0,AUTO_REJECT,True
APP005095,APP003446,64.57,FUZZY,84.21,61.54,20.0,AUTO_APPROVE,False
APP005096,APP005023,63.13,FUZZY,78.26,66.67,20.0,AUTO_APPROVE,False
APP005097,APP009791,61.8,FUZZY,100.0,39.34,0.0,AUTO_APPROVE,False
APP005098,APP008619,64.74,FUZZY,100.0,49.12,0.0,AUTO_APPROVE,False
APP005099,APP004934,61.35,FUZZY,100.0,37.84,0.0,AUTO_APPROVE,False
APP005100,APP007785,70.43,FUZZY,75.86,58.33,75.0,AUTO_APPROVE,False
APP005101,APP005448,98.65,FUZZY,97.3,100.0,100.0,AUTO_REJECT,True
APP005102,APP004312,69.11,FUZZY,86.49,26.23,90.0,AUTO_APPROVE,False
APP005103,APP005005,93.45,FUZZY,90.91,100.0,90.0,AUTO_REJECT,True
APP005104,APP000528,97.5,FUZZY,95.0,100.0,100.0,AUTO_REJECT,True
APP005105,APP001563,61.18,FUZZY,82.35,66.67,0.0,AUTO_APPROVE,False
APP005106,APP003380,67.64,FUZZY,100.0,45.45,20.0,AUTO_APPROVE,False
APP005107,APP009874,73.02,FUZZY,100.0,63.41,20.0,AUTO_APPROVE,False
APP005108,APP008671,100.0,EXACT_PAN,93.75,100.0,75.0,AUTO_REJECT,True
APP005109,APP007849,61.73,FUZZY,54.05,65.67,75.0,AUTO_APPROVE,False
APP005110,APP009244,62.66,FUZZY,88.24,48.48,20.0,AUTO_APPROVE,False
APP005111,APP007859,64.12,FUZZY,100.0,47.06,0.0,AUTO_APPROVE,False
APP005112,APP005530,59.65,FUZZY,62.86,44.07,75.0,AUTO_APPROVE,False
APP005113,APP001818,100.0,FUZZY,100.0,100.0,100.0,AUTO_REJECT,True
APP005114,APP000591,54.49,FUZZY,70.59,50.67,20.0,AUTO_APPROVE,False
APP005115,APP009303,63.71,FUZZY,100.0,32.35,20.0,AUTO_APPROVE,False
APP005116,APP000076,63.24,FUZZY,66.67,86.36,20.0,AUTO_APPROVE,False
APP005117,APP005540,100.0,EXACT_PAN,95.0,100.0,100.0,AUTO_REJECT,True
APP005118,APP006687,67.66,FUZZY,63.16,70.27,75.0,AUTO_APPROVE,False
APP005119,APP004613,60.27,FUZZY,83.87,61.11,0.0,AUTO_APPROVE,False
APP005120,APP009675,100.0,EXACT_PAN,94.44,100.0,75.0,AUTO_REJECT,True
APP005121,APP006356,55.37,FUZZY,52.17,47.62,75.0,AUTO_APPROVE,False
APP005122,APP007455,59.63,FUZZY,76.47,57.97,20.0,AUTO_APPROVE,False
APP005123,APP001882,67.11,FUZZY,60.0,73.68,75.0,AUTO_APPROVE,False
APP005124,APP008010,98.72,FUZZY,97.44,100.0,100.0,AUTO_REJECT,True
APP005125,APP004544,95.0,FUZZY,100.0,100.0,75.0,AUTO_REJECT,True
APP005126,APP005711,56.98,FUZZY,81.25,41.18,20.0,AUTO_APPROVE,False
APP005127,APP004956,100.0,EXACT_PAN,100.0,100.0,75.0,AUTO_REJECT,True
APP005128,APP005969,62.82,FUZZY,82.35,58.82,20.0,AUTO_APPROVE,False
APP005129,APP000181,63.78,FUZZY,82.05,62.5,20.0,AUTO_APPROVE,False
APP005130,APP007285,67.42,FUZZY,100.0,58.06,0.0,AUTO_APPROVE,False
APP005131,APP009477,66.34,FUZZY,81.25,35.71,75.0,AUTO_APPROVE,False
APP005132,APP008271,66.58,FUZZY,100.0,55.26,0.0,AUTO_APPROVE,False
APP005133,APP001375,97.0,EXACT_PHONE,100.0,100.0,75.0,AUTO_REJECT,True
APP005134,APP007035,73.27,FUZZY,100.0,77.55,0.0,AUTO_APPROVE,False
APP005135,APP007887,54.9,FUZZY,63.16,64.41,20.0,AUTO_APPROVE,False
APP005136,APP004441,63.35,FUZZY,62.86,56.41,75.0,AUTO_APPROVE,False
APP005137,APP005006,98.48,FUZZY,96.97,100.0,100.0,AUTO_REJECT,True
APP005138,APP007762,64.76,FUZZY,62.86,44.44,100.0,AUTO_APPROVE,False
APP005139,APP003370,61.0,FUZZY,100.0,36.67,0.0,AUTO_APPROVE,False
APP005140,APP002500,95.0,FUZZY,100.0,100.0,75.0,AUTO_REJECT,True
APP005141,APP003814,55.57,FUZZY,58.06,38.46,75.0,AUTO_APPROVE,False
APP005142,APP007188,65.32,FUZZY,77.42,38.71,75.0,AUTO_APPROVE,False
APP005143,APP008249,64.8,FUZZY,64.86,57.89,75.0,AUTO_APPROVE,False
APP005144,APP008172,59.0,FUZZY,80.0,50.0,20.0,AUTO_APPROVE,False
APP005145,APP008480,53.5,FUZZY,62.07,61.54,20.0,AUTO_APPROVE,False
APP005146,APP009547,66.88,FUZZY,100.0,56.25,0.0,AUTO_APPROVE,False
APP005147,APP009373,97.0,EXACT_PHONE,97.56,100.0,75.0,AUTO_REJECT,True
APP005148,APP004113,67.85,FUZZY,100.0,46.15,20.0,AUTO_APPROVE,False
APP005149,APP007609,60.38,FUZZY,59.46,52.17,75.0,AUTO_APPROVE,False
APP005150,APP005790,65.18,FUZZY,80.0,70.59,20.0,AUTO_APPROVE,False
APP005151,APP004028,59.38,FUZZY,100.0,31.25,0.0,AUTO_APPROVE,False
APP005152,APP009683,63.42,FUZZY,100.0,44.74,0.0,AUTO_APPROVE,False
APP005153,APP002978,72.5,FUZZY,75.0,66.67,75.0,AUTO_APPROVE,False
APP005154,APP000805,100.0,FUZZY,100.0,100.0,100.0,AUTO_REJECT,True
APP005155,APP007449,64.17,FUZZY,66.67,52.78,75.0,AUTO_APPROVE,False
APP005156,APP003116,67.5,FUZZY,75.0,100.0,0.0,AUTO_APPROVE,False
APP005157,APP000699,58.25,FUZZY,84.62,53.12,0.0,AUTO_APPROVE,False
APP005158,APP001173,62.0,FUZZY,100.0,40.0,0.0,AUTO_APPROVE,False
APP005159,APP005339,67.11,FUZZY,63.16,68.42,75.0,AUTO_APPROVE,False
APP005160,APP008119,71.78,FUZZY,100.0,59.26,20.0,AUTO_APPROVE,False
APP005161,APP009595,75.5,FUZZY,100.0,85.0,0.0,AUTO_APPROVE,False
APP005162,APP005663,70.0,FUZZY,100.0,66.67,0.0,AUTO_APPROVE,False
APP005163,APP002459,100.0,EXACT_PAN,94.74,100.0,75.0,AUTO_REJECT,True
APP005164,APP008056,60.18,FUZZY,54.05,43.84,100.0,AUTO_APPROVE,False
APP005165,APP003747,71.19,FUZZY,68.75,72.73,75.0,AUTO_APPROVE,False
APP005166,APP005977,67.46,FUZZY,82.35,74.29,20.0,AUTO_APPROVE,False
APP005167,APP004142,71.77,FUZZY,74.07,65.79,75.0,AUTO_APPROVE,False
APP005168,APP008040,54.28,FUZZY,53.85,41.18,75.0,AUTO_APPROVE,False
APP005169,APP009044,57.75,FUZZY,85.0,37.5,20.0,AUTO_APPROVE,False
APP005170,APP009120,65.08,FUZZY,63.64,60.87,75.0,AUTO_APPROVE,False
APP005171,APP001521,65.38,FUZZY,100.0,51.28,0.0,AUTO_APPROVE,False
APP005172,APP000733,63.95,FUZZY,66.67,52.05,75.0,AUTO_APPROVE,False
APP005173,APP009698,67.65,FUZZY,72.73,54.29,75.0,AUTO_APPROVE,False
APP005174,APP007898,60.29,FUZZY,100.0,34.29,0.0,AUTO_APPROVE,False
APP005175,APP000591,62.71,FUZZY,100.0,29.03,20.0,AUTO_APPROVE,False
APP005176,APP007028,60.31,FUZZY,100.0,34.38,0.0,AUTO_APPROVE,False
APP005177,APP008976,97.06,FUZZY,94.12,100.0,100.0,AUTO_REJECT,True
APP005178,APP009252,97.0,EXACT_PHONE,91.67,100.0,75.0,AUTO_REJECT,True
APP005179,APP008401,53.44,FUZZY,72.22,44.44,20.0,AUTO_APPROVE,False
APP005180,APP002451,59.71,FUZZY,63.41,80.0,20.0,AUTO_APPROVE,False
APP005181,APP002536,59.52,FUZZY,100.0,31.75,0.0,AUTO_APPROVE,False
APP005182,APP007026,66.04,FUZZY,76.92,41.94,75.0,AUTO_APPROVE,False
APP005183,APP006141,65.82,FUZZY,50.0,69.39,100.0,AUTO_APPROVE,False
APP005184,APP009545,54.68,FUZZY,58.33,71.7,20.0,AUTO_APPROVE,False
APP005185,APP009082,62.92,FUZZY,100.0,43.08,0.0,AUTO_APPROVE,False
APP005186,APP002507,63.96,FUZZY,69.77,36.92,90.0,AUTO_APPROVE,False
APP005187,,0.0,NO_MATCH,0.0,0.0,0.0,AUTO_APPROVE,False
APP005188,APP007830,61.54,FUZZY,100.0,38.46,0.0,AUTO_APPROVE,False
APP005189,APP007286,66.0,FUZZY,100.0,40.0,20.0,AUTO_APPROVE,False
APP005190,APP005885,66.91,FUZZY,58.82,75.0,75.0,AUTO_APPROVE,False
APP005191,APP004095,55.83,FUZZY,80.0,52.78,0.0,AUTO_APPROVE,False
APP005192,APP001083,59.29,FUZZY,62.86,42.86,75.0,AUTO_APPROVE,False
APP005193,APP004721,61.69,FUZZY,100.0,38.96,0.0,AUTO_APPROVE,False
APP005194,APP004721,64.51,FUZZY,76.92,36.84,75.0,AUTO_APPROVE,False
APP005195,APP001134,57.43,FUZZY,80.0,44.78,20.0,AUTO_APPROVE,False
APP005196,APP003221,54.12,FUZZY,83.87,40.62,0.0,AUTO_APPROVE,False
APP005197,APP000411,70.85,FUZZY,80.0,52.83,75.0,AUTO_APPROVE,False
APP005198,APP006971,64.54,FUZZY,84.85,60.38,20.0,AUTO_APPROVE,False
APP005199,APP005737,100.0,EXACT_PAN,100.0,100.0,100.0,AUTO_REJECT,True
APP005200,APP004859,64.75,FUZZY,100.0,49.18,0.0,AUTO_APPROVE,False
APP005201,APP002180,100.0,EXACT_PAN,95.0,100.0,100.0,AUTO_REJECT,True
APP005202,APP009977,63.33,FUZZY,100.0,44.44,0.0,AUTO_APPROVE,False
APP005203,APP001385,63.85,FUZZY,100.0,46.15,0.0,AUTO_APPROVE,False
APP005204,APP002300,63.91,FUZZY,100.0,46.38,0.0,AUTO_APPROVE,False
APP005205,APP002409,65.59,FUZZY,66.67,57.53,75.0,AUTO_APPROVE,False
APP005206,APP002805,100.0,EXACT_PAN,93.33,100.0,100.0,AUTO_REJECT,True
APP005207,APP005070,67.98,FUZZY,52.63,72.22,100.0,AUTO_APPROVE,False
APP005208,APP007377,62.19,FUZZY,75.0,68.97,20.0,AUTO_APPROVE,False
APP005209,APP000582,70.4,FUZZY,100.0,68.0,0.0,AUTO_APPROVE,False
APP005210,APP000610,64.12,FUZZY,100.0,47.06,0.0,AUTO_APPROVE,False
APP005211,APP003306,58.31,FUZZY,100.0,27.69,0.0,AUTO_APPROVE,False
APP005212,APP009730,55.02,FUZZY,82.76,45.45,0.0,AUTO_APPROVE,False
APP005213,APP007427,65.2,FUZZY,100.0,50.67,0.0,AUTO_APPROVE,False
APP005214,APP007836,73.22,FUZZY,82.76,56.14,75.0,AUTO_APPROVE,False
APP005215,APP004160,63.33,FUZZY,66.67,100.0,0.0,AUTO_APPROVE,False
APP005216,APP008398,63.55,FUZZY,100.0,45.16,0.0,AUTO_APPROVE,False
APP005217,APP001061,100.0,FUZZY,100.0,100.0,100.0,AUTO_REJECT,True
APP005218,APP008675,70.06,FUZZY,85.71,77.33,20.0,AUTO_APPROVE,False
APP005219,APP000496,63.77,FUZZY,82.35,61.97,20.0,AUTO_APPROVE,False
APP005220,APP005089,67.43,FUZZY,58.54,60.53,100.0,AUTO_APPROVE,False
APP005221,APP008600,63.08,FUZZY,38.71,79.07,100.0,AUTO_APPROVE,False
APP005222,APP002228,61.8,FUZZY,100.0,39.34,0.0,AUTO_APPROVE,False
APP005223,APP009144,71.18,FUZZY,100.0,70.59,0.0,AUTO_APPROVE,False
APP005224,APP003527,64.74,FUZZY,100.0,49.12,0.0,AUTO_APPROVE,False
APP005225,APP000883,60.3,FUZZY,60.61,100.0,0.0,AUTO_APPROVE,False
APP005226,APP008200,56.25,FUZZY,60.87,36.07,75.0,AUTO_APPROVE,False
APP005227,APP009332,75.16,FUZZY,90.32,50.0,75.0,AUTO_APPROVE,False
APP005228,APP000417,61.12,FUZZY,66.67,42.62,75.0,AUTO_APPROVE,False
APP005229,APP009202,70.53,FUZZY,100.0,68.42,0.0,AUTO_APPROVE,False
APP005230,APP008354,60.42,FUZZY,62.5,47.22,75.0,AUTO_APPROVE,False
APP005231,APP001959,55.71,FUZZY,28.57,71.43,100.0,AUTO_APPROVE,False
APP005232,APP005696,58.0,FUZZY,71.79,73.68,0.0,AUTO_APPROVE,False
APP005233,APP006883,68.23,FUZZY,100.0,60.76,0.0,AUTO_APPROVE,False
APP005234,APP002541,64.06,FUZZY,100.0,46.88,0.0,AUTO_APPROVE,False
APP005235,APP003789,64.78,FUZZY,100.0,49.28,0.0,AUTO_APPROVE,False
APP005236,APP002276,67.25,FUZZY,82.35,36.92,75.0,AUTO_APPROVE,False
APP005237,APP009145,56.49,FUZZY,60.61,73.97,20.0,AUTO_APPROVE,False
APP005238,APP009111,54.23,FUZZY,81.25,32.0,20.0,AUTO_APPROVE,False
APP005239,APP006339,68.1,FUZZY,76.19,100.0,0.0,AUTO_APPROVE,False
APP005240,APP005780,57.9,FUZZY,53.66,53.57,75.0,AUTO_APPROVE,False
APP005241,APP000854,100.0,EXACT_PAN,96.3,100.0,75.0,AUTO_REJECT,True
APP005242,APP007268,54.85,FUZZY,70.59,51.85,20.0,AUTO_APPROVE,False
APP005243,APP008724,55.91,FUZZY,76.92,44.83,20.0,AUTO_APPROVE,False
APP005244,APP003931,75.31,FUZZY,100.0,34.38,75.0,AUTO_APPROVE,True
APP005245,APP006708,57.33,FUZZY,80.0,44.44,20.0,AUTO_APPROVE,False
APP005246,APP006915,100.0,EXACT_PAN,100.0,100.0,100.0,AUTO_REJECT,True
APP005247,APP004161,57.78,FUZZY,80.0,45.95,20.0,AUTO_APPROVE,False
APP005248,APP001376,69.25,FUZZY,56.25,87.1,75.0,AUTO_APPROVE,False
APP005249,APP008467,68.81,FUZZY,100.0,49.35,20.0,AUTO_APPROVE,False
APP005250,APP002915,64.04,FUZZY,81.25,64.71,20.0,AUTO_APPROVE,False
APP005251,APP005379,100.0,EXACT_PAN,97.3,100.0,75.0,AUTO_REJECT,True
APP005252,APP007684,98.28,FUZZY,96.55,100.0,100.0,AUTO_REJECT,True
APP005253,APP000165,60.5,FUZZY,85.0,46.67,20.0,AUTO_APPROVE,False
APP005254,APP000597,64.33,FUZZY,100.0,47.76,0.0,AUTO_APPROVE,False
APP005255,APP004118,92.06,FUZZY,94.12,100.0,75.0,AUTO_REJECT,True
APP005256,APP005787,100.0,EXACT_PAN,100.0,100.0,100.0,AUTO_REJECT,True
APP005257,APP009405,64.48,FUZZY,75.68,38.81,75.0,AUTO_APPROVE,False
APP005258,APP004649,60.19,FUZZY,100.0,33.96,0.0,AUTO_APPROVE,False
APP005259,APP004786,80.0,FUZZY,100.0,100.0,0.0,FLAG_FOR_REVIEW,False
APP005260,APP009871,61.7,FUZZY,60.61,37.97,100.0,AUTO_APPROVE,False
APP005261,APP000322,58.19,FUZZY,70.97,62.34,20.0,AUTO_APPROVE,False
APP005262,APP007847,57.64,FUZZY,54.05,52.05,75.0,AUTO_APPROVE,False
APP005263,APP003245,97.0,EXACT_PHONE,100.0,100.0,75.0,AUTO_REJECT,True
APP005264,APP009657,67.2,FUZZY,63.16,68.75,75.0,AUTO_APPROVE,False
APP005265,APP003294,61.79,FUZZY,100.0,39.29,0.0,AUTO_APPROVE,False
APP005266,APP004739,66.15,FUZZY,100.0,53.85,0.0,AUTO_APPROVE,False
APP005267,APP007494,59.54,FUZZY,84.62,44.12,20.0,AUTO_APPROVE,False
APP005268,APP007594,100.0,EXACT_PAN,96.97,100.0,100.0,AUTO_REJECT,True
APP005269,APP001757,65.36,FUZZY,66.67,56.76,75.0,AUTO_APPROVE,False
APP005270,APP006673,65.79,FUZZY,100.0,52.63,0.0,AUTO_APPROVE,False
APP005271,APP005292,62.86,FUZZY,74.07,36.07,75.0,AUTO_APPROVE,False
APP005272,APP000757,93.39,FUZZY,96.77,100.0,75.0,AUTO_REJECT,True
APP005273,APP009888,68.07,FUZZY,66.67,65.79,75.0,AUTO_APPROVE,False
APP005274,APP009804,69.32,FUZZY,100.0,64.41,0.0,AUTO_APPROVE,False
APP005275,APP007933,63.24,FUZZY,100.0,44.12,0.0,AUTO_APPROVE,False
APP005276,APP008365,52.28,FUZZY,73.33,38.71,20.0,AUTO_APPROVE,False
APP005277,APP008430,100.0,FUZZY,100.0,100.0,100.0,AUTO_REJECT,True
APP005278,APP009539,67.11,FUZZY,84.21,33.33,75.0,AUTO_APPROVE,False
APP005279,APP003312,100.0,EXACT_PAN,100.0,100.0,100.0,AUTO_REJECT,True
APP005280,APP001094,65.69,FUZZY,100.0,52.31,0.0,AUTO_APPROVE,False
APP005281,APP005656,58.96,FUZZY,84.85,41.79,20.0,AUTO_APPROVE,False
APP005282,APP000970,64.81,FUZZY,51.43,63.64,100.0,AUTO_APPROVE,False
APP005283,APP008083,63.72,FUZZY,63.16,57.14,75.0,AUTO_APPROVE,False
APP005284,APP001719,57.89,FUZZY,76.92,51.43,20.0,AUTO_APPROVE,False
APP005285,APP000384,67.42,FUZZY,100.0,58.06,0.0,AUTO_APPROVE,False
APP005286,APP006301,63.52,FUZZY,100.0,45.07,0.0,AUTO_APPROVE,False
APP005287,APP006188,64.72,FUZZY,100.0,49.06,0.0,AUTO_APPROVE,False
APP005288,APP001454,56.62,FUZZY,78.57,44.44,20.0,AUTO_APPROVE,False
APP005289,APP001355,97.0,EXACT_PHONE,97.14,100.0,100.0,AUTO_REJECT,True
APP005290,APP003669,93.0,FUZZY,86.0,100.0,100.0,AUTO_REJECT,True
APP005291,APP003893,54.69,FUZZY,57.89,35.82,75.0,AUTO_APPROVE,False
APP005292,APP005271,62.86,FUZZY,74.07,36.07,75.0,AUTO_APPROVE,False
APP005293,APP007262,62.41,FUZZY,70.0,41.38,75.0,AUTO_APPROVE,False
APP005294,APP007804,65.29,FUZZY,59.26,68.85,75.0,AUTO_APPROVE,False
APP005295,APP004570,76.84,FUZZY,100.0,89.47,0.0,AUTO_APPROVE,False
APP005296,APP001531,62.93,FUZZY,76.19,69.44,20.0,AUTO_APPROVE,False
APP005297,APP004372,64.03,FUZZY,66.67,52.31,75.0,AUTO_APPROVE,False
APP005298,APP002179,65.72,FUZZY,83.33,30.19,75.0,AUTO_APPROVE,False
APP005299,APP002229,70.3,FUZZY,75.86,57.89,75.0,AUTO_APPROVE,False
APP005300,APP006134,62.63,FUZZY,100.0,42.11,0.0,AUTO_APPROVE,False
APP005301,APP007192,60.98,FUZZY,82.76,52.0,20.0,AUTO_APPROVE,False
APP005302,APP006073,65.42,FUZZY,65.0,59.74,75.0,AUTO_APPROVE,False
APP005303,APP004697,76.5,FUZZY,100.0,75.0,20.0,AUTO_APPROVE,False
APP005304,APP003851,100.0,FUZZY,100.0,100.0,100.0,AUTO_REJECT,True
APP005305,APP008713,61.67,FUZZY,66.67,44.44,75.0,AUTO_APPROVE,False
APP005306,APP006806,62.22,FUZZY,100.0,40.74,0.0,AUTO_APPROVE,False
APP005307,APP008804,65.29,FUZZY,70.59,100.0,0.0,AUTO_APPROVE,False
APP005308,APP009416,69.13,FUZZY,66.67,69.33,75.0,AUTO_APPROVE,False
APP005309,APP004235,71.69,FUZZY,80.0,92.31,20.0,AUTO_APPROVE,False
APP005310,APP003156,66.62,FUZZY,76.92,80.52,20.0,AUTO_APPROVE,False
APP005311,APP003123,72.1,FUZZY,100.0,60.32,20.0,AUTO_APPROVE,False
APP005312,APP005311,62.0,FUZZY,100.0,40.0,0.0,AUTO_APPROVE,False
APP005313,APP007184,72.29,FUZZY,100.0,74.29,0.0,AUTO_APPROVE,False
APP005314,APP003159,64.18,FUZZY,100.0,47.27,0.0,AUTO_APPROVE,False
APP005315,APP009268,62.92,FUZZY,100.0,43.08,0.0,AUTO_APPROVE,False
APP005316,APP009967,98.65,FUZZY,97.3,100.0,100.0,AUTO_REJECT,True
APP005317,APP001522,64.44,FUZZY,100.0,48.15,0.0,AUTO_APPROVE,False
APP005318,APP006818,69.53,FUZZY,100.0,65.12,0.0,AUTO_APPROVE,False
APP005319,APP001526,74.84,FUZZY,73.68,66.67,90.0,AUTO_APPROVE,False
APP005320,APP004887,63.27,FUZZY,68.42,46.88,75.0,AUTO_APPROVE,False
APP005321,APP006299,59.41,FUZZY,58.82,100.0,0.0,AUTO_APPROVE,False
APP005322,APP009122,58.31,FUZZY,81.25,45.61,20.0,AUTO_APPROVE,False
APP005323,APP006829,57.07,FUZZY,63.16,71.64,20.0,AUTO_APPROVE,False
APP005324,APP005067,68.99,FUZZY,100.0,63.29,0.0,AUTO_APPROVE,False
APP005325,APP001786,70.77,FUZZY,100.0,69.23,0.0,AUTO_APPROVE,False
APP005326,APP004202,78.97,FUZZY,100.0,46.58,75.0,AUTO_APPROVE,False
APP005327,APP006720,63.6,FUZZY,100.0,45.33,0.0,AUTO_APPROVE,False
APP005328,APP008186,100.0,EXACT_PAN,96.77,100.0,100.0,AUTO_REJECT,True
APP005329,APP001823,98.72,FUZZY,97.44,100.0,100.0,AUTO_REJECT,True
APP005330,APP008771,63.29,FUZZY,78.57,66.67,20.0,AUTO_APPROVE,False
APP005331,APP007597,100.0,EXACT_PAN,100.0,100.0,100.0,AUTO_REJECT,True
APP005332,APP002299,56.02,FUZZY,48.65,92.31,20.0,AUTO_APPROVE,False
APP005333,APP001618,65.65,FUZZY,76.92,40.62,75.0,AUTO_APPROVE,False
APP005334,APP002668,97.5,FUZZY,95.0,100.0,100.0,AUTO_REJECT,True
APP005335,APP009756,65.2,FUZZY,100.0,50.67,0.0,AUTO_APPROVE,False
APP005336,APP009817,61.44,FUZZY,58.82,56.76,75.0,AUTO_APPROVE,False
APP005337,APP005699,54.81,FUZZY,62.86,64.62,20.0,AUTO_APPROVE,False
APP005338,APP003066,68.73,FUZZY,59.46,80.0,75.0,AUTO_APPROVE,False
APP005339,APP005159,67.11,FUZZY,63.16,68.42,75.0,AUTO_APPROVE,False
APP005340,APP006162,97.0,EXACT_PHONE,97.14,100.0,75.0,AUTO_REJECT,True
APP005341,APP000781,57.97,FUZZY,59.46,44.12,75.0,AUTO_APPROVE,False
APP005342,APP003000,100.0,EXACT_PAN,93.33,100.0,75.0,AUTO_REJECT,True
APP005343,APP009238,64.37,FUZZY,100.0,47.89,0.0,AUTO_APPROVE,False
APP005344,APP008367,64.77,FUZZY,100.0,49.23,0.0,AUTO_APPROVE,False
APP005345,APP007227,56.97,FUZZY,62.86,35.14,75.0,AUTO_APPROVE,False
APP005346,APP004067,61.76,FUZZY,100.0,39.22,0.0,AUTO_APPROVE,False
APP005347,APP004586,69.46,FUZZY,94.12,61.33,20.0,AUTO_APPROVE,False
APP005348,APP007141,98.57,FUZZY,97.14,100.0,100.0,AUTO_REJECT,True
APP005349,APP002744,65.29,FUZZY,70.59,100.0,0.0,AUTO_APPROVE,False
APP005350,APP002779,65.29,FUZZY,100.0,50.98,0.0,AUTO_APPROVE,False
APP005351,APP005092,63.33,FUZZY,100.0,44.44,0.0,AUTO_APPROVE,False
APP005352,APP001288,63.78,FUZZY,100.0,45.95,0.0,AUTO_APPROVE,False
APP005353,APP007164,63.54,FUZZY,66.67,50.7,75.0,AUTO_APPROVE,False
APP005354,APP003798,58.08,FUZZY,64.71,72.41,20.0,AUTO_APPROVE,False
APP005355,APP002418,100.0,FUZZY,100.0,100.0,100.0,AUTO_REJECT,True
APP005356,APP005373,63.09,FUZZY,100.0,43.64,0.0,AUTO_APPROVE,False
APP005357,APP008713,63.15,FUZZY,100.0,43.84,0.0,AUTO_APPROVE,False
APP005358,APP003684,57.61,FUZZY,64.52,71.19,20.0,AUTO_APPROVE,False
APP005359,,0.0,NO_MATCH,0.0,0.0,0.0,AUTO_APPROVE,False
APP005360,APP002850,63.04,FUZZY,100.0,43.48,0.0,AUTO_APPROVE,False
APP005361,APP008838,63.04,FUZZY,100.0,43.48,0.0,AUTO_APPROVE,False
APP005362,APP009491,63.12,FUZZY,100.0,43.75,0.0,AUTO_APPROVE,False
APP005363,APP009235,75.18,FUZZY,100.0,70.59,20.0,AUTO_APPROVE,False
APP005364,APP007176,58.41,FUZZY,54.05,37.93,100.0,AUTO_APPROVE,False
APP005365,APP002475,60.43,FUZZY,100.0,34.78,0.0,AUTO_APPROVE,False
APP005366,APP000058,60.0,FUZZY,45.71,57.14,100.0,AUTO_APPROVE,False
APP005367,APP005443,62.61,FUZZY,56.25,48.28,100.0,AUTO_APPROVE,False
APP005368,APP004762,68.29,FUZZY,70.59,43.33,100.0,AUTO_APPROVE,False
APP005369,APP007346,67.49,FUZZY,63.16,69.7,75.0,AUTO_APPROVE,False
APP005370,APP004338,67.29,FUZZY,100.0,57.63,0.0,AUTO_APPROVE,False
APP005371,APP006873,61.38,FUZZY,66.67,43.48,75.0,AUTO_APPROVE,False
APP005372,APP003397,67.87,FUZZY,66.67,65.12,75.0,AUTO_APPROVE,False
APP005373,APP005356,63.09,FUZZY,100.0,43.64,0.0,AUTO_APPROVE,False
APP005374,APP005491,70.1,FUZZY,83.33,44.78,75.0,AUTO_APPROVE,False
APP005375,APP000078,55.72,FUZZY,58.82,37.68,75.0,AUTO_APPROVE,False
APP005376,APP007258,71.09,FUZZY,78.79,92.31,20.0,AUTO_APPROVE,False
APP005377,APP009990,61.05,FUZZY,100.0,36.84,0.0,AUTO_APPROVE,False
APP005378,APP007293,63.33,FUZZY,66.67,100.0,0.0,AUTO_APPROVE,False
APP005379,APP005251,100.0,EXACT_PAN,97.3,100.0,75.0,AUTO_REJECT,True
APP005380,APP002622,60.51,FUZZY,63.16,46.43,75.0,AUTO_APPROVE,False
APP005381,APP007408,77.33,FUZZY,100.0,77.78,20.0,AUTO_APPROVE,False
APP005382,APP000340,69.41,FUZZY,100.0,64.71,0.0,AUTO_APPROVE,False
APP005383,APP005626,55.18,FUZZY,42.42,46.58,100.0,AUTO_APPROVE,False
APP005384,APP004152,63.57,FUZZY,66.67,50.79,75.0,AUTO_APPROVE,False
APP005385,APP003287,61.27,FUZZY,100.0,24.24,20.0,AUTO_APPROVE,False
APP005386,APP002975,98.65,FUZZY,97.3,100.0,100.0,AUTO_REJECT,True
APP005387,APP003941,96.43,FUZZY,92.86,100.0,100.0,AUTO_REJECT,True
APP005388,APP006510,75.26,FUZZY,100.0,84.21,0.0,AUTO_APPROVE,False
APP005389,APP006254,68.4,FUZZY,82.35,40.74,75.0,AUTO_APPROVE,False
APP005390,APP002940,98.48,FUZZY,96.97,100.0,100.0,AUTO_REJECT,True
APP005391,APP002511,70.36,FUZZY,82.35,47.27,75.0,AUTO_APPROVE,False
APP005392,APP000926,70.61,FUZZY,77.42,56.34,75.0,AUTO_APPROVE,False
APP005393,APP004479,62.45,FUZZY,100.0,41.51,0.0,AUTO_APPROVE,False
APP005394,APP003550,65.94,FUZZY,83.87,30.0,75.0,AUTO_APPROVE,False
APP005395,APP005763,69.51,FUZZY,66.67,70.59,75.0,AUTO_APPROVE,False
APP005396,APP003452,62.21,FUZZY,71.43,75.0,20.0,AUTO_APPROVE,False
APP005397,APP008759,58.51,FUZZY,78.57,50.75,20.0,AUTO_APPROVE,False
APP005398,APP006012,64.0,FUZZY,100.0,33.33,20.0,AUTO_APPROVE,False
APP005399,APP004333,69.59,FUZZY,100.0,65.31,0.0,AUTO_APPROVE,False
APP005400,APP000018,63.62,FUZZY,66.67,34.29,100.0,AUTO_APPROVE,False
APP005401,APP005772,100.0,EXACT_PAN,93.75,100.0,100.0,AUTO_REJECT,True
APP005402,APP008966,59.71,FUZZY,100.0,32.35,0.0,AUTO_APPROVE,False
APP005403,APP000564,100.0,FUZZY,100.0,100.0,100.0,AUTO_REJECT,True
APP005404,APP007949,97.0,EXACT_PHONE,96.3,100.0,75.0,AUTO_REJECT,True
APP005405,APP006726,65.45,FUZZY,100.0,51.52,0.0,AUTO_APPROVE,False
APP005406,APP009375,65.08,FUZZY,80.0,70.27,20.0,AUTO_APPROVE,False
APP005407,APP007248,61.79,FUZZY,47.06,60.87,100.0,AUTO_APPROVE,False
APP005408,APP008469,65.94,FUZZY,100.0,53.12,0.0,AUTO_APPROVE,False
APP005409,APP006534,53.92,FUZZY,37.84,50.0,100.0,AUTO_APPROVE,False
APP005410,APP006697,74.52,FUZZY,72.73,77.19,75.0,AUTO_APPROVE,False
APP005411,APP002714,64.18,FUZZY,100.0,47.27,0.0,AUTO_APPROVE,False
APP005412,APP001894,58.6,FUZZY,75.86,55.56,20.0,AUTO_APPROVE,False
APP005413,APP004349,64.37,FUZZY,76.92,36.36,75.0,AUTO_APPROVE,False
APP005414,APP008946,64.72,FUZZY,100.0,49.06,0.0,AUTO_APPROVE,False
APP005415,APP000496,61.51,FUZZY,70.27,74.58,20.0,AUTO_APPROVE,False
APP005416,APP002606,66.76,FUZZY,64.52,65.0,75.0,AUTO_APPROVE,False
APP005417,APP001080,97.0,EXACT_PHONE,96.3,100.0,75.0,AUTO_REJECT,True
APP005418,APP009787,60.38,FUZZY,100.0,34.62,0.0,AUTO_APPROVE,False
APP005419,APP007679,92.22,FUZZY,94.44,100.0,75.0,AUTO_REJECT,True
APP005420,APP003511,62.33,FUZZY,100.0,41.1,0.0,AUTO_APPROVE,False
APP005421,APP008806,100.0,EXACT_PAN,100.0,100.0,100.0,AUTO_REJECT,True
APP005422,APP008179,55.13,FUZZY,62.86,65.67,20.0,AUTO_APPROVE,False
APP005423,APP008345,65.0,FUZZY,66.67,55.56,75.0,AUTO_APPROVE,False
APP005424,APP009754,68.08,FUZZY,100.0,60.27,0.0,AUTO_APPROVE,False
APP005425,APP006664,100.0,FUZZY,100.0,100.0,100.0,AUTO_REJECT,True
APP005426,APP004206,57.36,FUZZY,83.33,52.31,0.0,AUTO_APPROVE,False
APP005427,APP003837,64.39,FUZZY,77.42,35.62,75.0,AUTO_APPROVE,False
APP005428,APP001780,100.0,EXACT_PAN,94.74,100.0,100.0,AUTO_REJECT,True
APP005429,APP000107,72.16,FUZZY,100.0,60.53,20.0,AUTO_APPROVE,False
APP005430,APP008672,66.86,FUZZY,100.0,42.86,20.0,AUTO_APPROVE,False
APP005431,APP000021,93.0,FUZZY,86.0,100.0,100.0,AUTO_REJECT,True
APP005432,APP002860,53.36,FUZZY,72.73,43.33,20.0,AUTO_APPROVE,False
APP005433,APP000420,65.91,FUZZY,56.41,75.68,75.0,AUTO_APPROVE,False
APP005434,APP009038,62.0,FUZZY,100.0,40.0,0.0,AUTO_APPROVE,False
APP005435,APP006949,62.55,FUZZY,72.73,87.27,0.0,AUTO_APPROVE,False
APP005436,APP007016,93.78,FUZZY,97.56,100.0,75.0,AUTO_REJECT,True
APP005437,APP005416,61.76,FUZZY,82.76,67.92,0.0,AUTO_APPROVE,False
APP005438,APP006739,60.91,FUZZY,100.0,36.36,0.0,AUTO_APPROVE,False
APP005439,APP005988,63.12,FUZZY,100.0,43.75,0.0,AUTO_APPROVE,False
APP005440,APP006492,61.8,FUZZY,60.61,91.67,20.0,AUTO_APPROVE,False
APP005441,APP004831,93.78,FUZZY,97.56,100.0,75.0,AUTO_REJECT,True
APP005442,APP000210,61.5,FUZZY,87.18,46.38,20.0,AUTO_APPROVE,False
APP005443,APP009485,71.04,FUZZY,100.0,70.13,0.0,AUTO_APPROVE,False
APP005444,APP004844,64.75,FUZZY,100.0,49.18,0.0,AUTO_APPROVE,False
APP005445,APP007835,56.56,FUZZY,62.5,34.38,75.0,AUTO_APPROVE,False
APP005446,APP000109,66.84,FUZZY,73.68,100.0,0.0,AUTO_APPROVE,False
APP005447,APP007057,67.37,FUZZY,100.0,57.89,0.0,AUTO_APPROVE,False
APP005448,APP005101,98.65,FUZZY,97.3,100.0,100.0,AUTO_REJECT,True
APP005449,APP002669,64.29,FUZZY,100.0,47.62,0.0,AUTO_APPROVE,False
APP005450,,0.0,NO_MATCH,0.0,0.0,0.0,AUTO_APPROVE,False
APP005451,,0.0,NO_MATCH,0.0,0.0,0.0,AUTO_APPROVE,False
APP005452,APP002690,55.26,FUZZY,66.67,59.74,20.0,AUTO_APPROVE,False
APP005453,APP005935,93.39,FUZZY,96.77,100.0,75.0,AUTO_REJECT,True
APP005454,APP007930,53.7,FUZZY,81.82,42.62,0.0,AUTO_APPROVE,False
APP005455,APP001366,59.74,FUZZY,82.05,49.06,20.0,AUTO_APPROVE,False
APP005456,APP002627,80.35,FUZZY,92.22,47.46,100.0,FLAG_FOR_REVIEW,True
APP005457,APP008674,61.92,FUZZY,66.67,45.28,75.0,AUTO_APPROVE,False
APP005458,APP006584,66.86,FUZZY,100.0,42.86,20.0,AUTO_APPROVE,False
APP005459,,0.0,NO_MATCH,0.0,0.0,0.0,AUTO_APPROVE,False
APP005460,APP009241,97.0,EXACT_PHONE,94.12,100.0,90.0,AUTO_REJECT,True
APP005461,APP005608,63.33,FUZZY,68.42,47.06,75.0,AUTO_APPROVE,False
APP005462,APP009647,100.0,EXACT_PAN,100.0,100.0,75.0,AUTO_REJECT,True
APP005463,APP000428,72.72,FUZZY,62.86,70.97,100.0,AUTO_APPROVE,False
APP005464,APP008912,65.69,FUZZY,100.0,52.31,0.0,AUTO_APPROVE,False
APP005465,APP004996,100.0,EXACT_PAN,97.14,100.0,90.0,AUTO_REJECT,True
APP005466,APP003826,98.65,FUZZY,97.3,100.0,100.0,AUTO_REJECT,True
APP005467,APP006630,93.48,FUZZY,96.97,100.0,75.0,AUTO_REJECT,True
APP005468,APP005079,70.0,FUZZY,100.0,66.67,0.0,AUTO_APPROVE,False
APP005469,APP004995,68.0,FUZZY,100.0,60.0,0.0,AUTO_APPROVE,False
APP005470,APP006808,65.79,FUZZY,100.0,52.63,0.0,AUTO_APPROVE,False
APP005471,APP001286,61.0,FUZZY,100.0,36.67,0.0,AUTO_APPROVE,False
APP005472,APP003492,68.57,FUZZY,100.0,61.9,0.0,AUTO_APPROVE,False
APP005473,APP005392,63.33,FUZZY,100.0,44.44,0.0,AUTO_APPROVE,False
APP005474,APP000725,65.0,FUZZY,100.0,50.0,0.0,AUTO_APPROVE,False
APP005475,APP008692,97.0,EXACT_PHONE,100.0,100.0,100.0,AUTO_REJECT,True
APP005476,APP002130,68.71,FUZZY,80.0,29.03,100.0,AUTO_APPROVE,False
APP005477,APP006949,54.79,FUZZY,35.29,57.14,100.0,AUTO_APPROVE,False
APP005478,APP009584,68.86,FUZZY,72.73,41.67,100.0,AUTO_APPROVE,False
APP005479,APP006280,95.0,FUZZY,90.0,100.0,100.0,AUTO_REJECT,True
APP005480,APP000966,66.36,FUZZY,72.73,100.0,0.0,AUTO_APPROVE,False
APP005481,APP000346,63.57,FUZZY,57.14,66.67,75.0,AUTO_APPROVE,False
APP005482,APP001404,60.77,FUZZY,61.54,100.0,0.0,AUTO_APPROVE,False
APP005483,APP007052,62.88,FUZZY,66.67,48.48,75.0,AUTO_APPROVE,False
APP005484,APP009660,62.12,FUZZY,83.33,54.84,20.0,AUTO_APPROVE,False
APP005485,APP006454,53.24,FUZZY,75.0,39.13,20.0,AUTO_APPROVE,False
APP005486,APP006793,62.19,FUZZY,100.0,40.62,0.0,AUTO_APPROVE,False
APP005487,APP004046,66.92,FUZZY,50.0,73.08,100.0,AUTO_APPROVE,False
APP005488,APP008570,57.51,FUZZY,82.35,41.1,20.0,AUTO_APPROVE,False
APP005489,APP006939,63.25,FUZZY,63.16,55.56,75.0,AUTO_APPROVE,False
APP005490,APP002767,97.37,FUZZY,94.74,100.0,100.0,AUTO_REJECT,True
APP005491,APP005374,70.1,FUZZY,83.33,44.78,75.0,AUTO_APPROVE,False
APP005492,APP004935,60.54,FUZZY,100.0,35.14,0.0,AUTO_APPROVE,False
APP005493,APP004227,60.0,FUZZY,66.67,75.56,20.0,AUTO_APPROVE,False
APP005494,APP004560,96.72,FUZZY,97.44,100.0,90.0,AUTO_REJECT,True
APP005495,APP005047,62.97,FUZZY,100.0,43.24,0.0,AUTO_APPROVE,False
APP005496,APP009994,67.29,FUZZY,70.59,56.67,75.0,AUTO_APPROVE,False
APP005497,APP003662,71.05,FUZZY,100.0,70.18,0.0,AUTO_APPROVE,False
APP005498,APP000131,70.44,FUZZY,66.67,73.68,75.0,AUTO_APPROVE,False
APP005499,APP008897,65.98,FUZZY,66.67,58.82,75.0,AUTO_APPROVE,False
APP005500,APP007059,62.22,FUZZY,64.86,49.28,75.0,AUTO_APPROVE,False
APP005501,APP000052,70.21,FUZZY,80.0,50.7,75.0,AUTO_APPROVE,False
APP005502,APP009911,58.86,FUZZY,45.0,54.55,100.0,AUTO_APPROVE,False
APP005503,APP003569,56.32,FUZZY,78.79,43.08,20.0,AUTO_APPROVE,False
APP005504,APP002171,96.88,FUZZY,93.75,100.0,100.0,AUTO_REJECT,True
APP005505,APP000043,61.25,FUZZY,62.5,100.0,0.0,AUTO_APPROVE,False
APP005506,APP004023,55.78,FUZZY,55.56,80.0,20.0,AUTO_APPROVE,False
APP005507,APP008053,77.14,FUZZY,86.67,62.69,75.0,AUTO_APPROVE,False
APP005508,APP004035,65.01,FUZZY,90.91,51.85,20.0,AUTO_APPROVE,False
APP005509,APP006736,59.08,FUZZY,89.47,34.48,20.0,AUTO_APPROVE,False
APP005510,APP001239,64.66,FUZZY,85.0,60.53,20.0,AUTO_APPROVE,False
APP005511,APP003149,62.44,FUZZY,51.43,55.74,100.0,AUTO_APPROVE,False
APP005512,APP003379,62.26,FUZZY,82.93,69.33,0.0,AUTO_APPROVE,False
APP005513,APP000378,79.75,FUZZY,100.0,49.18,75.0,AUTO_APPROVE,False
APP005514,APP007675,70.0,FUZZY,100.0,66.67,0.0,AUTO_APPROVE,False
APP005515,APP004500,65.79,FUZZY,100.0,52.63,0.0,AUTO_APPROVE,False
APP005516,APP003198,71.92,FUZZY,80.0,56.41,75.0,AUTO_APPROVE,False
APP005517,APP005635,62.17,FUZZY,100.0,40.58,0.0,AUTO_APPROVE,False
APP005518,APP009060,67.45,FUZZY,66.67,47.06,100.0,AUTO_APPROVE,False
APP005519,APP008411,62.89,FUZZY,59.46,60.53,75.0,AUTO_APPROVE,False
APP005520,APP008366,67.27,FUZZY,100.0,57.58,0.0,AUTO_APPROVE,False
APP005521,APP001330,62.54,FUZZY,100.0,41.79,0.0,AUTO_APPROVE,False
APP005522,APP007328,64.0,FUZZY,100.0,33.33,20.0,AUTO_APPROVE,False
APP005523,APP008175,70.54,FUZZY,81.08,50.0,75.0,AUTO_APPROVE,False
APP005524,APP005746,65.0,FUZZY,100.0,50.0,0.0,AUTO_APPROVE,False
APP005525,APP007525,70.0,FUZZY,100.0,66.67,0.0,AUTO_APPROVE,False
APP005526,APP006433,63.95,FUZZY,51.28,61.02,100.0,AUTO_APPROVE,False
APP005527,APP002910,71.13,FUZZY,78.26,93.33,20.0,AUTO_APPROVE,False
APP005528,APP002846,61.09,FUZZY,60.61,52.63,75.0,AUTO_APPROVE,False
APP005529,APP005638,97.83,FUZZY,95.65,100.0,100.0,AUTO_REJECT,True
APP005530,APP008634,64.24,FUZZY,100.0,47.46,0.0,AUTO_APPROVE,False
APP005531,APP008903,57.54,FUZZY,81.08,43.33,20.0,AUTO_APPROVE,False
APP005532,APP004694,97.0,EXACT_PHONE,100.0,100.0,90.0,AUTO_REJECT,True
APP005533,APP008217,69.52,FUZZY,100.0,51.72,20.0,AUTO_APPROVE,False
APP005534,APP006855,68.0,FUZZY,100.0,60.0,0.0,AUTO_APPROVE,False
APP005535,APP004538,61.77,FUZZY,64.52,48.39,75.0,AUTO_APPROVE,False
APP005536,APP002856,76.22,FUZZY,100.0,74.07,20.0,AUTO_APPROVE,False
APP005537,APP008512,97.0,EXACT_PHONE,94.74,100.0,100.0,AUTO_REJECT,True
APP005538,APP001822,59.58,FUZZY,63.16,80.0,20.0,AUTO_APPROVE,False
APP005539,APP000289,71.19,FUZZY,85.71,44.44,75.0,AUTO_APPROVE,False
APP005540,APP005117,100.0,EXACT_PAN,95.0,100.0,100.0,AUTO_REJECT,True
APP005541,APP008841,63.63,FUZZY,57.89,65.62,75.0,AUTO_APPROVE,False
APP005542,APP000916,62.97,FUZZY,100.0,43.24,0.0,AUTO_APPROVE,False
APP005543,APP002614,52.03,FUZZY,54.05,33.33,75.0,AUTO_APPROVE,False
APP005544,APP000458,60.0,FUZZY,100.0,33.33,0.0,AUTO_APPROVE,False
APP005545,APP007177,62.52,FUZZY,56.0,48.39,100.0,AUTO_APPROVE,False
APP005546,APP006078,70.76,FUZZY,100.0,55.88,20.0,AUTO_APPROVE,False
APP005547,APP000560,97.0,EXACT_PHONE,100.0,100.0,100.0,AUTO_REJECT,True
APP005548,APP002253,63.55,FUZZY,100.0,45.16,0.0,AUTO_APPROVE,False
APP005549,APP000670,60.68,FUZZY,100.0,35.62,0.0,AUTO_APPROVE,False
APP005550,APP008612,65.47,FUZZY,88.24,57.83,20.0,AUTO_APPROVE,False
APP005551,APP005973,62.68,FUZZY,62.5,38.1,100.0,AUTO_APPROVE,False
APP005552,APP005580,66.67,FUZZY,100.0,55.56,0.0,AUTO_APPROVE,False
APP005553,APP000369,65.0,FUZZY,100.0,50.0,0.0,AUTO_APPROVE,False
APP005554,APP001155,57.2,FUZZY,70.59,59.7,20.0,AUTO_APPROVE,False
APP005555,APP001949,62.26,FUZZY,64.52,33.33,100.0,AUTO_APPROVE,False
APP005556,APP001615,66.22,FUZZY,100.0,54.05,0.0,AUTO_APPROVE,False
APP005557,,0.0,NO_MATCH,0.0,0.0,0.0,AUTO_APPROVE,False
APP005558,APP008071,69.48,FUZZY,80.95,46.67,75.0,AUTO_APPROVE,False
APP005559,APP009934,65.41,FUZZY,100.0,51.35,0.0,AUTO_APPROVE,False
APP005560,APP003316,100.0,EXACT_PAN,95.24,100.0,75.0,AUTO_REJECT,True
APP005561,APP005826,58.91,FUZZY,63.16,41.1,75.0,AUTO_APPROVE,False
APP005562,APP009926,64.75,FUZZY,100.0,49.18,0.0,AUTO_APPROVE,False
APP005563,APP001025,70.62,FUZZY,100.0,68.75,0.0,AUTO_APPROVE,False
APP005564,APP007159,69.41,FUZZY,81.25,45.95,75.0,AUTO_APPROVE,False
APP005565,APP003833,100.0,EXACT_PAN,95.0,100.0,75.0,AUTO_REJECT,True
APP005566,APP008933,71.23,FUZZY,100.0,70.77,0.0,AUTO_APPROVE,False
APP005567,APP000675,58.31,FUZZY,100.0,27.69,0.0,AUTO_APPROVE,False
APP005568,APP002657,100.0,FUZZY,100.0,100.0,100.0,AUTO_REJECT,True
APP005569,APP006248,60.22,FUZZY,84.21,60.38,0.0,AUTO_APPROVE,False
APP005570,APP001531,64.76,FUZZY,76.19,75.56,20.0,AUTO_APPROVE,False
APP005571,APP003587,69.64,FUZZY,100.0,65.45,0.0,AUTO_APPROVE,False
APP005572,APP006078,59.82,FUZZY,57.14,37.5,100.0,AUTO_APPROVE,False
APP005573,APP005316,62.62,FUZZY,66.67,47.62,75.0,AUTO_APPROVE,False
APP005574,APP005064,75.14,FUZZY,100.0,33.8,75.0,AUTO_APPROVE,False
APP005575,APP003067,66.34,FUZZY,82.05,34.38,75.0,AUTO_APPROVE,False
APP005576,APP003009,52.7,FUZZY,78.57,31.37,20.0,AUTO_APPROVE,False
APP005577,APP003782,63.52,FUZZY,100.0,45.07,0.0,AUTO_APPROVE,False
APP005578,APP007695,62.8,FUZZY,40.0,76.0,100.0,AUTO_APPROVE,False
APP005579,APP002803,74.1,FUZZY,66.67,69.23,100.0,AUTO_APPROVE,False
APP005580,APP005552,66.67,FUZZY,100.0,55.56,0.0,AUTO_APPROVE,False
APP005581,APP007955,63.69,FUZZY,80.0,65.62,20.0,AUTO_APPROVE,False
APP005582,APP005825,58.42,FUZZY,100.0,28.07,0.0,AUTO_APPROVE,False
APP005583,APP009453,73.08,FUZZY,100.0,76.92,0.0,AUTO_APPROVE,False
APP005584,APP004175,65.94,FUZZY,100.0,53.12,0.0,AUTO_APPROVE,False
APP005585,APP007996,65.1,FUZZY,62.5,46.15,100.0,AUTO_APPROVE,False
APP005586,APP000983,65.0,FUZZY,100.0,50.0,0.0,AUTO_APPROVE,False
APP005587,APP001584,61.46,FUZZY,82.35,54.29,20.0,AUTO_APPROVE,False
APP005588,APP000433,66.84,FUZZY,73.68,100.0,0.0,AUTO_APPROVE,False
APP005589,APP007278,55.6,FUZZY,52.63,47.62,75.0,AUTO_APPROVE,False
APP005590,APP006541,70.58,FUZZY,82.93,83.72,20.0,AUTO_APPROVE,False
APP005591,APP001667,60.75,FUZZY,63.16,47.22,75.0,AUTO_APPROVE,False
APP005592,APP007835,61.51,FUZZY,100.0,38.36,0.0,AUTO_APPROVE,False
APP005593,APP007645,69.25,FUZZY,100.0,64.15,0.0,AUTO_APPROVE,False
APP005594,APP007278,58.09,FUZZY,83.87,53.85,0.0,AUTO_APPROVE,False
APP005595,APP003718,65.65,FUZZY,100.0,52.17,0.0,AUTO_APPROVE,False
APP005596,APP001529,59.06,FUZZY,57.14,51.61,75.0,AUTO_APPROVE,False
APP005597,APP000096,100.0,EXACT_PAN,100.0,100.0,100.0,AUTO_REJECT,True
APP005598,APP003290,100.0,EXACT_PAN,94.74,100.0,75.0,AUTO_REJECT,True
APP005599,APP009458,71.36,FUZZY,80.0,54.55,75.0,AUTO_APPROVE,False
APP005600,APP005754,50.02,FUZZY,71.79,47.06,0.0,AUTO_APPROVE,False
APP005601,APP004766,75.05,FUZZY,72.73,78.95,75.0,AUTO_APPROVE,False
APP005602,APP008933,65.22,FUZZY,100.0,50.75,0.0,AUTO_APPROVE,False
APP005603,APP001494,66.82,FUZZY,82.35,35.48,75.0,AUTO_APPROVE,False
APP005604,APP001756,53.81,FUZZY,65.0,57.69,20.0,AUTO_APPROVE,False
APP005605,APP001457,53.67,FUZZY,63.16,60.32,20.0,AUTO_APPROVE,False
APP005606,APP002081,70.75,FUZZY,87.5,40.0,75.0,AUTO_APPROVE,False
APP005607,APP001030,61.68,FUZZY,72.73,34.38,75.0,AUTO_APPROVE,False
APP005608,APP005461,63.33,FUZZY,68.42,47.06,75.0,AUTO_APPROVE,False
APP005609,APP006842,100.0,EXACT_PAN,93.75,100.0,100.0,AUTO_REJECT,True
APP005610,APP001821,61.25,FUZZY,62.5,100.0,0.0,AUTO_APPROVE,False
APP005611,APP008788,77.19,FUZZY,100.0,40.62,75.0,AUTO_APPROVE,False
APP005612,APP001402,64.06,FUZZY,100.0,46.88,0.0,AUTO_APPROVE,False
APP005613,APP009075,60.5,FUZZY,100.0,35.0,0.0,AUTO_APPROVE,False
APP005614,APP002183,55.34,FUZZY,78.57,53.52,0.0,AUTO_APPROVE,False
APP005615,APP004788,66.72,FUZZY,82.35,35.14,75.0,AUTO_APPROVE,False
APP005616,APP008848,65.75,FUZZY,66.67,94.74,20.0,AUTO_APPROVE,False
APP005617,APP003538,60.14,FUZZY,100.0,33.8,0.0,AUTO_APPROVE,False
APP005618,APP009170,67.28,FUZZY,82.35,73.68,20.0,AUTO_APPROVE,False
APP005619,APP009410,62.93,FUZZY,62.86,91.67,20.0,AUTO_APPROVE,False
APP005620,APP001824,60.34,FUZZY,100.0,34.48,0.0,AUTO_APPROVE,False
APP005621,APP003256,62.59,FUZZY,72.73,74.07,20.0,AUTO_APPROVE,False
APP005622,APP007105,64.44,FUZZY,57.14,69.57,75.0,AUTO_APPROVE,False
APP005623,APP002727,62.21,FUZZY,80.0,60.71,20.0,AUTO_APPROVE,False
APP005624,APP008646,80.0,FUZZY,100.0,100.0,0.0,FLAG_FOR_REVIEW,False
APP005625,APP009461,55.92,FUZZY,70.0,56.41,20.0,AUTO_APPROVE,False
APP005626,APP005662,58.81,FUZZY,80.0,49.35,20.0,AUTO_APPROVE,False
APP005627,APP007808,100.0,EXACT_PAN,95.0,100.0,100.0,AUTO_REJECT,True
APP005628,APP008118,100.0,EXACT_PAN,94.12,100.0,100.0,AUTO_REJECT,True
APP005629,APP009070,100.0,EXACT_PAN,94.44,100.0,100.0,AUTO_REJECT,True
APP005630,APP003925,69.23,FUZZY,100.0,64.1,0.0,AUTO_APPROVE,False
APP005631,APP001576,70.42,FUZZY,84.85,80.0,20.0,AUTO_APPROVE,False
APP005632,APP009870,69.79,FUZZY,44.44,91.89,100.0,AUTO_APPROVE,False
APP005633,APP002731,67.33,FUZZY,100.0,44.44,20.0,AUTO_APPROVE,False
APP005634,APP007246,97.0,EXACT_PHONE,100.0,100.0,75.0,AUTO_REJECT,True
APP005635,APP008605,71.97,FUZZY,100.0,73.24,0.0,AUTO_APPROVE,False
APP005636,APP009019,62.59,FUZZY,87.18,50.0,20.0,AUTO_APPROVE,False
APP005637,APP004386,59.82,FUZZY,100.0,32.73,0.0,AUTO_APPROVE,False
APP005638,APP005529,97.83,FUZZY,95.65,100.0,100.0,AUTO_REJECT,True
APP005639,APP000366,55.79,FUZZY,56.41,41.94,75.0,AUTO_APPROVE,False
APP005640,APP000352,59.85,FUZZY,34.29,75.68,100.0,AUTO_APPROVE,False
APP005641,APP003438,60.19,FUZZY,100.0,33.96,0.0,AUTO_APPROVE,False
APP005642,APP006404,68.62,FUZZY,86.67,34.29,75.0,AUTO_APPROVE,False
APP005643,APP000812,97.22,FUZZY,94.44,100.0,100.0,AUTO_REJECT,True
APP005644,APP002742,55.85,FUZZY,70.97,54.55,20.0,AUTO_APPROVE,False
APP005645,APP009469,69.35,FUZZY,83.87,41.38,75.0,AUTO_APPROVE,False
APP005646,APP004162,93.72,FUZZY,97.44,100.0,75.0,AUTO_REJECT,True
APP005647,APP001478,62.22,FUZZY,100.0,40.74,0.0,AUTO_APPROVE,False
APP005648,APP005637,53.71,FUZZY,77.42,50.0,0.0,AUTO_APPROVE,False
APP005649,APP005217,70.18,FUZZY,66.67,56.14,100.0,AUTO_APPROVE,False
APP005650,APP007284,64.83,FUZZY,100.0,36.11,20.0,AUTO_APPROVE,False
APP005651,APP009654,75.89,FUZZY,84.85,61.54,75.0,AUTO_APPROVE,False
APP005652,APP003698,100.0,FUZZY,100.0,100.0,100.0,AUTO_REJECT,True
APP005653,APP001385,74.02,FUZZY,87.5,50.91,75.0,AUTO_APPROVE,False
APP005654,APP008268,72.93,FUZZY,75.86,66.67,75.0,AUTO_APPROVE,False
APP005655,APP002779,52.76,FUZZY,62.86,57.78,20.0,AUTO_APPROVE,False
APP005656,APP005281,58.96,FUZZY,84.85,41.79,20.0,AUTO_APPROVE,False
APP005657,APP000223,51.1,FUZZY,66.67,45.9,20.0,AUTO_APPROVE,False
APP005658,APP004318,72.44,FUZZY,88.89,80.0,20.0,AUTO_APPROVE,False
APP005659,APP002732,58.33,FUZZY,62.5,76.92,20.0,AUTO_APPROVE,False
APP005660,APP003155,61.43,FUZZY,100.0,38.1,0.0,AUTO_APPROVE,False
APP005661,APP009561,67.93,FUZZY,78.57,82.14,20.0,AUTO_APPROVE,False
APP005662,APP004020,64.24,FUZZY,100.0,47.46,0.0,AUTO_APPROVE,False
APP005663,APP005162,70.0,FUZZY,100.0,66.67,0.0,AUTO_APPROVE,False
APP005664,APP000216,56.86,FUZZY,51.61,53.52,75.0,AUTO_APPROVE,False
APP005665,APP009410,65.72,FUZZY,81.08,70.59,20.0,AUTO_APPROVE,False
APP005666,APP008654,76.41,FUZZY,66.67,76.92,100.0,AUTO_APPROVE,False
APP005667,APP008072,68.43,FUZZY,76.47,50.63,75.0,AUTO_APPROVE,False
APP005668,APP006013,64.73,FUZZY,62.86,61.02,75.0,AUTO_APPROVE,False
APP005669,APP003769,67.91,FUZZY,100.0,59.7,0.0,AUTO_APPROVE,False
APP005670,APP008808,61.04,FUZZY,81.08,55.0,20.0,AUTO_APPROVE,False
APP005671,APP001738,69.0,FUZZY,100.0,63.33,0.0,AUTO_APPROVE,False
APP005672,APP000129,63.85,FUZZY,70.0,46.15,75.0,AUTO_APPROVE,False
APP005673,APP000489,59.21,FUZZY,68.42,33.33,75.0,AUTO_APPROVE,False
APP005674,APP004331,61.44,FUZZY,58.33,57.58,75.0,AUTO_APPROVE,False
APP005675,APP005676,56.72,FUZZY,58.06,42.31,75.0,AUTO_APPROVE,False
APP005676,APP007452,96.48,FUZZY,96.97,100.0,90.0,AUTO_REJECT,True
APP005677,APP003755,59.39,FUZZY,66.67,36.84,75.0,AUTO_APPROVE,False
APP005678,APP001578,50.3,FUZZY,75.0,42.67,0.0,AUTO_APPROVE,False
APP005679,APP000144,65.83,FUZZY,100.0,52.78,0.0,AUTO_APPROVE,False
APP005680,APP003158,61.82,FUZZY,100.0,39.39,0.0,AUTO_APPROVE,False
APP005681,APP009452,70.22,FUZZY,75.86,57.63,75.0,AUTO_APPROVE,False
APP005682,APP008843,58.71,FUZZY,73.68,59.57,20.0,AUTO_APPROVE,False
APP005683,APP009785,98.78,FUZZY,97.56,100.0,100.0,AUTO_REJECT,True
APP005684,APP009398,59.83,FUZZY,81.25,50.67,20.0,AUTO_APPROVE,False
APP005685,APP005807,56.98,FUZZY,78.26,46.15,20.0,AUTO_APPROVE,False
APP005686,APP007908,63.08,FUZZY,54.05,53.52,100.0,AUTO_APPROVE,False
APP005687,APP007660,96.88,FUZZY,93.75,100.0,100.0,AUTO_REJECT,True
APP005688,APP001637,65.0,FUZZY,80.0,33.33,75.0,AUTO_APPROVE,False
APP005689,APP000948,66.56,FUZZY,75.0,46.88,75.0,AUTO_APPROVE,False
APP005690,APP004197,100.0,FUZZY,100.0,100.0,100.0,AUTO_REJECT,True
APP005691,APP009279,59.13,FUZZY,40.0,63.77,100.0,AUTO_APPROVE,False
APP005692,APP008635,65.32,FUZZY,100.0,51.06,0.0,AUTO_APPROVE,False
APP005693,APP003881,100.0,FUZZY,100.0,100.0,100.0,AUTO_REJECT,True
APP005694,APP006432,68.03,FUZZY,76.92,48.57,75.0,AUTO_APPROVE,False
APP005695,APP004249,100.0,FUZZY,100.0,100.0,100.0,AUTO_REJECT,True
APP005696,APP001462,97.0,EXACT_PHONE,95.0,100.0,75.0,AUTO_REJECT,True
APP005697,APP009118,65.83,FUZZY,100.0,52.78,0.0,AUTO_APPROVE,False
APP005698,APP004083,60.34,FUZZY,57.14,55.88,75.0,AUTO_APPROVE,False
APP005699,APP005337,54.81,FUZZY,62.86,64.62,20.0,AUTO_APPROVE,False
APP005700,APP007551,97.62,FUZZY,95.24,100.0,100.0,AUTO_REJECT,True
APP005701,APP004355,64.46,FUZZY,78.57,33.9,75.0,AUTO_APPROVE,False
APP005702,APP005221,58.06,FUZZY,100.0,26.87,0.0,AUTO_APPROVE,False
APP005703,APP007987,60.18,FUZZY,54.55,59.7,75.0,AUTO_APPROVE,False
APP005704,APP002480,52.04,FUZZY,43.75,33.9,100.0,AUTO_APPROVE,False
APP005705,APP004055,58.03,FUZZY,86.49,49.28,0.0,AUTO_APPROVE,False
APP005706,APP009781,67.81,FUZZY,100.0,59.38,0.0,AUTO_APPROVE,False
APP005707,APP005052,97.0,EXACT_PHONE,100.0,100.0,75.0,AUTO_REJECT,True
APP005708,APP007582,78.74,FUZZY,76.92,67.61,100.0,AUTO_APPROVE,False
APP005709,APP000286,63.33,FUZZY,100.0,44.44,0.0,AUTO_APPROVE,False
APP005710,APP006656,62.92,FUZZY,70.0,43.08,75.0,AUTO_APPROVE,False
APP005711,APP009345,66.76,FUZZY,100.0,55.88,0.0,AUTO_APPROVE,False
APP005712,APP003656,62.79,FUZZY,100.0,42.62,0.0,AUTO_APPROVE,False
APP005713,APP008951,58.33,FUZZY,57.14,49.18,75.0,AUTO_APPROVE,False
APP005714,APP007985,57.49,FUZZY,31.58,72.34,100.0,AUTO_APPROVE,False
APP005715,APP007524,85.62,FUZZY,84.85,77.33,100.0,FLAG_FOR_REVIEW,False
APP005716,APP001984,72.96,FUZZY,76.92,65.0,75.0,AUTO_APPROVE,False
APP005717,APP007866,63.57,FUZZY,66.67,50.79,75.0,AUTO_APPROVE,False
APP005718,APP008272,51.37,FUZZY,63.16,52.63,20.0,AUTO_APPROVE,False
APP005719,APP007254,70.95,FUZZY,100.0,69.84,0.0,AUTO_APPROVE,False
APP005720,APP009939,93.78,FUZZY,97.56,100.0,75.0,AUTO_REJECT,True
APP005721,APP005034,57.65,FUZZY,53.66,36.07,100.0,AUTO_APPROVE,False
APP005722,APP001333,63.67,FUZZY,73.68,39.44,75.0,AUTO_APPROVE,False
APP005723,APP000685,71.01,FUZZY,81.25,51.28,75.0,AUTO_APPROVE,False
APP005724,APP001929,65.45,FUZZY,86.67,60.38,20.0,AUTO_APPROVE,False
APP005725,APP007045,50.46,FUZZY,60.61,53.85,20.0,AUTO_APPROVE,False
APP005726,APP000843,63.22,FUZZY,100.0,44.07,0.0,AUTO_APPROVE,False
APP005727,APP000929,64.0,FUZZY,100.0,46.67,0.0,AUTO_APPROVE,False
APP005728,APP000550,68.16,FUZZY,81.48,78.05,20.0,AUTO_APPROVE,False
APP005729,APP007245,58.42,FUZZY,100.0,28.07,0.0,AUTO_APPROVE,False
APP005730,APP001669,70.93,FUZZY,100.0,69.77,0.0,AUTO_APPROVE,False
APP005731,APP000106,62.68,FUZZY,100.0,42.25,0.0,AUTO_APPROVE,False
APP005732,APP001404,65.0,FUZZY,100.0,50.0,0.0,AUTO_APPROVE,False
APP005733,APP002428,66.36,FUZZY,100.0,54.55,0.0,AUTO_APPROVE,False
APP005734,APP009381,66.67,FUZZY,100.0,55.56,0.0,AUTO_APPROVE,False
APP005735,APP008658,58.69,FUZZY,59.26,46.88,75.0,AUTO_APPROVE,False
APP005736,APP002696,66.88,FUZZY,100.0,56.25,0.0,AUTO_APPROVE,False
APP005737,APP005199,100.0,EXACT_PAN,100.0,100.0,100.0,AUTO_REJECT,True
APP005738,APP004294,53.15,FUZZY,78.57,32.88,20.0,AUTO_APPROVE,False
APP005739,APP002190,63.57,FUZZY,66.67,50.79,75.0,AUTO_APPROVE,False
APP005740,APP008351,59.91,FUZZY,66.67,38.6,75.0,AUTO_APPROVE,False
APP005741,APP006747,51.85,FUZZY,63.16,54.24,20.0,AUTO_APPROVE,False
APP005742,APP000803,63.57,FUZZY,57.14,50.0,100.0,AUTO_APPROVE,False
APP005743,APP002203,100.0,EXACT_PAN,95.0,100.0,100.0,AUTO_REJECT,True
APP005744,APP008569,57.24,FUZZY,83.87,37.68,20.0,AUTO_APPROVE,False
APP005745,APP006774,58.9,FUZZY,83.33,44.12,20.0,AUTO_APPROVE,False
APP005746,APP006846,72.21,FUZZY,100.0,60.71,20.0,AUTO_APPROVE,False
APP005747,APP006225,100.0,EXACT_PAN,100.0,100.0,75.0,AUTO_REJECT,True
APP005748,APP006634,61.04,FUZZY,61.11,51.61,75.0,AUTO_APPROVE,False
APP005749,APP001018,54.65,FUZZY,57.14,36.92,75.0,AUTO_APPROVE,False
APP005750,APP006991,50.7,FUZZY,56.25,61.9,20.0,AUTO_APPROVE,False
APP005751,APP004821,82.75,FUZZY,87.18,80.52,75.0,FLAG_FOR_REVIEW,False
APP005752,APP005913,62.5,FUZZY,66.67,47.22,75.0,AUTO_APPROVE,False
APP005753,APP001481,73.3,FUZZY,83.87,54.55,75.0,AUTO_APPROVE,False
APP005754,APP006553,63.33,FUZZY,66.67,100.0,0.0,AUTO_APPROVE,False
APP005755,APP004595,67.31,FUZZY,76.19,47.37,75.0,AUTO_APPROVE,False
APP005756,APP001028,69.0,FUZZY,82.05,43.24,75.0,AUTO_APPROVE,False
APP005757,APP004289,63.93,FUZZY,75.0,38.1,75.0,AUTO_APPROVE,False
APP005758,APP005406,64.03,FUZZY,100.0,46.75,0.0,AUTO_APPROVE,False
APP005759,APP009034,64.68,FUZZY,85.71,72.73,0.0,AUTO_APPROVE,False
APP005760,APP008184,63.52,FUZZY,100.0,45.07,0.0,AUTO_APPROVE,False
APP005761,APP004194,68.26,FUZZY,76.92,49.32,75.0,AUTO_APPROVE,False
APP005762,APP009878,65.78,FUZZY,69.57,53.33,75.0,AUTO_APPROVE,False
APP005763,APP005395,69.51,FUZZY,66.67,70.59,75.0,AUTO_APPROVE,False
APP005764,APP004491,70.0,FUZZY,100.0,66.67,0.0,AUTO_APPROVE,False
APP005765,APP004451,57.97,FUZZY,61.11,78.05,20.0,AUTO_APPROVE,False
APP005766,APP008054,64.08,FUZZY,75.0,38.6,75.0,AUTO_APPROVE,False
APP005767,APP000719,95.0,FUZZY,100.0,100.0,75.0,AUTO_REJECT,True
APP005768,APP007456,58.18,FUZZY,66.67,32.84,75.0,AUTO_APPROVE,False
APP005769,APP004768,66.0,FUZZY,100.0,53.33,0.0,AUTO_APPROVE,False
APP005770,APP007673,95.0,FUZZY,100.0,100.0,75.0,AUTO_REJECT,True
APP005771,APP009359,67.04,FUZZY,100.0,56.79,0.0,AUTO_APPROVE,False
APP005772,APP005401,100.0,EXACT_PAN,93.75,100.0,100.0,AUTO_REJECT,True
APP005773,APP009041,100.0,EXACT_PAN,97.14,100.0,100.0,AUTO_REJECT,True
APP005774,APP005672,62.22,FUZZY,100.0,40.74,0.0,AUTO_APPROVE,False
APP005775,APP008621,65.23,FUZZY,63.16,62.16,75.0,AUTO_APPROVE,False
APP005776,APP002028,53.98,FUZZY,61.11,28.07,75.0,AUTO_APPROVE,False
APP005777,APP008002,64.15,FUZZY,100.0,33.85,20.0,AUTO_APPROVE,False
APP005778,APP001456,51.26,FUZZY,60.0,57.53,20.0,AUTO_APPROVE,False
APP005779,APP000586,59.84,FUZZY,78.57,55.17,20.0,AUTO_APPROVE,False
APP005780,APP007530,69.47,FUZZY,78.95,50.0,75.0,AUTO_APPROVE,False
APP005781,APP009902,62.92,FUZZY,100.0,43.08,0.0,AUTO_APPROVE,False
APP005782,APP009718,65.38,FUZZY,100.0,51.28,0.0,AUTO_APPROVE,False
APP005783,APP006494,64.5,FUZZY,57.89,68.49,75.0,AUTO_APPROVE,False
APP005784,APP000529,63.94,FUZZY,62.5,58.97,75.0,AUTO_APPROVE,False
APP005785,APP004293,60.04,FUZZY,52.38,46.15,100.0,AUTO_APPROVE,False
APP005786,APP009303,68.65,FUZZY,100.0,62.16,0.0,AUTO_APPROVE,False
APP005787,APP005256,100.0,EXACT_PAN,100.0,100.0,100.0,AUTO_REJECT,True
APP005788,APP000043,65.29,FUZZY,100.0,50.98,0.0,AUTO_APPROVE,False
APP005789,APP006342,64.11,FUZZY,93.33,44.83,20.0,AUTO_APPROVE,False
APP005790,APP007150,69.02,FUZZY,100.0,63.41,0.0,AUTO_APPROVE,False
APP005791,APP009952,59.97,FUZZY,82.35,49.32,20.0,AUTO_APPROVE,False
APP005792,APP003423,69.98,FUZZY,72.73,52.05,90.0,AUTO_APPROVE,False
APP005793,APP001229,67.55,FUZZY,100.0,45.16,20.0,AUTO_APPROVE,False
APP005794,APP003502,56.66,FUZZY,61.54,72.97,20.0,AUTO_APPROVE,False
APP005795,APP007246,66.26,FUZZY,81.25,72.13,20.0,AUTO_APPROVE,False
APP005796,APP001631,58.45,FUZZY,100.0,28.17,0.0,AUTO_APPROVE,False
APP005797,APP002979,61.61,FUZZY,100.0,38.71,0.0,AUTO_APPROVE,False
APP005798,APP003155,57.78,FUZZY,68.42,28.57,75.0,AUTO_APPROVE,False
APP005799,APP009530,66.75,FUZZY,100.0,42.5,20.0,AUTO_APPROVE,False
APP005800,APP006614,62.75,FUZZY,80.0,62.5,20.0,AUTO_APPROVE,False
APP005801,APP008743,52.73,FUZZY,36.36,48.48,100.0,AUTO_APPROVE,False
APP005802,APP009691,67.09,FUZZY,100.0,43.64,20.0,AUTO_APPROVE,False
APP005803,APP001732,65.99,FUZZY,95.65,47.22,20.0,AUTO_APPROVE,False
APP005804,APP009042,63.75,FUZZY,100.0,45.83,0.0,AUTO_APPROVE,False
APP005805,APP004443,98.48,FUZZY,96.97,100.0,100.0,AUTO_REJECT,True
APP005806,APP009516,64.59,FUZZY,64.71,94.12,20.0,AUTO_APPROVE,False
APP005807,APP003315,63.71,FUZZY,54.55,54.79,100.0,AUTO_APPROVE,False
APP005808,APP000319,66.33,FUZZY,66.67,60.0,75.0,AUTO_APPROVE,False
APP005809,APP003019,63.09,FUZZY,100.0,43.64,0.0,AUTO_APPROVE,False
APP005810,APP008844,71.96,FUZZY,75.0,64.86,75.0,AUTO_APPROVE,False
APP005811,APP003603,90.0,FUZZY,90.0,100.0,75.0,FLAG_FOR_REVIEW,True
APP005812,APP001837,63.85,FUZZY,100.0,46.15,0.0,AUTO_APPROVE,False
APP005813,APP009072,65.75,FUZZY,100.0,52.5,0.0,AUTO_APPROVE,False
APP005814,APP007144,63.75,FUZZY,100.0,45.83,0.0,AUTO_APPROVE,False
APP005815,APP001649,54.63,FUZZY,54.55,41.18,75.0,AUTO_APPROVE,False
APP005816,APP002262,100.0,EXACT_PAN,90.0,100.0,90.0,AUTO_REJECT,True
APP005817,APP005889,60.6,FUZZY,58.82,53.97,75.0,AUTO_APPROVE,False
APP005818,APP001868,57.33,FUZZY,66.67,66.67,20.0,AUTO_APPROVE,False
APP005819,APP003093,65.92,FUZZY,100.0,53.06,0.0,AUTO_APPROVE,False
APP005820,APP006211,60.48,FUZZY,100.0,34.92,0.0,AUTO_APPROVE,False
APP005821,APP002528,56.17,FUZZY,73.33,65.0,0.0,AUTO_APPROVE,False
APP005822,APP009714,100.0,FUZZY,100.0,100.0,100.0,AUTO_REJECT,True
APP005823,APP007156,64.43,FUZZY,100.0,48.1,0.0,AUTO_APPROVE,False
APP005824,APP004646,55.13,FUZZY,81.08,35.29,20.0,AUTO_APPROVE,False
APP005825,APP005582,58.42,FUZZY,100.0,28.07,0.0,AUTO_APPROVE,False
APP005826,APP001080,63.71,FUZZY,100.0,45.71,0.0,AUTO_APPROVE,False
APP005827,APP002643,60.31,FUZZY,100.0,34.38,0.0,AUTO_APPROVE,False
APP005828,APP009760,65.21,FUZZY,100.0,50.7,0.0,AUTO_APPROVE,False
APP005829,APP008653,60.19,FUZZY,71.43,31.58,75.0,AUTO_APPROVE,False
APP005830,APP001548,98.39,FUZZY,96.77,100.0,100.0,AUTO_REJECT,True
APP005831,APP003408,61.26,FUZZY,66.67,43.08,75.0,AUTO_APPROVE,False
APP005832,APP006854,64.48,FUZZY,100.0,48.28,0.0,AUTO_APPROVE,False
APP005833,APP007828,100.0,EXACT_PAN,100.0,100.0,75.0,AUTO_REJECT,True
APP005834,APP004242,95.22,FUZZY,94.44,100.0,90.0,AUTO_REJECT,True
APP005835,APP009687,73.02,FUZZY,100.0,63.41,20.0,AUTO_APPROVE,False
APP005836,APP005624,62.58,FUZZY,60.61,57.58,75.0,AUTO_APPROVE,False
APP005837,APP006013,61.62,FUZZY,30.3,88.24,100.0,AUTO_APPROVE,False
APP005838,APP002593,66.17,FUZZY,53.33,81.69,75.0,AUTO_APPROVE,False
APP005839,APP006411,60.67,FUZZY,80.0,55.56,20.0,AUTO_APPROVE,False
APP005840,,0.0,NO_MATCH,0.0,0.0,0.0,AUTO_APPROVE,False
APP005841,APP002302,57.42,FUZZY,87.8,45.07,0.0,AUTO_APPROVE,False
APP005842,APP008724,55.23,FUZZY,48.65,36.36,100.0,AUTO_APPROVE,False
APP005843,APP007989,65.0,FUZZY,100.0,50.0,0.0,AUTO_APPROVE,False
APP005844,APP006250,63.24,FUZZY,100.0,44.12,0.0,AUTO_APPROVE,False
APP005845,APP007652,62.0,FUZZY,100.0,40.0,0.0,AUTO_APPROVE,False
APP005846,APP004932,55.65,FUZZY,81.08,37.04,20.0,AUTO_APPROVE,False
APP005847,APP002694,53.37,FUZZY,76.92,36.36,20.0,AUTO_APPROVE,False
APP005848,APP008165,63.52,FUZZY,100.0,45.07,0.0,AUTO_APPROVE,False
APP005849,APP001305,70.0,FUZZY,100.0,66.67,0.0,AUTO_APPROVE,False
APP005850,APP006169,56.07,FUZZY,75.0,48.57,20.0,AUTO_APPROVE,False
APP005851,APP006531,64.06,FUZZY,100.0,46.88,0.0,AUTO_APPROVE,False
APP005852,APP008242,63.6,FUZZY,100.0,45.33,0.0,AUTO_APPROVE,False
APP005853,APP005000,62.51,FUZZY,60.47,57.58,75.0,AUTO_APPROVE,False
APP005854,APP003725,63.53,FUZZY,47.06,66.67,100.0,AUTO_APPROVE,False
APP005855,APP002296,63.71,FUZZY,100.0,32.35,20.0,AUTO_APPROVE,False
APP005856,APP008498,59.44,FUZZY,66.67,73.68,20.0,AUTO_APPROVE,False
APP005857,APP002832,56.99,FUZZY,70.59,58.97,20.0,AUTO_APPROVE,False
APP005858,APP006709,54.17,FUZZY,60.0,30.56,75.0,AUTO_APPROVE,False
APP005859,APP009553,65.94,FUZZY,68.75,91.89,20.0,AUTO_APPROVE,False
APP005860,APP009886,71.87,FUZZY,70.59,55.26,100.0,AUTO_APPROVE,False
APP005861,APP007383,55.74,FUZZY,62.86,67.69,20.0,AUTO_APPROVE,False
APP005862,APP002394,64.99,FUZZY,73.68,43.84,75.0,AUTO_APPROVE,False
APP005863,APP006628,68.86,FUZZY,66.67,68.42,75.0,AUTO_APPROVE,False
APP005864,APP004015,61.14,FUZZY,100.0,37.14,0.0,AUTO_APPROVE,False
APP005865,APP008776,68.61,FUZZY,85.0,73.68,20.0,AUTO_APPROVE,False
APP005866,APP009359,66.19,FUZZY,100.0,40.62,20.0,AUTO_APPROVE,False
APP005867,APP003545,60.78,FUZZY,62.86,47.83,75.0,AUTO_APPROVE,False
APP005868,APP001897,59.24,FUZZY,76.19,57.14,20.0,AUTO_APPROVE,False
APP005869,APP006157,61.83,FUZZY,100.0,39.44,0.0,AUTO_APPROVE,False
APP005870,APP000625,67.72,FUZZY,85.71,32.88,75.0,AUTO_APPROVE,False
APP005871,APP005540,65.15,FUZZY,52.63,79.45,75.0,AUTO_APPROVE,False
APP005872,APP009747,67.62,FUZZY,81.25,40.0,75.0,AUTO_APPROVE,False
APP005873,APP007934,57.71,FUZZY,94.74,34.48,0.0,AUTO_APPROVE,False
APP005874,APP003162,69.44,FUZZY,100.0,64.79,0.0,AUTO_APPROVE,False
APP005875,APP001287,59.31,FUZZY,100.0,31.03,0.0,AUTO_APPROVE,False
APP005876,APP007580,62.18,FUZZY,66.67,46.15,75.0,AUTO_APPROVE,False
APP005877,APP009806,72.29,FUZZY,80.0,57.63,75.0,AUTO_APPROVE,False
APP005878,APP001206,53.02,FUZZY,42.42,39.34,100.0,AUTO_APPROVE,False
APP005879,APP009761,56.41,FUZZY,58.82,40.0,75.0,AUTO_APPROVE,False
APP005880,APP005935,64.78,FUZZY,66.67,54.84,75.0,AUTO_APPROVE,False
APP005881,APP007659,100.0,EXACT_PAN,100.0,100.0,75.0,AUTO_REJECT,True
APP005882,APP007469,57.55,FUZZY,80.0,45.16,20.0,AUTO_APPROVE,False
APP005883,APP007487,53.99,FUZZY,70.59,48.98,20.0,AUTO_APPROVE,False
APP005884,APP006110,69.38,FUZZY,82.76,80.0,20.0,AUTO_APPROVE,False
APP005885,APP006814,95.0,FUZZY,100.0,100.0,75.0,AUTO_REJECT,True
APP005886,APP001533,69.09,FUZZY,100.0,63.64,0.0,AUTO_APPROVE,False
APP005887,APP002892,54.38,FUZZY,81.82,31.58,20.0,AUTO_APPROVE,False
APP005888,APP009338,65.37,FUZZY,84.85,63.16,20.0,AUTO_APPROVE,False
APP005889,APP009181,61.64,FUZZY,100.0,38.81,0.0,AUTO_APPROVE,False
APP005890,APP002144,62.16,FUZZY,89.66,44.44,20.0,AUTO_APPROVE,False
APP005891,APP008684,63.53,FUZZY,80.0,65.12,20.0,AUTO_APPROVE,False
APP005892,APP003956,96.67,FUZZY,93.33,100.0,100.0,AUTO_REJECT,True
APP005893,APP001130,67.14,FUZZY,100.0,57.14,0.0,AUTO_APPROVE,False
APP005894,APP003177,59.47,FUZZY,100.0,31.58,0.0,AUTO_APPROVE,False
APP005895,APP006409,68.14,FUZZY,100.0,60.47,0.0,AUTO_APPROVE,False
APP005896,APP002128,61.12,FUZZY,66.67,42.62,75.0,AUTO_APPROVE,False
APP005897,APP004576,66.52,FUZZY,100.0,55.07,0.0,AUTO_APPROVE,False
APP005898,APP002016,71.52,FUZZY,86.36,44.44,75.0,AUTO_APPROVE,False
APP005899,APP000691,62.97,FUZZY,100.0,43.24,0.0,AUTO_APPROVE,False
APP005900,APP007074,65.27,FUZZY,100.0,50.91,0.0,AUTO_APPROVE,False
APP005901,APP006254,60.67,FUZZY,68.57,37.93,75.0,AUTO_APPROVE,False
APP005902,APP007876,65.65,FUZZY,100.0,52.17,0.0,AUTO_APPROVE,False
APP005903,APP009390,61.84,FUZZY,75.68,30.0,75.0,AUTO_APPROVE,False
APP005904,APP009637,65.0,FUZZY,100.0,50.0,0.0,AUTO_APPROVE,False
APP005905,APP000770,62.45,FUZZY,100.0,41.51,0.0,AUTO_APPROVE,False
APP005906,APP006325,100.0,EXACT_PAN,100.0,100.0,75.0,AUTO_REJECT,True
APP005907,APP006761,57.03,FUZZY,61.11,38.24,75.0,AUTO_APPROVE,False
APP005908,APP003636,56.72,FUZZY,63.16,33.8,75.0,AUTO_APPROVE,False
APP005909,APP009772,65.56,FUZZY,68.42,37.84,100.0,AUTO_APPROVE,False
APP005910,APP007831,65.97,FUZZY,78.26,39.47,75.0,AUTO_APPROVE,False
APP005911,APP008005,69.25,FUZZY,100.0,50.85,20.0,AUTO_APPROVE,False
APP005912,APP002414,98.65,FUZZY,97.3,100.0,100.0,AUTO_REJECT,True
APP005913,APP005752,62.5,FUZZY,66.67,47.22,75.0,AUTO_APPROVE,False
APP005914,APP003028,67.04,FUZZY,77.42,44.44,75.0,AUTO_APPROVE,False
APP005915,APP007641,97.0,EXACT_PHONE,96.3,100.0,75.0,AUTO_REJECT,True
APP005916,APP001996,63.6,FUZZY,100.0,45.33,0.0,AUTO_APPROVE,False
APP005917,APP007392,68.1,FUZZY,76.19,100.0,0.0,AUTO_APPROVE,False
APP005918,APP007482,67.78,FUZZY,100.0,45.95,20.0,AUTO_APPROVE,False
APP005919,APP008741,64.78,FUZZY,69.57,100.0,0.0,AUTO_APPROVE,False
APP005920,APP009901,100.0,EXACT_PAN,97.56,100.0,75.0,AUTO_REJECT,True
APP005921,APP000955,74.55,FUZZY,100.0,81.82,0.0,AUTO_APPROVE,False
APP005922,APP008389,52.71,FUZZY,76.47,34.92,20.0,AUTO_APPROVE,False
APP005923,APP000108,71.92,FUZZY,80.0,56.41,75.0,AUTO_APPROVE,False
APP005924,APP000704,57.45,FUZZY,46.67,47.06,100.0,AUTO_APPROVE,False
APP005925,APP006786,56.92,FUZZY,80.0,43.08,20.0,AUTO_APPROVE,False
APP005926,APP006647,78.33,FUZZY,66.67,100.0,75.0,AUTO_APPROVE,False
APP005927,APP001481,57.64,FUZZY,81.48,56.34,0.0,AUTO_APPROVE,False
APP005928,APP006632,70.2,FUZZY,70.59,56.34,90.0,AUTO_APPROVE,False
APP005929,APP004269,66.32,FUZZY,57.14,59.15,100.0,AUTO_APPROVE,False
APP005930,APP002981,58.03,FUZZY,78.79,48.78,20.0,AUTO_APPROVE,False
APP005931,APP000429,97.31,FUZZY,94.62,100.0,100.0,AUTO_REJECT,True
APP005932,APP007499,52.11,FUZZY,72.22,40.0,20.0,AUTO_APPROVE,False
APP005933,APP006392,76.86,FUZZY,92.22,35.82,100.0,AUTO_APPROVE,True
APP005934,APP006255,68.59,FUZZY,100.0,48.65,20.0,AUTO_APPROVE,False
APP005935,APP005453,93.39,FUZZY,96.77,100.0,75.0,AUTO_REJECT,True
APP005936,APP007330,61.36,FUZZY,50.0,54.55,100.0,AUTO_APPROVE,False
APP005937,APP005638,60.26,FUZZY,100.0,34.21,0.0,AUTO_APPROVE,False
APP005938,APP000470,68.27,FUZZY,61.54,58.33,100.0,AUTO_APPROVE,False
APP005939,APP009282,100.0,FUZZY,100.0,100.0,100.0,AUTO_REJECT,True
APP005940,APP003726,67.12,FUZZY,87.18,65.12,20.0,AUTO_APPROVE,False
APP005941,APP000748,62.87,FUZZY,62.5,55.38,75.0,AUTO_APPROVE,False
APP005942,APP006309,97.0,EXACT_PHONE,100.0,100.0,100.0,AUTO_REJECT,True
APP005943,APP002732,67.5,FUZZY,100.0,58.33,0.0,AUTO_APPROVE,False
APP005944,APP000946,56.16,FUZZY,80.0,40.54,20.0,AUTO_APPROVE,False
APP005945,APP001307,69.12,FUZZY,56.25,70.0,100.0,AUTO_APPROVE,False
APP005946,APP001300,100.0,EXACT_PAN,97.56,100.0,75.0,AUTO_REJECT,True
APP005947,APP001155,62.66,FUZZY,66.67,47.76,75.0,AUTO_APPROVE,False
APP005948,APP002149,71.82,FUZZY,100.0,72.73,0.0,AUTO_APPROVE,False
APP005949,APP007261,96.72,FUZZY,97.44,100.0,90.0,AUTO_REJECT,True
APP005950,APP004202,63.29,FUZZY,80.0,64.29,20.0,AUTO_APPROVE,False
APP005951,APP005931,61.46,FUZZY,94.62,33.85,20.0,AUTO_APPROVE,False
APP005952,APP007461,60.68,FUZZY,100.0,35.62,0.0,AUTO_APPROVE,False
APP005953,APP000227,69.41,FUZZY,100.0,64.71,0.0,AUTO_APPROVE,False
APP005954,APP002051,64.21,FUZZY,100.0,47.37,0.0,AUTO_APPROVE,False
APP005955,APP001957,65.79,FUZZY,100.0,52.63,0.0,AUTO_APPROVE,False
APP005956,APP008220,71.9,FUZZY,75.86,46.58,100.0,AUTO_APPROVE,False
APP005957,APP000321,67.25,FUZZY,83.33,35.29,75.0,AUTO_APPROVE,False
APP005958,APP009445,66.5,FUZZY,100.0,55.0,0.0,AUTO_APPROVE,False
APP005959,APP000829,63.15,FUZZY,100.0,43.84,0.0,AUTO_APPROVE,False
APP005960,APP006817,61.55,FUZZY,83.33,52.94,20.0,AUTO_APPROVE,False
APP005961,APP006085,68.52,FUZZY,75.86,51.95,75.0,AUTO_APPROVE,False
APP005962,APP005113,76.86,FUZZY,85.71,100.0,20.0,AUTO_APPROVE,False
APP005963,APP006199,61.61,FUZZY,100.0,38.71,0.0,AUTO_APPROVE,False
APP005964,APP004314,100.0,EXACT_PAN,94.12,100.0,100.0,AUTO_REJECT,True
APP005965,APP006301,60.81,FUZZY,66.67,78.26,20.0,AUTO_APPROVE,False
APP005966,APP003520,71.5,FUZZY,100.0,58.33,20.0,AUTO_APPROVE,False
APP005967,APP003921,61.29,FUZZY,50.0,54.29,100.0,AUTO_APPROVE,False
APP005968,APP006622,62.5,FUZZY,100.0,41.67,0.0,AUTO_APPROVE,False
APP005969,APP002119,98.57,FUZZY,97.14,100.0,100.0,AUTO_REJECT,True
APP005970,APP000977,65.21,FUZZY,100.0,50.7,0.0,AUTO_APPROVE,False
APP005971,APP006113,53.54,FUZZY,82.76,40.54,0.0,AUTO_APPROVE,False
APP005972,APP007229,56.28,FUZZY,74.07,50.79,20.0,AUTO_APPROVE,False
APP005973,APP002426,67.27,FUZZY,100.0,57.58,0.0,AUTO_APPROVE,False
APP005974,APP003080,97.5,FUZZY,95.0,100.0,100.0,AUTO_REJECT,True
APP005975,APP005146,62.03,FUZZY,72.73,72.22,20.0,AUTO_APPROVE,False
APP005976,APP001295,61.54,FUZZY,54.05,48.39,100.0,AUTO_APPROVE,False
APP005977,APP005166,67.46,FUZZY,82.35,74.29,20.0,AUTO_APPROVE,False
APP005978,APP001818,68.29,FUZZY,100.0,47.62,20.0,AUTO_APPROVE,False
APP005979,APP002643,68.0,FUZZY,100.0,46.67,20.0,AUTO_APPROVE,False
APP005980,APP009059,56.96,FUZZY,52.63,35.48,100.0,AUTO_APPROVE,False
APP005981,APP006466,64.79,FUZZY,58.82,67.92,75.0,AUTO_APPROVE,False
APP005982,APP004004,71.22,FUZZY,100.0,70.73,0.0,AUTO_APPROVE,False
APP005983,APP004117,65.2,FUZZY,100.0,50.67,0.0,AUTO_APPROVE,False
APP005984,APP009441,54.39,FUZZY,62.5,27.12,75.0,AUTO_APPROVE,False
APP005985,APP008395,69.76,FUZZY,86.67,38.1,75.0,AUTO_APPROVE,False
APP005986,APP000912,64.87,FUZZY,83.33,64.0,20.0,AUTO_APPROVE,False
APP005987,APP003499,56.63,FUZZY,58.82,40.74,75.0,AUTO_APPROVE,False
APP005988,APP007139,66.22,FUZZY,80.0,74.07,20.0,AUTO_APPROVE,False
APP005989,APP001527,62.33,FUZZY,63.16,35.82,100.0,AUTO_APPROVE,False
APP005990,APP006536,64.77,FUZZY,100.0,49.23,0.0,AUTO_APPROVE,False
APP005991,APP002205,59.84,FUZZY,60.0,32.79,100.0,AUTO_APPROVE,False
APP005992,APP002920,64.81,FUZZY,100.0,49.35,0.0,AUTO_APPROVE,False
APP005993,APP008062,60.35,FUZZY,37.5,72.0,100.0,AUTO_APPROVE,False
APP005994,APP003217,54.26,FUZZY,74.07,44.07,20.0,AUTO_APPROVE,False
APP005995,APP009752,66.29,FUZZY,50.0,70.97,100.0,AUTO_APPROVE,False
APP005996,APP007281,68.1,FUZZY,76.19,100.0,0.0,AUTO_APPROVE,False
APP005997,APP008503,67.33,FUZZY,66.67,100.0,20.0,AUTO_APPROVE,False
APP005998,APP002943,62.17,FUZZY,100.0,40.58,0.0,AUTO_APPROVE,False
APP005999,APP002179,100.0,FUZZY,100.0,100.0,100.0,AUTO_REJECT,True
APP006000,APP007344,68.36,FUZZY,71.43,58.82,75.0,AUTO_APPROVE,False
APP006001,APP005504,64.3,FUZZY,56.25,70.59,75.0,AUTO_APPROVE,False
APP006002,APP009104,55.91,FUZZY,76.92,44.83,20.0,AUTO_APPROVE,False
APP006003,APP002789,61.08,FUZZY,100.0,36.92,0.0,AUTO_APPROVE,False
APP006004,APP007387,52.13,FUZZY,81.48,37.97,0.0,AUTO_APPROVE,False
APP006005,APP006320,65.73,FUZZY,72.73,47.89,75.0,AUTO_APPROVE,False
APP006006,APP001139,59.09,FUZZY,100.0,30.3,0.0,AUTO_APPROVE,False
APP006007,APP002083,56.32,FUZZY,73.33,52.17,20.0,AUTO_APPROVE,False
APP006008,APP008179,54.91,FUZZY,80.0,36.36,20.0,AUTO_APPROVE,False
APP006009,APP002886,98.65,FUZZY,97.3,100.0,100.0,AUTO_REJECT,True
APP006010,APP000186,62.28,FUZZY,65.0,49.28,75.0,AUTO_APPROVE,False
APP006011,APP009145,55.44,FUZZY,41.38,49.18,100.0,AUTO_APPROVE,False
APP006012,APP009971,72.5,FUZZY,100.0,75.0,0.0,AUTO_APPROVE,False
APP006013,APP005668,64.73,FUZZY,62.86,61.02,75.0,AUTO_APPROVE,False
APP006014,APP003658,97.0,EXACT_PHONE,96.97,100.0,75.0,AUTO_REJECT,True
APP006015,APP004795,59.64,FUZZY,100.0,32.14,0.0,AUTO_APPROVE,False
APP006016,APP007342,100.0,EXACT_PAN,95.0,100.0,90.0,AUTO_REJECT,True
APP006017,APP002994,63.46,FUZZY,76.92,70.0,20.0,AUTO_APPROVE,False
APP006018,APP000728,50.33,FUZZY,76.92,26.23,20.0,AUTO_APPROVE,False
APP006019,APP009059,64.44,FUZZY,100.0,48.15,0.0,AUTO_APPROVE,False
APP006020,APP005556,65.62,FUZZY,50.0,68.75,100.0,AUTO_APPROVE,False
APP006021,APP001147,63.67,FUZZY,100.0,45.57,0.0,AUTO_APPROVE,False
APP006022,APP002629,66.44,FUZZY,100.0,54.79,0.0,AUTO_APPROVE,False
APP006023,APP002786,97.0,EXACT_PHONE,96.55,100.0,100.0,AUTO_REJECT,True
APP006024,APP009370,93.72,FUZZY,97.44,100.0,75.0,AUTO_REJECT,True
APP006025,APP007106,68.24,FUZZY,100.0,47.46,20.0,AUTO_APPROVE,False
APP006026,APP002290,68.93,FUZZY,80.0,46.43,75.0,AUTO_APPROVE,False
APP006027,APP001988,64.63,FUZZY,100.0,48.78,0.0,AUTO_APPROVE,False
APP006028,APP007518,60.82,FUZZY,72.0,32.73,75.0,AUTO_APPROVE,False
APP006029,APP000388,58.6,FUZZY,83.87,55.56,0.0,AUTO_APPROVE,False
APP006030,APP003031,67.33,FUZZY,100.0,57.78,0.0,AUTO_APPROVE,False
APP006031,APP008233,96.15,FUZZY,92.31,100.0,100.0,AUTO_REJECT,True
APP006032,APP004078,57.04,FUZZY,66.67,29.03,75.0,AUTO_APPROVE,False
APP006033,APP003504,93.48,FUZZY,96.97,100.0,75.0,AUTO_REJECT,True
APP006034,APP007612,59.85,FUZZY,100.0,32.84,0.0,AUTO_APPROVE,False
APP006035,APP001465,63.68,FUZZY,100.0,45.61,0.0,AUTO_APPROVE,False
APP006036,APP003066,60.29,FUZZY,80.0,54.29,20.0,AUTO_APPROVE,False
APP006037,APP007412,73.29,FUZZY,100.0,64.29,20.0,AUTO_APPROVE,False
APP006038,APP008648,93.48,FUZZY,96.97,100.0,75.0,AUTO_REJECT,True
APP006039,APP002722,69.33,FUZZY,82.35,43.84,75.0,AUTO_APPROVE,False
APP006040,APP007727,62.35,FUZZY,100.0,41.18,0.0,AUTO_APPROVE,False
APP006041,APP008404,69.22,FUZZY,75.0,55.74,75.0,AUTO_APPROVE,False
APP006042,APP000582,65.55,FUZZY,59.46,69.39,75.0,AUTO_APPROVE,False
APP006043,APP001151,67.39,FUZZY,100.0,57.97,0.0,AUTO_APPROVE,False
APP006044,APP006284,100.0,FUZZY,100.0,100.0,100.0,AUTO_REJECT,True
APP006045,APP003473,65.21,FUZZY,100.0,50.7,0.0,AUTO_APPROVE,False
APP006046,APP002585,62.29,FUZZY,70.59,40.0,75.0,AUTO_APPROVE,False
APP006047,APP004889,63.33,FUZZY,69.57,45.16,75.0,AUTO_APPROVE,False
APP006048,APP006281,61.63,FUZZY,77.78,25.81,75.0,AUTO_APPROVE,False
APP006049,APP003377,63.85,FUZZY,82.05,26.09,75.0,AUTO_APPROVE,False
APP006050,APP003853,53.72,FUZZY,76.47,51.61,0.0,AUTO_APPROVE,False
APP006051,APP009189,55.95,FUZZY,40.0,53.16,100.0,AUTO_APPROVE,False
APP006052,APP007536,100.0,EXACT_PAN,91.89,100.0,90.0,AUTO_REJECT,True
APP006053,APP007522,59.27,FUZZY,63.16,92.31,0.0,AUTO_APPROVE,False
APP006054,APP003194,54.29,FUZZY,53.85,24.56,100.0,AUTO_APPROVE,False
APP006055,APP004348,62.0,FUZZY,100.0,40.0,0.0,AUTO_APPROVE,False
APP006056,APP007609,61.25,FUZZY,100.0,37.5,0.0,AUTO_APPROVE,False
APP006057,APP001555,62.85,FUZZY,81.08,61.02,20.0,AUTO_APPROVE,False
APP006058,APP000102,58.88,FUZZY,47.37,50.67,100.0,AUTO_APPROVE,False
APP006059,APP005618,63.08,FUZZY,100.0,43.59,0.0,AUTO_APPROVE,False
APP006060,APP003173,100.0,EXACT_PAN,93.75,100.0,75.0,AUTO_REJECT,True
APP006061,APP003231,58.62,FUZZY,66.67,34.29,75.0,AUTO_APPROVE,False
APP006062,APP007019,98.39,FUZZY,96.77,100.0,100.0,AUTO_REJECT,True
APP006063,APP006981,69.83,FUZZY,70.59,65.12,75.0,AUTO_APPROVE,False
APP006064,APP000215,63.6,FUZZY,100.0,45.33,0.0,AUTO_APPROVE,False
APP006065,APP001632,92.06,FUZZY,94.12,100.0,75.0,AUTO_REJECT,True
APP006066,APP004582,73.71,FUZZY,100.0,65.71,20.0,AUTO_APPROVE,False
APP006067,APP006756,65.95,FUZZY,80.0,73.17,20.0,AUTO_APPROVE,False
APP006068,APP002157,62.46,FUZZY,59.46,42.42,100.0,AUTO_APPROVE,False
APP006069,APP007408,63.05,FUZZY,71.43,77.78,20.0,AUTO_APPROVE,False
APP006070,APP001235,58.64,FUZZY,64.71,74.29,20.0,AUTO_APPROVE,False
APP006071,APP007345,65.45,FUZZY,100.0,51.52,0.0,AUTO_APPROVE,False
APP006072,APP004904,58.57,FUZZY,57.14,100.0,0.0,AUTO_APPROVE,False
APP006073,APP001797,70.83,FUZZY,100.0,69.44,0.0,AUTO_APPROVE,False
APP006074,APP000706,66.57,FUZZY,87.5,76.06,0.0,AUTO_APPROVE,False
APP006075,APP008578,73.53,FUZZY,100.0,78.43,0.0,AUTO_APPROVE,False
APP006076,APP004436,61.58,FUZZY,63.16,100.0,0.0,AUTO_APPROVE,False
APP006077,APP004792,63.33,FUZZY,66.67,50.0,75.0,AUTO_APPROVE,False
APP006078,APP005546,70.76,FUZZY,100.0,55.88,20.0,AUTO_APPROVE,False
APP006079,APP008576,63.81,FUZZY,64.86,37.93,100.0,AUTO_APPROVE,False
APP006080,APP008278,65.0,FUZZY,100.0,50.0,0.0,AUTO_APPROVE,False
APP006081,APP009898,59.47,FUZZY,100.0,31.58,0.0,AUTO_APPROVE,False
APP006082,APP002158,71.18,FUZZY,100.0,70.59,0.0,AUTO_APPROVE,False
APP006083,APP000048,67.58,FUZZY,85.71,69.09,20.0,AUTO_APPROVE,False
APP006084,APP002628,100.0,EXACT_PAN,94.44,100.0,100.0,AUTO_REJECT,True
APP006085,APP005961,68.52,FUZZY,75.86,51.95,75.0,AUTO_APPROVE,False
APP006086,APP000386,71.43,FUZZY,85.71,28.57,100.0,AUTO_APPROVE,False
APP006087,APP009610,59.65,FUZZY,66.67,21.05,100.0,AUTO_APPROVE,False
APP006088,APP003323,64.23,FUZZY,78.79,32.79,75.0,AUTO_APPROVE,False
APP006089,APP007932,64.4,FUZZY,100.0,48.0,0.0,AUTO_APPROVE,False
APP006090,APP009118,76.84,FUZZY,100.0,89.47,0.0,AUTO_APPROVE,False
APP006091,APP007007,100.0,EXACT_PAN,100.0,100.0,90.0,AUTO_REJECT,True
APP006092,APP008811,65.52,FUZZY,100.0,51.72,0.0,AUTO_APPROVE,False
APP006093,APP005560,63.52,FUZZY,100.0,45.07,0.0,AUTO_APPROVE,False
APP006094,APP003641,72.46,FUZZY,82.35,54.29,75.0,AUTO_APPROVE,False
APP006095,APP004615,60.0,FUZZY,100.0,33.33,0.0,AUTO_APPROVE,False
APP006096,APP003794,57.37,FUZZY,66.67,30.14,75.0,AUTO_APPROVE,False
APP006097,APP002405,60.95,FUZZY,52.94,64.94,75.0,AUTO_APPROVE,False
APP006098,APP002677,65.0,FUZZY,100.0,50.0,0.0,AUTO_APPROVE,False
APP006099,APP005331,63.2,FUZZY,80.0,64.0,20.0,AUTO_APPROVE,False
APP006100,,0.0,NO_MATCH,0.0,0.0,0.0,AUTO_APPROVE,False
APP006101,APP005272,69.55,FUZZY,66.67,70.73,75.0,AUTO_APPROVE,False
APP006102,APP002403,63.77,FUZZY,100.0,45.9,0.0,AUTO_APPROVE,False
APP006103,APP003277,54.05,FUZZY,73.17,58.23,0.0,AUTO_APPROVE,False
APP006104,APP006166,67.57,FUZZY,57.14,63.33,100.0,AUTO_APPROVE,False
APP006105,APP002306,53.77,FUZZY,70.0,49.23,20.0,AUTO_APPROVE,False
APP006106,APP000157,74.94,FUZZY,83.87,60.0,75.0,AUTO_APPROVE,False
APP006107,APP004198,70.29,FUZZY,100.0,54.29,20.0,AUTO_APPROVE,False
APP006108,APP003811,68.5,FUZZY,70.0,45.0,100.0,AUTO_APPROVE,False
APP006109,APP006957,100.0,EXACT_PAN,93.75,100.0,75.0,AUTO_REJECT,True
APP006110,APP005884,69.38,FUZZY,82.76,80.0,20.0,AUTO_APPROVE,False
APP006111,APP001967,97.0,EXACT_PHONE,97.3,100.0,90.0,AUTO_REJECT,True
APP006112,APP009688,69.08,FUZZY,64.71,72.41,75.0,AUTO_APPROVE,False
APP006113,APP009202,56.85,FUZZY,72.73,68.29,0.0,AUTO_APPROVE,False
APP006114,APP004353,61.67,FUZZY,66.67,44.44,75.0,AUTO_APPROVE,False
APP006115,APP005963,52.86,FUZZY,64.29,55.74,20.0,AUTO_APPROVE,False
APP006116,APP008056,66.6,FUZZY,50.0,72.0,100.0,AUTO_APPROVE,False
APP006117,APP009098,68.1,FUZZY,100.0,60.32,0.0,AUTO_APPROVE,False
APP006118,APP007640,66.18,FUZZY,61.11,68.75,75.0,AUTO_APPROVE,False
APP006119,APP003356,97.0,EXACT_PHONE,100.0,100.0,75.0,AUTO_REJECT,True
APP006120,APP007720,65.0,FUZZY,100.0,50.0,0.0,AUTO_APPROVE,False
APP006121,APP006673,100.0,EXACT_PAN,92.86,100.0,100.0,AUTO_REJECT,True
APP006122,APP001886,56.0,FUZZY,80.0,40.0,20.0,AUTO_APPROVE,False
APP006123,APP005627,70.0,FUZZY,100.0,66.67,0.0,AUTO_APPROVE,False
APP006124,APP003900,64.29,FUZZY,100.0,47.62,0.0,AUTO_APPROVE,False
APP006125,APP008904,59.84,FUZZY,100.0,32.79,0.0,AUTO_APPROVE,False
APP006126,APP004083,56.07,FUZZY,63.16,68.29,20.0,AUTO_APPROVE,False
APP006127,APP002187,97.06,FUZZY,94.12,100.0,100.0,AUTO_REJECT,True
APP006128,APP005819,65.82,FUZZY,64.71,44.9,100.0,AUTO_APPROVE,False
APP006129,APP009946,63.09,FUZZY,100.0,43.64,0.0,AUTO_APPROVE,False
APP006130,APP000093,66.29,FUZZY,100.0,54.29,0.0,AUTO_APPROVE,False
APP006131,APP002869,64.06,FUZZY,100.0,46.88,0.0,AUTO_APPROVE,False
APP006132,APP005153,59.77,FUZZY,61.54,83.33,20.0,AUTO_APPROVE,False
APP006133,APP007386,60.65,FUZZY,100.0,35.48,0.0,AUTO_APPROVE,False
APP006134,APP005300,62.63,FUZZY,100.0,42.11,0.0,AUTO_APPROVE,False
APP006135,APP006103,52.1,FUZZY,66.67,49.23,20.0,AUTO_APPROVE,False
APP006136,APP007453,56.83,FUZZY,64.52,68.57,20.0,AUTO_APPROVE,False
APP006137,APP005630,66.36,FUZZY,100.0,54.55,0.0,AUTO_APPROVE,False
APP006138,APP003585,60.22,FUZZY,62.5,46.58,75.0,AUTO_APPROVE,False
APP006139,APP006498,70.26,FUZZY,74.29,60.38,75.0,AUTO_APPROVE,False
APP006140,APP008747,100.0,EXACT_PAN,94.12,100.0,90.0,AUTO_REJECT,True
APP006141,APP005183,65.82,FUZZY,50.0,69.39,100.0,AUTO_APPROVE,False
APP006142,APP009734,93.72,FUZZY,97.44,100.0,75.0,AUTO_REJECT,True
APP006143,APP005748,54.04,FUZZY,68.97,51.85,20.0,AUTO_APPROVE,False
APP006144,APP007955,67.68,FUZZY,100.0,45.61,20.0,AUTO_APPROVE,False
APP006145,APP008462,97.31,FUZZY,94.62,100.0,100.0,AUTO_REJECT,True
APP006146,APP000025,63.57,FUZZY,57.14,66.67,75.0,AUTO_APPROVE,False
APP006147,APP005340,57.78,FUZZY,81.08,44.12,20.0,AUTO_APPROVE,False
APP006148,APP000915,70.0,FUZZY,100.0,66.67,0.0,AUTO_APPROVE,False
APP006149,APP004039,55.91,FUZZY,76.92,44.83,20.0,AUTO_APPROVE,False
APP006150,,0.0,NO_MATCH,0.0,0.0,0.0,AUTO_APPROVE,False
APP006151,APP003527,97.0,EXACT_PHONE,100.0,100.0,75.0,AUTO_REJECT,True
APP006152,APP009035,93.0,FUZZY,86.0,100.0,100.0,AUTO_REJECT,True
APP006153,APP005730,63.93,FUZZY,75.0,38.1,75.0,AUTO_APPROVE,False
APP006154,APP004220,61.5,FUZZY,85.0,50.0,20.0,AUTO_APPROVE,False
APP006155,APP002409,66.08,FUZZY,58.82,72.22,75.0,AUTO_APPROVE,False
APP006156,APP009708,64.03,FUZZY,62.86,58.67,75.0,AUTO_APPROVE,False
APP006157,APP003481,65.17,FUZZY,57.14,72.0,75.0,AUTO_APPROVE,False
APP006158,APP007000,100.0,FUZZY,100.0,100.0,100.0,AUTO_REJECT,True
APP006159,APP003495,70.49,FUZZY,76.92,56.76,75.0,AUTO_APPROVE,False
APP006160,APP002513,100.0,EXACT_PAN,94.74,100.0,75.0,AUTO_REJECT,True
APP006161,APP002926,62.71,FUZZY,100.0,29.03,20.0,AUTO_APPROVE,False
APP006162,APP005340,97.0,EXACT_PHONE,97.14,100.0,75.0,AUTO_REJECT,True
APP006163,APP009294,55.22,FUZZY,74.07,47.27,20.0,AUTO_APPROVE,False
APP006164,APP006444,65.29,FUZZY,70.59,100.0,0.0,AUTO_APPROVE,False
APP006165,APP008513,70.0,FUZZY,100.0,66.67,0.0,AUTO_APPROVE,False
APP006166,APP006104,67.57,FUZZY,57.14,63.33,100.0,AUTO_APPROVE,False
APP006167,APP001153,72.64,FUZZY,100.0,75.47,0.0,AUTO_APPROVE,False
APP006168,APP004040,100.0,FUZZY,100.0,100.0,100.0,AUTO_REJECT,True
APP006169,APP003946,93.48,FUZZY,96.97,100.0,75.0,AUTO_REJECT,True
APP006170,APP006268,62.58,FUZZY,100.0,41.94,0.0,AUTO_APPROVE,False
APP006171,APP001138,71.57,FUZZY,57.14,93.33,75.0,AUTO_APPROVE,False
APP006172,APP005460,78.37,FUZZY,70.59,76.92,100.0,AUTO_APPROVE,False
APP006173,APP007497,62.0,FUZZY,100.0,40.0,0.0,AUTO_APPROVE,False
APP006174,APP008198,97.0,EXACT_PHONE,100.0,100.0,75.0,AUTO_REJECT,True
APP006175,APP009763,59.91,FUZZY,83.87,46.58,20.0,AUTO_APPROVE,False
APP006176,APP006573,64.46,FUZZY,87.18,56.25,20.0,AUTO_APPROVE,False
APP006177,APP003105,69.13,FUZZY,100.0,63.77,0.0,AUTO_APPROVE,False
APP006178,APP009349,100.0,FUZZY,100.0,100.0,100.0,AUTO_REJECT,True
APP006179,APP008152,61.67,FUZZY,100.0,38.89,0.0,AUTO_APPROVE,False
APP006180,APP000182,98.57,FUZZY,97.14,100.0,100.0,AUTO_REJECT,True
APP006181,APP007016,61.58,FUZZY,63.16,100.0,0.0,AUTO_APPROVE,False
APP006182,APP001236,64.0,FUZZY,100.0,33.33,20.0,AUTO_APPROVE,False
APP006183,APP003008,65.0,FUZZY,60.0,66.67,75.0,AUTO_APPROVE,False
APP006184,APP001334,64.63,FUZZY,100.0,48.78,0.0,AUTO_APPROVE,False
APP006185,APP000801,57.47,FUZZY,83.33,39.34,20.0,AUTO_APPROVE,False
APP006186,APP007970,60.34,FUZZY,83.87,48.0,20.0,AUTO_APPROVE,False
APP006187,APP009264,52.91,FUZZY,58.82,65.0,20.0,AUTO_APPROVE,False
APP006188,APP001641,100.0,EXACT_PAN,97.56,100.0,100.0,AUTO_REJECT,True
APP006189,APP004231,59.8,FUZZY,78.26,55.56,20.0,AUTO_APPROVE,False
APP006190,APP002372,70.72,FUZZY,85.0,44.07,75.0,AUTO_APPROVE,False
APP006191,APP009858,61.14,FUZZY,100.0,37.14,0.0,AUTO_APPROVE,False
APP006192,APP005036,70.08,FUZZY,85.71,77.42,20.0,AUTO_APPROVE,False
APP006193,APP000286,100.0,FUZZY,100.0,100.0,100.0,AUTO_REJECT,True
APP006194,APP002838,59.38,FUZZY,82.76,60.0,0.0,AUTO_APPROVE,False
APP006195,APP008100,56.79,FUZZY,57.14,44.07,75.0,AUTO_APPROVE,False
APP006196,APP009371,62.36,FUZZY,83.33,68.97,0.0,AUTO_APPROVE,False
APP006197,APP008498,57.09,FUZZY,61.11,38.46,75.0,AUTO_APPROVE,False
APP006198,APP006600,59.6,FUZZY,100.0,32.0,0.0,AUTO_APPROVE,False
APP006199,APP005963,61.61,FUZZY,100.0,38.71,0.0,AUTO_APPROVE,False
APP006200,APP004599,53.12,FUZZY,56.25,33.33,75.0,AUTO_APPROVE,False
APP006201,APP004242,62.47,FUZZY,62.5,54.05,75.0,AUTO_APPROVE,False
APP006202,APP005539,66.03,FUZZY,66.67,58.97,75.0,AUTO_APPROVE,False
APP006203,APP005585,60.37,FUZZY,62.5,47.06,75.0,AUTO_APPROVE,False
APP006204,APP002128,66.73,FUZZY,81.08,73.97,20.0,AUTO_APPROVE,False
APP006205,APP001800,61.71,FUZZY,84.85,64.29,0.0,AUTO_APPROVE,False
APP006206,APP001870,76.94,FUZZY,83.87,66.67,75.0,AUTO_APPROVE,False
APP006207,APP007361,65.43,FUZZY,63.16,46.15,100.0,AUTO_APPROVE,False
APP006208,APP008164,66.36,FUZZY,100.0,54.55,0.0,AUTO_APPROVE,False
APP006209,APP006935,60.59,FUZZY,100.0,35.29,0.0,AUTO_APPROVE,False
APP006210,APP005965,59.2,FUZZY,54.55,56.41,75.0,AUTO_APPROVE,False
APP006211,APP005820,60.48,FUZZY,100.0,34.92,0.0,AUTO_APPROVE,False
APP006212,APP000397,62.35,FUZZY,100.0,41.18,0.0,AUTO_APPROVE,False
APP006213,APP000451,59.76,FUZZY,75.0,60.87,20.0,AUTO_APPROVE,False
APP006214,APP007573,55.0,FUZZY,37.5,54.17,100.0,AUTO_APPROVE,False
APP006215,APP002195,67.27,FUZZY,100.0,57.58,0.0,AUTO_APPROVE,False
APP006216,APP005550,51.62,FUZZY,68.57,44.44,20.0,AUTO_APPROVE,False
APP006217,APP004322,100.0,EXACT_PAN,94.44,100.0,75.0,AUTO_REJECT,True
APP006218,APP002633,62.18,FUZZY,86.36,50.0,20.0,AUTO_APPROVE,False
APP006219,APP007174,64.86,FUZZY,52.63,61.82,100.0,AUTO_APPROVE,False
APP006220,APP005069,54.41,FUZZY,43.75,58.46,75.0,AUTO_APPROVE,False
APP006221,APP001337,61.82,FUZZY,100.0,39.39,0.0,AUTO_APPROVE,False
APP006222,APP008750,71.22,FUZZY,81.48,51.61,75.0,AUTO_APPROVE,False
APP006223,APP004298,68.75,FUZZY,100.0,62.5,0.0,AUTO_APPROVE,False
APP006224,APP009206,63.04,FUZZY,100.0,43.48,0.0,AUTO_APPROVE,False
APP006225,APP005747,100.0,EXACT_PAN,100.0,100.0,75.0,AUTO_REJECT,True
APP006226,APP003665,72.11,FUZZY,100.0,73.68,0.0,AUTO_APPROVE,False
APP006227,APP004322,63.09,FUZZY,100.0,43.64,0.0,AUTO_APPROVE,False
APP006228,APP001183,79.89,FUZZY,74.07,92.86,75.0,AUTO_APPROVE,False
APP006229,APP001774,97.0,EXACT_PHONE,100.0,100.0,75.0,AUTO_REJECT,True
APP006230,APP006243,97.37,FUZZY,94.74,100.0,100.0,AUTO_REJECT,True
APP006231,APP009125,62.92,FUZZY,100.0,43.08,0.0,AUTO_APPROVE,False
APP006232,APP008387,66.58,FUZZY,100.0,55.26,0.0,AUTO_APPROVE,False
APP006233,APP004561,67.5,FUZZY,100.0,58.33,0.0,AUTO_APPROVE,False
APP006234,APP004494,71.18,FUZZY,68.57,72.97,75.0,AUTO_APPROVE,False
APP006235,APP004597,100.0,EXACT_PAN,96.97,100.0,100.0,AUTO_REJECT,True
APP006236,APP002834,61.06,FUZZY,66.67,42.42,75.0,AUTO_APPROVE,False
APP006237,APP000694,67.29,FUZZY,82.76,36.36,75.0,AUTO_APPROVE,False
APP006238,APP009348,62.54,FUZZY,100.0,41.79,0.0,AUTO_APPROVE,False
APP006239,APP009164,63.39,FUZZY,54.05,54.55,100.0,AUTO_APPROVE,False
APP006240,APP000165,60.98,FUZZY,85.0,48.28,20.0,AUTO_APPROVE,False
APP006241,APP002059,65.35,FUZZY,66.67,56.72,75.0,AUTO_APPROVE,False
APP006242,APP001209,58.18,FUZZY,85.71,37.74,20.0,AUTO_APPROVE,False
APP006243,APP006230,97.37,FUZZY,94.74,100.0,100.0,AUTO_REJECT,True
APP006244,APP009765,71.91,FUZZY,76.92,44.83,100.0,AUTO_APPROVE,False
APP006245,APP008012,63.52,FUZZY,74.29,74.58,20.0,AUTO_APPROVE,False
APP006246,APP006464,91.43,FUZZY,92.86,100.0,75.0,FLAG_FOR_REVIEW,True
APP006247,APP006545,71.7,FUZZY,83.87,49.23,75.0,AUTO_APPROVE,False
APP006248,APP009262,66.19,FUZZY,100.0,53.97,0.0,AUTO_APPROVE,False
APP006249,APP003507,59.39,FUZZY,82.05,47.89,20.0,AUTO_APPROVE,False
APP006250,APP001399,66.06,FUZZY,84.85,65.45,20.0,AUTO_APPROVE,False
APP006251,APP007663,67.89,FUZZY,78.57,45.33,75.0,AUTO_APPROVE,False
APP006252,APP007491,62.73,FUZZY,100.0,42.42,0.0,AUTO_APPROVE,False
APP006253,APP001561,66.3,FUZZY,64.71,63.16,75.0,AUTO_APPROVE,False
APP006254,APP005389,68.4,FUZZY,82.35,40.74,75.0,AUTO_APPROVE,False
APP006255,APP005934,68.59,FUZZY,100.0,48.65,20.0,AUTO_APPROVE,False
APP006256,APP001233,64.55,FUZZY,100.0,48.48,0.0,AUTO_APPROVE,False
APP006257,APP003734,100.0,EXACT_PAN,93.75,100.0,100.0,AUTO_REJECT,True
APP006258,APP008282,100.0,EXACT_PAN,97.14,100.0,100.0,AUTO_REJECT,True
APP006259,APP004850,71.74,FUZZY,100.0,72.46,0.0,AUTO_APPROVE,False
APP006260,APP003447,100.0,EXACT_PAN,93.75,100.0,100.0,AUTO_REJECT,True
APP006261,APP006370,69.67,FUZZY,73.33,60.0,75.0,AUTO_APPROVE,False
APP006262,APP006293,63.89,FUZZY,83.33,74.07,0.0,AUTO_APPROVE,False
APP006263,APP008881,66.65,FUZZY,57.14,76.92,75.0,AUTO_APPROVE,False
APP006264,APP006418,59.08,FUZZY,66.67,35.82,75.0,AUTO_APPROVE,False
APP006265,APP002724,61.64,FUZZY,100.0,38.81,0.0,AUTO_APPROVE,False
APP006266,APP009756,62.06,FUZZY,28.57,92.59,100.0,AUTO_APPROVE,False
APP006267,APP000740,64.09,FUZZY,72.73,42.42,75.0,AUTO_APPROVE,False
APP006268,APP006170,62.58,FUZZY,100.0,41.94,0.0,AUTO_APPROVE,False
APP006269,APP007447,56.58,FUZZY,80.0,41.94,20.0,AUTO_APPROVE,False
APP006270,APP006183,65.0,FUZZY,100.0,50.0,0.0,AUTO_APPROVE,False
APP006271,,0.0,NO_MATCH,0.0,0.0,0.0,AUTO_APPROVE,False
APP006272,APP003702,61.69,FUZZY,100.0,38.96,0.0,AUTO_APPROVE,False
APP006273,APP009824,63.33,FUZZY,66.67,100.0,0.0,AUTO_APPROVE,False
APP006274,APP004899,80.72,FUZZY,87.8,72.73,75.0,FLAG_FOR_REVIEW,False
APP006275,APP005607,55.94,FUZZY,63.41,30.77,75.0,AUTO_APPROVE,False
APP006276,APP007951,98.78,FUZZY,97.56,100.0,100.0,AUTO_REJECT,True
APP006277,APP004430,66.65,FUZZY,72.0,52.17,75.0,AUTO_APPROVE,False
APP006278,APP002779,70.71,FUZZY,60.0,85.71,75.0,AUTO_APPROVE,False
APP006279,APP000982,60.15,FUZZY,100.0,33.85,0.0,AUTO_APPROVE,False
APP006280,APP005479,95.0,FUZZY,90.0,100.0,100.0,AUTO_REJECT,True
APP006281,APP006048,61.63,FUZZY,77.78,25.81,75.0,AUTO_APPROVE,False
APP006282,APP006701,62.36,FUZZY,48.48,60.38,100.0,AUTO_APPROVE,False
APP006283,APP002338,61.14,FUZZY,74.29,66.67,20.0,AUTO_APPROVE,False
APP006284,APP006044,100.0,FUZZY,100.0,100.0,100.0,AUTO_REJECT,True
APP006285,APP006918,65.0,FUZZY,77.42,74.29,20.0,AUTO_APPROVE,False
APP006286,APP009413,97.5,FUZZY,95.0,100.0,100.0,AUTO_REJECT,True
APP006287,APP004097,67.04,FUZZY,38.89,92.0,100.0,AUTO_APPROVE,False
APP006288,APP001357,61.47,FUZZY,64.86,46.81,75.0,AUTO_APPROVE,False
APP006289,APP003731,63.34,FUZZY,68.42,30.43,100.0,AUTO_APPROVE,False
APP006290,APP003690,57.5,FUZZY,71.79,58.67,20.0,AUTO_APPROVE,False
APP006291,APP008716,65.52,FUZZY,100.0,51.72,0.0,AUTO_APPROVE,False
APP006292,APP004994,67.5,FUZZY,100.0,58.33,0.0,AUTO_APPROVE,False
APP006293,APP006262,63.89,FUZZY,83.33,74.07,0.0,AUTO_APPROVE,False
APP006294,APP008956,65.15,FUZZY,66.67,39.39,100.0,AUTO_APPROVE,False
APP006295,APP004811,63.33,FUZZY,66.67,100.0,0.0,AUTO_APPROVE,False
APP006296,APP001311,54.23,FUZZY,66.67,56.34,20.0,AUTO_APPROVE,False
APP006297,APP001678,64.92,FUZZY,60.61,65.38,75.0,AUTO_APPROVE,False
APP006298,APP003218,66.36,FUZZY,54.55,63.64,100.0,AUTO_APPROVE,False
APP006299,APP002642,62.04,FUZZY,62.5,52.63,75.0,AUTO_APPROVE,False
APP006300,APP000120,62.14,FUZZY,64.29,100.0,0.0,AUTO_APPROVE,False
APP006301,APP008458,77.86,FUZZY,100.0,42.86,75.0,AUTO_APPROVE,False
APP006302,APP004093,54.33,FUZZY,85.71,38.24,0.0,AUTO_APPROVE,False
APP006303,APP005667,57.39,FUZZY,83.87,51.52,0.0,AUTO_APPROVE,False
APP006304,APP008467,64.8,FUZZY,80.0,69.33,20.0,AUTO_APPROVE,False
APP006305,APP003163,71.18,FUZZY,100.0,70.59,0.0,AUTO_APPROVE,False
APP006306,APP009742,56.76,FUZZY,82.76,37.93,20.0,AUTO_APPROVE,False
APP006307,APP008969,72.11,FUZZY,100.0,73.68,0.0,AUTO_APPROVE,False
APP006308,APP002270,55.48,FUZZY,84.85,30.19,20.0,AUTO_APPROVE,False
APP006309,APP005942,97.0,EXACT_PHONE,100.0,100.0,100.0,AUTO_REJECT,True
APP006310,APP009894,69.09,FUZZY,100.0,63.64,0.0,AUTO_APPROVE,False
APP006311,APP000290,100.0,FUZZY,100.0,100.0,100.0,AUTO_REJECT,True
APP006312,APP002529,91.67,FUZZY,93.33,100.0,75.0,FLAG_FOR_REVIEW,True
APP006313,APP003094,100.0,EXACT_PAN,90.0,100.0,100.0,AUTO_REJECT,True
APP006314,APP005343,60.62,FUZZY,60.0,52.05,75.0,AUTO_APPROVE,False
APP006315,APP002260,57.2,FUZZY,61.11,38.81,75.0,AUTO_APPROVE,False
APP006316,APP009073,60.98,FUZZY,78.57,58.97,20.0,AUTO_APPROVE,False
APP006317,APP000806,65.51,FUZZY,57.89,71.88,75.0,AUTO_APPROVE,False
APP006318,APP000081,57.69,FUZZY,65.0,33.96,75.0,AUTO_APPROVE,False
APP006319,APP003771,69.48,FUZZY,100.0,64.94,0.0,AUTO_APPROVE,False
APP006320,APP006005,65.73,FUZZY,72.73,47.89,75.0,AUTO_APPROVE,False
APP006321,APP000944,52.48,FUZZY,48.48,27.45,100.0,AUTO_APPROVE,False
APP006322,APP008709,70.41,FUZZY,58.82,70.0,100.0,AUTO_APPROVE,False
APP006323,APP000526,62.63,FUZZY,100.0,42.11,0.0,AUTO_APPROVE,False
APP006324,APP007345,67.74,FUZZY,81.48,40.0,75.0,AUTO_APPROVE,False
APP006325,APP005906,100.0,EXACT_PAN,100.0,100.0,75.0,AUTO_REJECT,True
APP006326,APP001864,80.41,FUZZY,100.0,51.35,75.0,FLAG_FOR_REVIEW,False
APP006327,APP007636,59.64,FUZZY,58.82,50.75,75.0,AUTO_APPROVE,False
APP006328,APP008808,61.2,FUZZY,100.0,37.33,0.0,AUTO_APPROVE,False
APP006329,APP000255,62.92,FUZZY,57.89,46.58,100.0,AUTO_APPROVE,False
APP006330,APP003628,59.15,FUZZY,66.67,72.73,20.0,AUTO_APPROVE,False
APP006331,APP002880,58.87,FUZZY,60.61,28.57,100.0,AUTO_APPROVE,False
APP006332,APP000446,68.1,FUZZY,76.19,100.0,0.0,AUTO_APPROVE,False
APP006333,APP005607,58.36,FUZZY,71.79,61.54,20.0,AUTO_APPROVE,False
APP006334,APP002324,57.89,FUZZY,76.92,51.43,20.0,AUTO_APPROVE,False
APP006335,APP006026,66.35,FUZZY,82.35,70.59,20.0,AUTO_APPROVE,False
APP006336,APP003668,73.56,FUZZY,68.42,81.16,75.0,AUTO_APPROVE,False
APP006337,APP004512,63.91,FUZZY,100.0,46.38,0.0,AUTO_APPROVE,False
APP006338,APP006674,67.27,FUZZY,100.0,57.58,0.0,AUTO_APPROVE,False
APP006339,APP001629,100.0,EXACT_PAN,95.24,100.0,100.0,AUTO_REJECT,True
APP006340,APP002010,68.16,FUZZY,100.0,60.53,0.0,AUTO_APPROVE,False
APP006341,APP007365,69.94,FUZZY,72.73,61.9,75.0,AUTO_APPROVE,False
APP006342,APP005789,64.11,FUZZY,93.33,44.83,20.0,AUTO_APPROVE,False
APP006343,APP008123,57.33,FUZZY,80.0,44.44,20.0,AUTO_APPROVE,False
APP006344,APP000386,58.16,FUZZY,77.42,51.52,20.0,AUTO_APPROVE,False
APP006345,APP001520,64.29,FUZZY,100.0,47.62,0.0,AUTO_APPROVE,False
APP006346,APP004637,59.34,FUZZY,47.37,52.17,100.0,AUTO_APPROVE,False
APP006347,APP002674,61.3,FUZZY,63.16,49.06,75.0,AUTO_APPROVE,False
APP006348,APP002538,97.0,EXACT_PHONE,92.31,100.0,75.0,AUTO_REJECT,True
APP006349,APP004194,69.23,FUZZY,54.55,89.86,75.0,AUTO_APPROVE,False
APP006350,APP001423,53.22,FUZZY,66.67,52.94,20.0,AUTO_APPROVE,False
APP006351,APP004910,62.55,FUZZY,83.87,55.38,20.0,AUTO_APPROVE,False
APP006352,APP006545,65.0,FUZZY,70.0,50.0,75.0,AUTO_APPROVE,False
APP006353,APP007548,68.53,FUZZY,62.07,75.0,75.0,AUTO_APPROVE,False
APP006354,APP001500,100.0,EXACT_PAN,96.3,100.0,75.0,AUTO_REJECT,True
APP006355,APP004730,63.79,FUZZY,75.0,74.29,20.0,AUTO_APPROVE,False
APP006356,APP009008,62.73,FUZZY,100.0,42.42,0.0,AUTO_APPROVE,False
APP006357,APP002993,97.5,FUZZY,95.0,100.0,100.0,AUTO_REJECT,True
APP006358,APP001171,100.0,EXACT_PAN,94.74,100.0,75.0,AUTO_REJECT,True
APP006359,APP008788,100.0,EXACT_PAN,100.0,100.0,100.0,AUTO_REJECT,True
APP006360,APP008543,100.0,EXACT_PAN,95.0,100.0,100.0,AUTO_REJECT,True
APP006361,APP001319,62.92,FUZZY,100.0,43.08,0.0,AUTO_APPROVE,False
APP006362,APP007113,64.55,FUZZY,100.0,48.48,0.0,AUTO_APPROVE,False
APP006363,APP002932,65.21,FUZZY,78.57,73.08,20.0,AUTO_APPROVE,False
APP006364,APP006657,100.0,EXACT_PAN,100.0,100.0,100.0,AUTO_REJECT,True
APP006365,APP000059,53.22,FUZZY,70.97,45.78,20.0,AUTO_APPROVE,False
APP006366,APP000733,59.82,FUZZY,58.82,51.35,75.0,AUTO_APPROVE,False
APP006367,APP007296,62.87,FUZZY,70.59,41.94,75.0,AUTO_APPROVE,False
APP006368,APP008081,68.6,FUZZY,51.28,76.54,100.0,AUTO_APPROVE,False
APP006369,APP002139,63.33,FUZZY,66.67,50.0,75.0,AUTO_APPROVE,False
APP006370,APP006261,69.67,FUZZY,73.33,60.0,75.0,AUTO_APPROVE,False
APP006371,APP003928,56.12,FUZZY,56.25,43.33,75.0,AUTO_APPROVE,False
APP006372,APP004699,67.92,FUZZY,78.57,45.45,75.0,AUTO_APPROVE,False
APP006373,APP002036,100.0,EXACT_PAN,94.74,100.0,100.0,AUTO_REJECT,True
APP006374,APP004636,55.9,FUZZY,85.71,43.48,0.0,AUTO_APPROVE,False
APP006375,APP002901,58.77,FUZZY,41.03,60.87,100.0,AUTO_APPROVE,False
APP006376,APP004204,100.0,EXACT_PAN,92.31,100.0,100.0,AUTO_REJECT,True
APP006377,APP003982,54.33,FUZZY,66.67,56.67,20.0,AUTO_APPROVE,False
APP006378,APP003919,55.86,FUZZY,78.26,42.42,20.0,AUTO_APPROVE,False
APP006379,APP000251,62.34,FUZZY,78.95,26.23,75.0,AUTO_APPROVE,False
APP006380,APP003023,64.67,FUZZY,100.0,48.89,0.0,AUTO_APPROVE,False
APP006381,APP007315,82.54,FUZZY,100.0,41.79,100.0,FLAG_FOR_REVIEW,True
APP006382,APP001285,67.47,FUZZY,100.0,58.23,0.0,AUTO_APPROVE,False
APP006383,APP007526,65.71,FUZZY,71.43,100.0,0.0,AUTO_APPROVE,False
APP006384,APP009448,93.57,FUZZY,97.14,100.0,75.0,AUTO_REJECT,True
APP006385,APP008276,98.0,FUZZY,100.0,100.0,90.0,AUTO_REJECT,True
APP006386,APP000655,62.68,FUZZY,100.0,42.25,0.0,AUTO_APPROVE,False
APP006387,APP002626,64.03,FUZZY,100.0,46.75,0.0,AUTO_APPROVE,False
APP006388,APP005520,54.78,FUZZY,78.26,52.17,0.0,AUTO_APPROVE,False
APP006389,APP009036,61.47,FUZZY,100.0,38.24,0.0,AUTO_APPROVE,False
APP006390,APP003050,56.3,FUZZY,35.29,62.16,100.0,AUTO_APPROVE,False
APP006391,APP004493,66.17,FUZZY,66.67,59.46,75.0,AUTO_APPROVE,False
APP006392,APP005933,76.86,FUZZY,92.22,35.82,100.0,AUTO_APPROVE,True
APP006393,APP001516,65.0,FUZZY,100.0,50.0,0.0,AUTO_APPROVE,False
APP006394,APP003610,58.64,FUZZY,64.52,37.93,75.0,AUTO_APPROVE,False
APP006395,APP008091,100.0,EXACT_PAN,97.14,100.0,100.0,AUTO_REJECT,True
APP006396,APP009449,58.44,FUZZY,100.0,28.12,0.0,AUTO_APPROVE,False
APP006397,APP002895,65.87,FUZZY,64.71,45.07,100.0,AUTO_APPROVE,False
APP006398,APP004311,57.97,FUZZY,61.11,78.05,20.0,AUTO_APPROVE,False
APP006399,APP003689,64.74,FUZZY,100.0,49.12,0.0,AUTO_APPROVE,False
APP006400,APP009350,100.0,EXACT_PAN,97.3,100.0,75.0,AUTO_REJECT,True
APP006401,,0.0,NO_MATCH,0.0,0.0,0.0,AUTO_APPROVE,False
APP006402,APP008012,60.71,FUZZY,66.67,41.27,75.0,AUTO_APPROVE,False
APP006403,APP008068,58.28,FUZZY,44.44,53.52,100.0,AUTO_APPROVE,False
APP006404,APP005642,68.62,FUZZY,86.67,34.29,75.0,AUTO_APPROVE,False
APP006405,APP001650,70.22,FUZZY,100.0,54.05,20.0,AUTO_APPROVE,False
APP006406,APP002370,60.43,FUZZY,100.0,34.78,0.0,AUTO_APPROVE,False
APP006407,APP007604,66.12,FUZZY,100.0,53.73,0.0,AUTO_APPROVE,False
APP006408,APP000703,62.04,FUZZY,78.79,62.16,20.0,AUTO_APPROVE,False
APP006409,APP005895,68.14,FUZZY,100.0,60.47,0.0,AUTO_APPROVE,False
APP006410,APP002579,65.0,FUZZY,70.0,50.0,75.0,AUTO_APPROVE,False
APP006411,APP008146,71.51,FUZZY,100.0,71.7,0.0,AUTO_APPROVE,False
APP006412,APP005355,61.63,FUZZY,85.71,49.23,20.0,AUTO_APPROVE,False
APP006413,APP000655,69.78,FUZZY,80.0,49.28,75.0,AUTO_APPROVE,False
APP006414,APP003791,61.69,FUZZY,82.05,55.56,20.0,AUTO_APPROVE,False
APP006415,APP009401,56.74,FUZZY,84.85,34.38,20.0,AUTO_APPROVE,False
APP006416,APP001739,62.81,FUZZY,58.82,61.33,75.0,AUTO_APPROVE,False
APP006417,APP000821,100.0,EXACT_PAN,97.56,100.0,100.0,AUTO_REJECT,True
APP006418,APP006529,63.0,FUZZY,100.0,43.33,0.0,AUTO_APPROVE,False
APP006419,APP008984,83.2,FUZZY,100.0,44.0,100.0,FLAG_FOR_REVIEW,True
APP006420,APP008308,100.0,EXACT_PAN,96.97,100.0,90.0,AUTO_REJECT,True
APP006421,APP009503,67.52,FUZZY,78.79,43.75,75.0,AUTO_APPROVE,False
APP006422,APP008409,71.75,FUZZY,100.0,72.5,0.0,AUTO_APPROVE,False
APP006423,APP008623,100.0,EXACT_PAN,96.77,100.0,75.0,AUTO_REJECT,True
APP006424,APP005283,61.58,FUZZY,63.16,50.0,75.0,AUTO_APPROVE,False
APP006425,APP001976,61.58,FUZZY,63.16,100.0,0.0,AUTO_APPROVE,False
APP006426,APP008326,60.74,FUZZY,81.48,53.33,20.0,AUTO_APPROVE,False
APP006427,APP003704,100.0,EXACT_PAN,92.31,100.0,100.0,AUTO_REJECT,True
APP006428,APP001361,95.0,FUZZY,100.0,100.0,75.0,AUTO_REJECT,True
APP006429,APP001038,67.37,FUZZY,100.0,57.89,0.0,AUTO_APPROVE,False
APP006430,APP003710,61.02,FUZZY,86.67,45.61,20.0,AUTO_APPROVE,False
APP006431,APP009124,62.25,FUZZY,61.11,92.31,20.0,AUTO_APPROVE,False
APP006432,APP009637,100.0,FUZZY,100.0,100.0,100.0,AUTO_REJECT,True
APP006433,APP000313,64.62,FUZZY,70.59,47.76,75.0,AUTO_APPROVE,False
APP006434,APP003660,61.83,FUZZY,70.0,39.44,75.0,AUTO_APPROVE,False
APP006435,APP008421,100.0,EXACT_PAN,96.77,100.0,75.0,AUTO_REJECT,True
APP006436,APP007889,59.54,FUZZY,55.56,55.88,75.0,AUTO_APPROVE,False
APP006437,APP009809,64.89,FUZZY,66.67,55.17,75.0,AUTO_APPROVE,False
APP006438,APP005656,58.7,FUZZY,66.67,71.23,20.0,AUTO_APPROVE,False
APP006439,APP002533,63.33,FUZZY,66.67,100.0,0.0,AUTO_APPROVE,False
APP006440,APP000541,65.79,FUZZY,100.0,39.29,20.0,AUTO_APPROVE,False
APP006441,APP008952,100.0,FUZZY,100.0,100.0,100.0,AUTO_REJECT,True
APP006442,APP009691,64.24,FUZZY,100.0,47.46,0.0,AUTO_APPROVE,False
APP006443,APP002034,100.0,EXACT_PAN,92.86,100.0,75.0,AUTO_REJECT,True
APP006444,APP004493,66.88,FUZZY,100.0,56.25,0.0,AUTO_APPROVE,False
APP006445,APP001989,58.25,FUZZY,72.22,60.47,20.0,AUTO_APPROVE,False
APP006446,APP002021,60.91,FUZZY,82.35,52.46,20.0,AUTO_APPROVE,False
APP006447,APP006536,65.29,FUZZY,70.59,100.0,0.0,AUTO_APPROVE,False
APP006448,APP001421,60.33,FUZZY,42.86,63.01,100.0,AUTO_APPROVE,False
APP006449,APP002225,65.0,FUZZY,100.0,50.0,0.0,AUTO_APPROVE,False
APP006450,APP002425,71.25,FUZZY,62.5,66.67,100.0,AUTO_APPROVE,False
APP006451,APP007536,73.17,FUZZY,83.33,55.0,75.0,AUTO_APPROVE,False
APP006452,APP004684,64.21,FUZZY,100.0,47.37,0.0,AUTO_APPROVE,False
APP006453,APP007489,65.65,FUZZY,100.0,52.17,0.0,AUTO_APPROVE,False
APP006454,APP009559,56.95,FUZZY,66.67,65.38,20.0,AUTO_APPROVE,False
APP006455,APP007878,53.73,FUZZY,51.61,43.08,75.0,AUTO_APPROVE,False
APP006456,APP002436,60.43,FUZZY,100.0,34.78,0.0,AUTO_APPROVE,False
APP006457,APP002782,100.0,EXACT_PAN,97.14,100.0,100.0,AUTO_REJECT,True
APP006458,APP003435,61.15,FUZZY,63.16,48.57,75.0,AUTO_APPROVE,False
APP006459,APP004221,100.0,EXACT_PAN,95.45,100.0,75.0,AUTO_REJECT,True
APP006460,APP009115,60.29,FUZZY,100.0,34.29,0.0,AUTO_APPROVE,False
APP006461,APP007642,69.2,FUZZY,100.0,64.0,0.0,AUTO_APPROVE,False
APP006462,APP006666,56.7,FUZZY,64.86,67.57,20.0,AUTO_APPROVE,False
APP006463,APP007229,58.13,FUZZY,58.82,45.71,75.0,AUTO_APPROVE,False
APP006464,APP006246,91.43,FUZZY,92.86,100.0,75.0,FLAG_FOR_REVIEW,True
APP006465,APP004090,55.95,FUZZY,61.54,70.59,20.0,AUTO_APPROVE,False
APP006466,APP004131,70.33,FUZZY,93.75,64.86,20.0,AUTO_APPROVE,False
APP006467,APP008959,53.48,FUZZY,77.78,35.29,20.0,AUTO_APPROVE,False
APP006468,APP005525,69.07,FUZZY,61.11,78.38,75.0,AUTO_APPROVE,False
APP006469,APP001032,65.64,FUZZY,52.94,63.89,100.0,AUTO_APPROVE,False
APP006470,APP002748,97.0,EXACT_PHONE,97.44,100.0,75.0,AUTO_REJECT,True
APP006471,APP000668,65.7,FUZZY,84.85,27.59,75.0,AUTO_APPROVE,False
APP006472,APP006708,66.42,FUZZY,66.67,43.64,100.0,AUTO_APPROVE,False
APP006473,APP002606,55.2,FUZZY,54.55,43.08,75.0,AUTO_APPROVE,False
APP006474,APP000133,53.18,FUZZY,66.67,52.83,20.0,AUTO_APPROVE,False
APP006475,APP008267,67.56,FUZZY,100.0,58.54,0.0,AUTO_APPROVE,False
APP006476,APP008882,54.54,FUZZY,57.89,35.29,75.0,AUTO_APPROVE,False
APP006477,APP006995,93.72,FUZZY,97.44,100.0,75.0,AUTO_REJECT,True
APP006478,APP000576,61.73,FUZZY,78.79,61.11,20.0,AUTO_APPROVE,False
APP006479,APP008557,65.22,FUZZY,100.0,50.75,0.0,AUTO_APPROVE,False
APP006480,APP002728,97.37,FUZZY,94.74,100.0,100.0,AUTO_REJECT,True
APP006481,APP006914,64.13,FUZZY,100.0,33.77,20.0,AUTO_APPROVE,False
APP006482,APP000479,71.24,FUZZY,81.25,52.05,75.0,AUTO_APPROVE,False
APP006483,APP001490,58.03,FUZZY,80.0,46.75,20.0,AUTO_APPROVE,False
APP006484,APP008239,54.42,FUZZY,51.43,29.03,100.0,AUTO_APPROVE,False
APP006485,APP001122,66.58,FUZZY,100.0,55.26,0.0,AUTO_APPROVE,False
APP006486,APP002882,70.26,FUZZY,76.92,56.0,75.0,AUTO_APPROVE,False
APP006487,APP005070,51.66,FUZZY,64.86,50.75,20.0,AUTO_APPROVE,False
APP006488,APP004670,93.65,FUZZY,97.3,100.0,75.0,AUTO_REJECT,True
APP006489,APP005571,58.62,FUZZY,57.14,86.84,20.0,AUTO_APPROVE,False
APP006490,APP000964,66.92,FUZZY,83.33,70.83,20.0,AUTO_APPROVE,False
APP006491,APP005563,62.89,FUZZY,80.0,62.96,20.0,AUTO_APPROVE,False
APP006492,APP006660,68.33,FUZZY,80.0,44.44,75.0,AUTO_APPROVE,False
APP006493,APP008867,67.42,FUZZY,100.0,58.06,0.0,AUTO_APPROVE,False
APP006494,APP005783,64.5,FUZZY,57.89,68.49,75.0,AUTO_APPROVE,False
APP006495,APP003272,60.67,FUZZY,62.86,47.46,75.0,AUTO_APPROVE,False
APP006496,APP008628,95.0,FUZZY,100.0,100.0,75.0,AUTO_REJECT,True
APP006497,APP006538,59.24,FUZZY,82.35,46.88,20.0,AUTO_APPROVE,False
APP006498,APP006139,70.26,FUZZY,74.29,60.38,75.0,AUTO_APPROVE,False
APP006499,APP003582,50.45,FUZZY,69.23,39.44,20.0,AUTO_APPROVE,False
APP006500,APP004420,100.0,FUZZY,100.0,100.0,100.0,AUTO_REJECT,True
APP006501,APP007578,65.52,FUZZY,85.71,62.22,20.0,AUTO_APPROVE,False
APP006502,APP001133,95.0,FUZZY,100.0,100.0,75.0,AUTO_REJECT,True
APP006503,APP001288,65.88,FUZZY,100.0,52.94,0.0,AUTO_APPROVE,False
APP006504,APP004768,61.14,FUZZY,80.0,57.14,20.0,AUTO_APPROVE,False
APP006505,APP008870,59.94,FUZZY,66.67,75.36,20.0,AUTO_APPROVE,False
APP006506,APP002206,66.36,FUZZY,100.0,54.55,0.0,AUTO_APPROVE,False
APP006507,APP003170,60.8,FUZZY,55.17,60.71,75.0,AUTO_APPROVE,False
APP006508,APP008941,97.0,EXACT_PHONE,94.74,100.0,75.0,AUTO_REJECT,True
APP006509,APP001893,100.0,EXACT_PAN,97.44,100.0,75.0,AUTO_REJECT,True
APP006510,APP005388,75.26,FUZZY,100.0,84.21,0.0,AUTO_APPROVE,False
APP006511,APP000692,60.19,FUZZY,43.24,61.9,100.0,AUTO_APPROVE,False
APP006512,APP005374,54.32,FUZZY,81.08,45.95,0.0,AUTO_APPROVE,False
APP006513,APP008974,52.69,FUZZY,45.71,32.79,100.0,AUTO_APPROVE,False
APP006514,APP007920,71.37,FUZZY,73.33,65.67,75.0,AUTO_APPROVE,False
APP006515,APP007830,69.79,FUZZY,100.0,52.63,20.0,AUTO_APPROVE,False
APP006516,APP008989,72.6,FUZZY,82.76,54.05,75.0,AUTO_APPROVE,False
APP006517,APP001238,76.5,FUZZY,88.33,47.76,90.0,AUTO_APPROVE,True
APP006518,APP004543,64.21,FUZZY,100.0,47.37,0.0,AUTO_APPROVE,False
APP006519,APP003541,62.19,FUZZY,100.0,40.62,0.0,AUTO_APPROVE,False
APP006520,APP000124,65.6,FUZZY,63.16,63.41,75.0,AUTO_APPROVE,False
APP006521,APP003749,80.53,FUZZY,100.0,35.09,100.0,FLAG_FOR_REVIEW,True
APP006522,APP004845,60.93,FUZZY,82.76,51.85,20.0,AUTO_APPROVE,False
APP006523,APP000442,54.02,FUZZY,41.38,44.44,100.0,AUTO_APPROVE,False
APP006524,APP009447,61.51,FUZZY,54.55,47.46,100.0,AUTO_APPROVE,False
APP006525,APP003386,63.9,FUZZY,62.5,58.82,75.0,AUTO_APPROVE,False
APP006526,APP003547,97.0,EXACT_PHONE,89.66,100.0,75.0,AUTO_REJECT,True
APP006527,APP004140,65.79,FUZZY,100.0,52.63,0.0,AUTO_APPROVE,False
APP006528,APP008636,60.17,FUZZY,100.0,33.9,0.0,AUTO_APPROVE,False
APP006529,APP006418,63.0,FUZZY,100.0,43.33,0.0,AUTO_APPROVE,False
APP006530,APP007054,63.22,FUZZY,100.0,44.07,0.0,AUTO_APPROVE,False
APP006531,APP000046,69.67,FUZZY,100.0,65.57,0.0,AUTO_APPROVE,False
APP006532,APP007237,61.88,FUZZY,88.89,44.78,20.0,AUTO_APPROVE,False
APP006533,APP009677,100.0,FUZZY,100.0,100.0,100.0,AUTO_REJECT,True
APP006534,APP000318,65.43,FUZZY,100.0,38.1,20.0,AUTO_APPROVE,False
APP006535,APP006577,59.09,FUZZY,100.0,30.3,0.0,AUTO_APPROVE,False
APP006536,APP006447,65.29,FUZZY,70.59,100.0,0.0,AUTO_APPROVE,False
APP006537,APP001318,63.67,FUZZY,100.0,45.57,0.0,AUTO_APPROVE,False
APP006538,APP004049,63.33,FUZZY,66.67,100.0,0.0,AUTO_APPROVE,False
APP006539,APP000483,68.64,FUZZY,78.79,47.5,75.0,AUTO_APPROVE,False
APP006540,APP003617,100.0,EXACT_PAN,100.0,100.0,75.0,AUTO_REJECT,True
APP006541,APP005590,70.58,FUZZY,82.93,83.72,20.0,AUTO_APPROVE,False
APP006542,APP004107,68.23,FUZZY,100.0,60.76,0.0,AUTO_APPROVE,False
APP006543,APP007363,71.71,FUZZY,66.67,77.92,75.0,AUTO_APPROVE,False
APP006544,APP004160,62.45,FUZZY,66.67,83.72,20.0,AUTO_APPROVE,False
APP006545,APP001617,74.56,FUZZY,84.21,58.18,75.0,AUTO_APPROVE,False
APP006546,APP008545,63.09,FUZZY,57.14,48.39,100.0,AUTO_APPROVE,False
APP006547,APP008976,67.84,FUZZY,100.0,59.46,0.0,AUTO_APPROVE,False
APP006548,APP001866,60.59,FUZZY,100.0,35.29,0.0,AUTO_APPROVE,False
APP006549,APP006890,98.0,FUZZY,100.0,100.0,90.0,AUTO_REJECT,True
APP006550,APP003975,65.11,FUZZY,86.67,59.26,20.0,AUTO_APPROVE,False
APP006551,APP006978,64.77,FUZZY,100.0,49.23,0.0,AUTO_APPROVE,False
APP006552,APP005021,80.0,FUZZY,100.0,100.0,0.0,FLAG_FOR_REVIEW,False
APP006553,APP000200,73.53,FUZZY,100.0,78.43,0.0,AUTO_APPROVE,False
APP006554,APP008443,60.37,FUZZY,86.49,43.75,20.0,AUTO_APPROVE,False
APP006555,APP000523,66.27,FUZZY,100.0,54.24,0.0,AUTO_APPROVE,False
APP006556,APP004157,65.83,FUZZY,66.67,58.33,75.0,AUTO_APPROVE,False
APP006557,APP004341,67.65,FUZZY,100.0,58.82,0.0,AUTO_APPROVE,False
APP006558,APP008145,57.61,FUZZY,44.44,51.28,100.0,AUTO_APPROVE,False
APP006559,APP008479,58.3,FUZZY,60.61,43.33,75.0,AUTO_APPROVE,False
APP006560,APP008573,62.68,FUZZY,84.21,55.26,20.0,AUTO_APPROVE,False
APP006561,APP003386,58.41,FUZZY,58.82,46.67,75.0,AUTO_APPROVE,False
APP006562,APP004479,67.56,FUZZY,82.35,37.93,75.0,AUTO_APPROVE,False
APP006563,APP008791,95.83,FUZZY,91.67,100.0,100.0,AUTO_REJECT,True
APP006564,APP005574,59.35,FUZZY,51.43,45.45,100.0,AUTO_APPROVE,False
APP006565,APP003452,54.7,FUZZY,74.29,58.54,0.0,AUTO_APPROVE,False
APP006566,APP008949,58.17,FUZZY,80.0,47.22,20.0,AUTO_APPROVE,False
APP006567,APP002218,68.01,FUZZY,76.92,48.48,75.0,AUTO_APPROVE,False
APP006568,APP009120,65.08,FUZZY,63.64,60.87,75.0,AUTO_APPROVE,False
APP006569,APP005402,55.85,FUZZY,61.11,70.97,20.0,AUTO_APPROVE,False
APP006570,APP007552,60.35,FUZZY,64.71,80.0,20.0,AUTO_APPROVE,False
APP006571,APP009209,69.09,FUZZY,100.0,63.64,0.0,AUTO_APPROVE,False
APP006572,APP007185,63.75,FUZZY,83.87,72.73,0.0,AUTO_APPROVE,False
APP006573,APP006176,64.46,FUZZY,87.18,56.25,20.0,AUTO_APPROVE,False
APP006574,APP005628,64.05,FUZZY,76.47,72.73,20.0,AUTO_APPROVE,False
APP006575,APP002012,61.19,FUZZY,85.71,47.76,20.0,AUTO_APPROVE,False
APP006576,APP000718,68.84,FUZZY,86.49,72.0,20.0,AUTO_APPROVE,False
APP006577,APP002252,59.52,FUZZY,100.0,31.75,0.0,AUTO_APPROVE,False
APP006578,APP002445,59.62,FUZZY,86.67,54.29,0.0,AUTO_APPROVE,False
APP006579,APP007579,95.0,FUZZY,100.0,100.0,75.0,AUTO_REJECT,True
APP006580,APP003274,65.45,FUZZY,100.0,51.52,0.0,AUTO_APPROVE,False
APP006581,APP008705,54.73,FUZZY,81.08,33.96,20.0,AUTO_APPROVE,False
APP006582,APP002525,62.38,FUZZY,100.0,41.27,0.0,AUTO_APPROVE,False
APP006583,APP004767,95.22,FUZZY,94.44,100.0,90.0,AUTO_REJECT,True
APP006584,APP005087,100.0,EXACT_PAN,97.56,100.0,75.0,AUTO_REJECT,True
APP006585,APP007123,74.0,FUZZY,88.0,100.0,0.0,AUTO_APPROVE,False
APP006586,APP004002,63.24,FUZZY,86.49,66.67,0.0,AUTO_APPROVE,False
APP006587,APP000064,97.06,FUZZY,94.12,100.0,100.0,AUTO_REJECT,True
APP006588,APP000218,64.06,FUZZY,100.0,46.88,0.0,AUTO_APPROVE,False
APP006589,APP006162,70.07,FUZZY,68.75,52.31,100.0,AUTO_APPROVE,False
APP006590,APP009061,58.91,FUZZY,60.0,46.38,75.0,AUTO_APPROVE,False
APP006591,APP000670,56.78,FUZZY,57.89,79.45,20.0,AUTO_APPROVE,False
APP006592,APP004652,61.54,FUZZY,61.11,36.62,100.0,AUTO_APPROVE,False
APP006593,APP000441,64.37,FUZZY,94.74,43.33,20.0,AUTO_APPROVE,False
APP006594,APP007430,95.0,FUZZY,100.0,100.0,75.0,AUTO_REJECT,True
APP006595,APP005668,63.77,FUZZY,100.0,45.9,0.0,AUTO_APPROVE,False
APP006596,APP003850,66.04,FUZZY,76.92,41.94,75.0,AUTO_APPROVE,False
APP006597,APP001401,61.62,FUZZY,42.11,68.57,100.0,AUTO_APPROVE,False
APP006598,APP007862,61.88,FUZZY,55.0,64.62,75.0,AUTO_APPROVE,False
APP006599,APP000519,62.0,FUZZY,100.0,40.0,0.0,AUTO_APPROVE,False
APP006600,APP002008,67.02,FUZZY,66.67,62.3,75.0,AUTO_APPROVE,False
APP006601,APP009053,67.57,FUZZY,58.82,77.19,75.0,AUTO_APPROVE,False
APP006602,APP000569,69.13,FUZZY,100.0,63.77,0.0,AUTO_APPROVE,False
APP006603,APP007076,60.83,FUZZY,100.0,36.11,0.0,AUTO_APPROVE,False
APP006604,APP001384,51.0,FUZZY,58.82,58.62,20.0,AUTO_APPROVE,False
APP006605,APP003021,64.48,FUZZY,68.97,100.0,0.0,AUTO_APPROVE,False
APP006606,APP007473,100.0,EXACT_PAN,97.3,100.0,100.0,AUTO_REJECT,True
APP006607,APP001615,62.48,FUZZY,68.97,80.0,20.0,AUTO_APPROVE,False
APP006608,APP005146,65.64,FUZZY,100.0,38.81,20.0,AUTO_APPROVE,False
APP006609,APP008059,53.89,FUZZY,58.82,31.58,75.0,AUTO_APPROVE,False
APP006610,APP004895,95.06,FUZZY,94.12,100.0,90.0,AUTO_REJECT,True
APP006611,APP000246,63.68,FUZZY,100.0,32.26,20.0,AUTO_APPROVE,False
APP006612,APP007725,59.74,FUZZY,64.71,24.62,100.0,AUTO_APPROVE,False
APP006613,APP004799,98.57,FUZZY,97.14,100.0,100.0,AUTO_REJECT,True
APP006614,APP005800,62.75,FUZZY,80.0,62.5,20.0,AUTO_APPROVE,False
APP006615,APP009761,63.68,FUZZY,100.0,45.61,0.0,AUTO_APPROVE,False
APP006616,APP007060,67.5,FUZZY,50.0,91.67,75.0,AUTO_APPROVE,False
APP006617,APP006887,58.4,FUZZY,80.0,48.0,20.0,AUTO_APPROVE,False
APP006618,APP000257,61.93,FUZZY,78.26,76.0,0.0,AUTO_APPROVE,False
APP006619,APP003663,69.07,FUZZY,81.25,44.83,75.0,AUTO_APPROVE,False
APP006620,APP008193,97.0,EXACT_PHONE,91.67,100.0,100.0,AUTO_REJECT,True
APP006621,APP003216,92.83,FUZZY,95.65,100.0,75.0,AUTO_REJECT,True
APP006622,APP005508,64.89,FUZZY,78.57,72.0,20.0,AUTO_APPROVE,False
APP006623,APP007971,65.89,FUZZY,78.57,75.36,20.0,AUTO_APPROVE,False
APP006624,APP001028,72.03,FUZZY,100.0,73.42,0.0,AUTO_APPROVE,False
APP006625,APP008251,59.83,FUZZY,83.33,47.22,20.0,AUTO_APPROVE,False
APP006626,APP005926,70.43,FUZZY,80.0,51.43,75.0,AUTO_APPROVE,False
APP006627,APP007960,63.33,FUZZY,66.67,100.0,0.0,AUTO_APPROVE,False
APP006628,APP005863,68.86,FUZZY,66.67,68.42,75.0,AUTO_APPROVE,False
APP006629,APP006934,64.39,FUZZY,60.61,63.64,75.0,AUTO_APPROVE,False
APP006630,APP005467,93.48,FUZZY,96.97,100.0,75.0,AUTO_REJECT,True
APP006631,APP000965,66.45,FUZZY,100.0,54.84,0.0,AUTO_APPROVE,False
APP006632,APP005928,70.2,FUZZY,70.59,56.34,90.0,AUTO_APPROVE,False
APP006633,APP008560,62.95,FUZZY,84.85,68.42,0.0,AUTO_APPROVE,False
APP006634,APP001543,61.94,FUZZY,86.49,62.34,0.0,AUTO_APPROVE,False
APP006635,APP002717,61.28,FUZZY,41.18,68.97,100.0,AUTO_APPROVE,False
APP006636,APP000004,57.93,FUZZY,60.61,42.11,75.0,AUTO_APPROVE,False
APP006637,APP005679,65.64,FUZZY,74.07,45.33,75.0,AUTO_APPROVE,False
APP006638,APP007015,65.17,FUZZY,83.87,27.45,75.0,AUTO_APPROVE,False
APP006639,APP001038,98.0,FUZZY,96.0,100.0,100.0,AUTO_REJECT,True
APP006640,APP004161,60.64,FUZZY,66.67,41.03,75.0,AUTO_APPROVE,False
APP006641,APP001493,67.93,FUZZY,87.5,80.6,0.0,AUTO_APPROVE,False
APP006642,APP008950,54.49,FUZZY,58.82,70.27,20.0,AUTO_APPROVE,False
APP006643,APP004385,98.78,FUZZY,97.56,100.0,100.0,AUTO_REJECT,True
APP006644,APP007137,65.25,FUZZY,100.0,50.85,0.0,AUTO_APPROVE,False
APP006645,APP004671,100.0,EXACT_PAN,97.14,100.0,100.0,AUTO_REJECT,True
APP006646,APP000434,61.84,FUZZY,70.27,75.68,20.0,AUTO_APPROVE,False
APP006647,APP005926,78.33,FUZZY,66.67,100.0,75.0,AUTO_APPROVE,False
APP006648,APP009520,98.78,FUZZY,97.56,100.0,100.0,AUTO_REJECT,True
APP006649,APP009023,68.48,FUZZY,94.12,58.06,20.0,AUTO_APPROVE,False
APP006650,APP009979,96.43,FUZZY,92.86,100.0,100.0,AUTO_REJECT,True
APP006651,APP009456,60.29,FUZZY,100.0,34.29,0.0,AUTO_APPROVE,False
APP006652,APP006711,100.0,EXACT_PAN,100.0,100.0,75.0,AUTO_REJECT,True
APP006653,APP004009,100.0,EXACT_PAN,94.12,100.0,100.0,AUTO_REJECT,True
APP006654,APP007512,66.47,FUZZY,100.0,54.9,0.0,AUTO_APPROVE,False
APP006655,APP009836,57.79,FUZZY,78.79,48.0,20.0,AUTO_APPROVE,False
APP006656,APP005710,62.92,FUZZY,70.0,43.08,75.0,AUTO_APPROVE,False
APP006657,APP006364,100.0,EXACT_PAN,100.0,100.0,100.0,AUTO_REJECT,True
APP006658,APP009890,64.09,FUZZY,68.75,49.06,75.0,AUTO_APPROVE,False
APP006659,APP003097,62.56,FUZZY,76.47,67.74,20.0,AUTO_APPROVE,False
APP006660,APP003654,77.69,FUZZY,100.0,92.31,0.0,AUTO_APPROVE,False
APP006661,APP007203,66.84,FUZZY,73.68,100.0,0.0,AUTO_APPROVE,False
APP006662,APP003065,67.92,FUZZY,100.0,59.74,0.0,AUTO_APPROVE,False
APP006663,APP003377,61.43,FUZZY,100.0,38.1,0.0,AUTO_APPROVE,False
APP006664,APP005425,100.0,FUZZY,100.0,100.0,100.0,AUTO_REJECT,True
APP006665,APP008249,56.68,FUZZY,62.5,34.78,75.0,AUTO_APPROVE,False
APP006666,APP008044,58.74,FUZZY,60.61,44.78,75.0,AUTO_APPROVE,False
APP006667,APP008315,73.53,FUZZY,100.0,78.43,0.0,AUTO_APPROVE,False
APP006668,APP009399,65.65,FUZZY,100.0,52.17,0.0,AUTO_APPROVE,False
APP006669,APP004930,59.71,FUZZY,51.85,45.95,100.0,AUTO_APPROVE,False
APP006670,APP006284,71.35,FUZZY,85.71,81.63,20.0,AUTO_APPROVE,False
APP006671,APP002121,64.75,FUZZY,100.0,49.18,0.0,AUTO_APPROVE,False
APP006672,APP003012,64.51,FUZZY,82.76,63.77,20.0,AUTO_APPROVE,False
APP006673,APP006121,100.0,EXACT_PAN,92.86,100.0,100.0,AUTO_REJECT,True
APP006674,APP002065,70.0,FUZZY,100.0,66.67,0.0,AUTO_APPROVE,False
APP006675,APP009802,56.74,FUZZY,81.48,40.0,20.0,AUTO_APPROVE,False
APP006676,APP001341,61.82,FUZZY,63.16,50.79,75.0,AUTO_APPROVE,False
APP006677,APP006039,67.85,FUZZY,100.0,46.15,20.0,AUTO_APPROVE,False
APP006678,APP002561,100.0,EXACT_PAN,94.12,100.0,75.0,AUTO_REJECT,True
APP006679,APP001995,63.29,FUZZY,78.57,66.67,20.0,AUTO_APPROVE,False
APP006680,APP003427,71.6,FUZZY,100.0,72.0,0.0,AUTO_APPROVE,False
APP006681,APP007025,62.59,FUZZY,100.0,41.98,0.0,AUTO_APPROVE,False
APP006682,APP004694,55.68,FUZZY,36.36,58.33,100.0,AUTO_APPROVE,False
APP006683,APP001243,67.26,FUZZY,64.52,66.67,75.0,AUTO_APPROVE,False
APP006684,APP001209,69.23,FUZZY,63.16,58.82,100.0,AUTO_APPROVE,False
APP006685,APP007635,62.37,FUZZY,64.29,50.75,75.0,AUTO_APPROVE,False
APP006686,APP003291,59.41,FUZZY,100.0,31.37,0.0,AUTO_APPROVE,False
APP006687,APP005118,67.66,FUZZY,63.16,70.27,75.0,AUTO_APPROVE,False
APP006688,,0.0,NO_MATCH,0.0,0.0,0.0,AUTO_APPROVE,False
APP006689,APP002593,61.5,FUZZY,75.0,66.67,20.0,AUTO_APPROVE,False
APP006690,APP002129,68.18,FUZZY,82.76,76.0,20.0,AUTO_APPROVE,False
APP006691,APP008741,64.12,FUZZY,100.0,47.06,0.0,AUTO_APPROVE,False
APP006692,APP000823,70.02,FUZZY,84.85,92.0,0.0,AUTO_APPROVE,False
APP006693,APP004566,65.29,FUZZY,70.59,100.0,0.0,AUTO_APPROVE,False
APP006694,APP007217,97.37,FUZZY,94.74,100.0,100.0,AUTO_REJECT,True
APP006695,APP000724,66.15,FUZZY,100.0,53.85,0.0,AUTO_APPROVE,False
APP006696,APP005393,60.82,FUZZY,100.0,36.07,0.0,AUTO_APPROVE,False
APP006697,APP005410,74.52,FUZZY,72.73,77.19,75.0,AUTO_APPROVE,False
APP006698,APP000226,100.0,EXACT_PAN,96.0,100.0,100.0,AUTO_REJECT,True
APP006699,APP000608,63.91,FUZZY,42.11,76.19,100.0,AUTO_APPROVE,False
APP006700,APP006924,67.52,FUZZY,100.0,45.07,20.0,AUTO_APPROVE,False
APP006701,APP003910,62.81,FUZZY,64.52,51.85,75.0,AUTO_APPROVE,False
APP006702,APP007604,67.27,FUZZY,100.0,57.58,0.0,AUTO_APPROVE,False
APP006703,APP008221,61.77,FUZZY,61.54,90.0,20.0,AUTO_APPROVE,False
APP006704,APP003883,71.04,FUZZY,100.0,70.13,0.0,AUTO_APPROVE,False
APP006705,APP001012,62.31,FUZZY,78.57,63.41,20.0,AUTO_APPROVE,False
APP006706,APP007725,56.98,FUZZY,75.0,51.61,20.0,AUTO_APPROVE,False
APP006707,APP004181,64.24,FUZZY,100.0,47.46,0.0,AUTO_APPROVE,False
APP006708,APP008061,72.14,FUZZY,85.71,47.62,75.0,AUTO_APPROVE,False
APP006709,APP007696,97.0,EXACT_PHONE,97.44,100.0,90.0,AUTO_REJECT,True
APP006710,APP002070,100.0,FUZZY,100.0,100.0,100.0,AUTO_REJECT,True
APP006711,APP006652,100.0,EXACT_PAN,100.0,100.0,75.0,AUTO_REJECT,True
APP006712,APP006532,58.71,FUZZY,100.0,29.03,0.0,AUTO_APPROVE,False
APP006713,APP007227,61.15,FUZZY,63.16,48.57,75.0,AUTO_APPROVE,False
APP006714,APP005611,75.47,FUZZY,84.62,97.22,20.0,AUTO_APPROVE,False
APP006715,APP006854,59.86,FUZZY,52.94,61.29,75.0,AUTO_APPROVE,False
APP006716,APP000484,100.0,EXACT_PAN,100.0,100.0,75.0,AUTO_REJECT,True
APP006717,APP009695,60.59,FUZZY,100.0,35.29,0.0,AUTO_APPROVE,False
APP006718,APP001870,67.84,FUZZY,100.0,59.46,0.0,AUTO_APPROVE,False
APP006719,APP000667,100.0,EXACT_PAN,95.24,100.0,100.0,AUTO_REJECT,True
APP006720,APP005327,63.6,FUZZY,100.0,45.33,0.0,AUTO_APPROVE,False
APP006721,APP000935,58.13,FUZZY,65.0,35.44,75.0,AUTO_APPROVE,False
APP006722,APP009899,60.77,FUZZY,61.54,100.0,0.0,AUTO_APPROVE,False
APP006723,APP003096,100.0,EXACT_PAN,90.91,100.0,75.0,AUTO_REJECT,True
APP006724,APP006979,61.2,FUZZY,100.0,37.33,0.0,AUTO_APPROVE,False
APP006725,APP002482,63.58,FUZZY,100.0,45.28,0.0,AUTO_APPROVE,False
APP006726,APP005405,65.45,FUZZY,100.0,51.52,0.0,AUTO_APPROVE,False
APP006727,APP009117,69.83,FUZZY,85.0,41.1,75.0,AUTO_APPROVE,False
APP006728,APP000013,68.11,FUZZY,100.0,60.38,0.0,AUTO_APPROVE,False
APP006729,APP001468,60.23,FUZZY,82.93,49.23,20.0,AUTO_APPROVE,False
APP006730,APP001834,60.5,FUZZY,85.0,60.0,0.0,AUTO_APPROVE,False
APP006731,APP003599,74.62,FUZZY,100.0,82.05,0.0,AUTO_APPROVE,False
APP006732,APP000749,58.85,FUZZY,82.35,45.57,20.0,AUTO_APPROVE,False
APP006733,APP001903,55.26,FUZZY,59.46,35.09,75.0,AUTO_APPROVE,False
APP006734,APP006278,65.24,FUZZY,62.5,63.29,75.0,AUTO_APPROVE,False
APP006735,APP007150,61.82,FUZZY,62.07,52.63,75.0,AUTO_APPROVE,False
APP006736,APP007145,97.22,FUZZY,94.44,100.0,100.0,AUTO_REJECT,True
APP006737,APP008482,67.7,FUZZY,100.0,59.02,0.0,AUTO_APPROVE,False
APP006738,APP003631,62.18,FUZZY,66.67,46.15,75.0,AUTO_APPROVE,False
APP006739,APP005438,60.91,FUZZY,100.0,36.36,0.0,AUTO_APPROVE,False
APP006740,APP005046,62.2,FUZZY,82.05,70.59,0.0,AUTO_APPROVE,False
APP006741,APP004850,64.81,FUZZY,100.0,49.35,0.0,AUTO_APPROVE,False
APP006742,APP001613,62.86,FUZZY,75.86,69.77,20.0,AUTO_APPROVE,False
APP006743,APP000917,100.0,FUZZY,100.0,100.0,100.0,AUTO_REJECT,True
APP006744,APP006347,50.58,FUZZY,63.16,50.0,20.0,AUTO_APPROVE,False
APP006745,APP002271,64.35,FUZZY,60.47,47.06,100.0,AUTO_APPROVE,False
APP006746,APP004450,69.44,FUZZY,100.0,64.79,0.0,AUTO_APPROVE,False
APP006747,APP001033,65.94,FUZZY,100.0,53.12,0.0,AUTO_APPROVE,False
APP006748,APP008053,72.42,FUZZY,83.87,51.61,75.0,AUTO_APPROVE,False
APP006749,APP007096,64.79,FUZZY,100.0,49.32,0.0,AUTO_APPROVE,False
APP006750,APP007254,67.09,FUZZY,70.59,56.0,75.0,AUTO_APPROVE,False
APP006751,APP008361,62.31,FUZZY,55.56,65.12,75.0,AUTO_APPROVE,False
APP006752,APP007603,100.0,EXACT_PAN,90.91,100.0,100.0,AUTO_REJECT,True
APP006753,APP002772,66.67,FUZZY,83.33,33.33,75.0,AUTO_APPROVE,False
APP006754,APP008778,65.24,FUZZY,100.0,50.79,0.0,AUTO_APPROVE,False
APP006755,APP000242,67.38,FUZZY,82.76,36.67,75.0,AUTO_APPROVE,False
APP006756,APP009434,70.0,FUZZY,100.0,66.67,0.0,AUTO_APPROVE,False
APP006757,APP007323,67.85,FUZZY,76.92,84.62,20.0,AUTO_APPROVE,False
APP006758,APP005188,59.18,FUZZY,77.42,54.9,20.0,AUTO_APPROVE,False
APP006759,APP004086,67.6,FUZZY,100.0,58.67,0.0,AUTO_APPROVE,False
APP006760,APP002547,65.21,FUZZY,54.05,77.27,75.0,AUTO_APPROVE,False
APP006761,APP002183,63.15,FUZZY,100.0,43.84,0.0,AUTO_APPROVE,False
APP006762,APP004773,67.88,FUZZY,76.19,49.28,75.0,AUTO_APPROVE,False
APP006763,,0.0,NO_MATCH,0.0,0.0,0.0,AUTO_APPROVE,False
APP006764,APP009943,100.0,EXACT_PAN,100.0,100.0,100.0,AUTO_REJECT,True
APP006765,APP000926,59.05,FUZZY,68.57,69.23,20.0,AUTO_APPROVE,False
APP006766,APP009790,60.41,FUZZY,85.71,45.16,20.0,AUTO_APPROVE,False
APP006767,APP008464,94.17,FUZZY,88.33,100.0,100.0,AUTO_REJECT,True
APP006768,APP008655,50.55,FUZZY,66.67,44.07,20.0,AUTO_APPROVE,False
APP006769,APP008215,60.91,FUZZY,100.0,36.36,0.0,AUTO_APPROVE,False
APP006770,APP000327,55.59,FUZZY,66.67,60.87,20.0,AUTO_APPROVE,False
APP006771,APP002247,61.38,FUZZY,82.76,53.33,20.0,AUTO_APPROVE,False
APP006772,APP000032,97.0,EXACT_PHONE,100.0,100.0,75.0,AUTO_REJECT,True
APP006773,APP002571,71.69,FUZZY,100.0,58.97,20.0,AUTO_APPROVE,False
APP006774,APP005745,58.9,FUZZY,83.33,44.12,20.0,AUTO_APPROVE,False
APP006775,APP000604,74.02,FUZZY,80.0,63.41,75.0,AUTO_APPROVE,False
APP006776,APP005845,60.86,FUZZY,64.29,45.71,75.0,AUTO_APPROVE,False
APP006777,APP005693,61.35,FUZZY,100.0,37.84,0.0,AUTO_APPROVE,False
APP006778,APP009915,59.98,FUZZY,66.67,38.81,75.0,AUTO_APPROVE,False
APP006779,APP001830,60.29,FUZZY,100.0,34.29,0.0,AUTO_APPROVE,False
APP006780,APP000930,61.25,FUZZY,62.5,100.0,0.0,AUTO_APPROVE,False
APP006781,APP005633,61.25,FUZZY,100.0,37.5,0.0,AUTO_APPROVE,False
APP006782,APP001335,61.41,FUZZY,76.92,63.16,20.0,AUTO_APPROVE,False
APP006783,APP006953,62.0,FUZZY,100.0,40.0,0.0,AUTO_APPROVE,False
APP006784,APP007295,69.25,FUZZY,100.0,64.15,0.0,AUTO_APPROVE,False
APP006785,APP003001,51.73,FUZZY,75.86,32.65,20.0,AUTO_APPROVE,False
APP006786,APP003640,100.0,EXACT_PAN,100.0,100.0,75.0,AUTO_REJECT,True
APP006787,APP001476,54.8,FUZZY,66.67,58.23,20.0,AUTO_APPROVE,False
APP006788,APP005220,61.94,FUZZY,44.44,65.71,100.0,AUTO_APPROVE,False
APP006789,APP007169,57.93,FUZZY,60.61,42.11,75.0,AUTO_APPROVE,False
APP006790,APP009132,68.05,FUZZY,61.54,74.29,75.0,AUTO_APPROVE,False
APP006791,APP004221,55.65,FUZZY,32.43,64.79,100.0,AUTO_APPROVE,False
APP006792,APP000217,65.37,FUZZY,100.0,51.22,0.0,AUTO_APPROVE,False
APP006793,APP005486,62.19,FUZZY,100.0,40.62,0.0,AUTO_APPROVE,False
APP006794,APP003330,61.25,FUZZY,62.5,100.0,0.0,AUTO_APPROVE,False
APP006795,APP008414,67.94,FUZZY,72.73,55.26,75.0,AUTO_APPROVE,False
APP006796,APP007719,98.0,FUZZY,100.0,100.0,90.0,AUTO_REJECT,True
APP006797,APP001801,98.57,FUZZY,97.14,100.0,100.0,AUTO_REJECT,True
APP006798,APP003485,61.19,FUZZY,100.0,37.29,0.0,AUTO_APPROVE,False
APP006799,APP001731,61.19,FUZZY,100.0,37.29,0.0,AUTO_APPROVE,False
APP006800,APP000634,64.67,FUZZY,100.0,48.89,0.0,AUTO_APPROVE,False
APP006801,APP009959,65.5,FUZZY,66.67,93.88,20.0,AUTO_APPROVE,False
APP006802,APP001101,60.35,FUZZY,64.71,80.0,20.0,AUTO_APPROVE,False
APP006803,APP000268,97.06,FUZZY,94.12,100.0,100.0,AUTO_REJECT,True
APP006804,APP002860,93.65,FUZZY,97.3,100.0,75.0,AUTO_REJECT,True
APP006805,APP007827,62.62,FUZZY,76.19,68.42,20.0,AUTO_APPROVE,False
APP006806,APP005306,62.22,FUZZY,100.0,40.74,0.0,AUTO_APPROVE,False
APP006807,APP009179,72.98,FUZZY,100.0,76.6,0.0,AUTO_APPROVE,False
APP006808,APP005331,73.99,FUZZY,76.92,68.42,75.0,AUTO_APPROVE,False
APP006809,APP009615,51.63,FUZZY,59.26,60.0,20.0,AUTO_APPROVE,False
APP006810,APP000987,61.25,FUZZY,62.5,100.0,0.0,AUTO_APPROVE,False
APP006811,APP001830,64.06,FUZZY,100.0,46.88,0.0,AUTO_APPROVE,False
APP006812,APP005501,54.27,FUZZY,74.29,43.75,20.0,AUTO_APPROVE,False
APP006813,APP008970,67.09,FUZZY,83.87,33.85,75.0,AUTO_APPROVE,False
APP006814,APP005885,95.0,FUZZY,100.0,100.0,75.0,AUTO_REJECT,True
APP006815,APP000801,65.27,FUZZY,100.0,50.91,0.0,AUTO_APPROVE,False
APP006816,APP002828,53.77,FUZZY,62.5,61.73,20.0,AUTO_APPROVE,False
APP006817,APP005047,68.37,FUZZY,100.0,61.22,0.0,AUTO_APPROVE,False
APP006818,APP005318,69.53,FUZZY,100.0,65.12,0.0,AUTO_APPROVE,False
APP006819,APP001652,69.35,FUZZY,100.0,51.16,20.0,AUTO_APPROVE,False
APP006820,APP001762,62.0,FUZZY,64.0,100.0,0.0,AUTO_APPROVE,False
APP006821,APP006361,60.8,FUZZY,66.67,41.56,75.0,AUTO_APPROVE,False
APP006822,APP006856,52.96,FUZZY,56.25,69.44,20.0,AUTO_APPROVE,False
APP006823,APP003479,65.89,FUZZY,61.11,67.8,75.0,AUTO_APPROVE,False
APP006824,APP008234,68.17,FUZZY,83.33,75.0,20.0,AUTO_APPROVE,False
APP006825,APP004998,100.0,EXACT_PAN,96.0,100.0,100.0,AUTO_REJECT,True
APP006826,APP003929,62.58,FUZZY,100.0,41.94,0.0,AUTO_APPROVE,False
APP006827,APP000210,58.02,FUZZY,78.95,48.48,20.0,AUTO_APPROVE,False
APP006828,APP005967,59.46,FUZZY,82.93,60.0,0.0,AUTO_APPROVE,False
APP006829,APP005323,57.07,FUZZY,63.16,71.64,20.0,AUTO_APPROVE,False
APP006830,APP005973,64.55,FUZZY,100.0,48.48,0.0,AUTO_APPROVE,False
APP006831,APP004560,64.77,FUZZY,61.11,47.37,100.0,AUTO_APPROVE,False
APP006832,APP005043,63.68,FUZZY,100.0,45.61,0.0,AUTO_APPROVE,False
APP006833,APP008573,59.24,FUZZY,86.49,40.0,20.0,AUTO_APPROVE,False
APP006834,APP007769,58.8,FUZZY,58.06,49.23,75.0,AUTO_APPROVE,False
APP006835,APP000992,69.33,FUZZY,66.67,60.0,90.0,AUTO_APPROVE,False
APP006836,APP009257,70.34,FUZZY,76.92,56.25,75.0,AUTO_APPROVE,False
APP006837,APP007682,51.56,FUZZY,57.14,63.29,20.0,AUTO_APPROVE,False
APP006838,APP006383,63.57,FUZZY,76.92,70.37,20.0,AUTO_APPROVE,False
APP006839,APP002642,62.15,FUZZY,100.0,40.51,0.0,AUTO_APPROVE,False
APP006840,APP004902,64.07,FUZZY,100.0,46.91,0.0,AUTO_APPROVE,False
APP006841,APP005055,95.0,FUZZY,100.0,100.0,75.0,AUTO_REJECT,True
APP006842,APP005609,100.0,EXACT_PAN,93.75,100.0,100.0,AUTO_REJECT,True
APP006843,APP009172,55.43,FUZZY,62.86,30.0,75.0,AUTO_APPROVE,False
APP006844,APP002913,100.0,EXACT_PAN,100.0,100.0,100.0,AUTO_REJECT,True
APP006845,APP004735,67.84,FUZZY,100.0,59.46,0.0,AUTO_APPROVE,False
APP006846,APP005746,72.21,FUZZY,100.0,60.71,20.0,AUTO_APPROVE,False
APP006847,APP000111,68.33,FUZZY,100.0,61.11,0.0,AUTO_APPROVE,False
APP006848,APP001147,64.29,FUZZY,62.86,59.52,75.0,AUTO_APPROVE,False
APP006849,APP008917,63.82,FUZZY,84.85,57.97,20.0,AUTO_APPROVE,False
APP006850,APP002939,96.78,FUZZY,97.56,100.0,90.0,AUTO_REJECT,True
APP006851,APP009373,75.4,FUZZY,83.87,61.54,75.0,AUTO_APPROVE,False
APP006852,APP009247,56.21,FUZZY,42.42,50.0,100.0,AUTO_APPROVE,False
APP006853,APP005877,68.44,FUZZY,100.0,48.15,20.0,AUTO_APPROVE,False
APP006854,APP003761,93.65,FUZZY,97.3,100.0,75.0,AUTO_REJECT,True
APP006855,APP000885,70.49,FUZZY,100.0,68.29,0.0,AUTO_APPROVE,False
APP006856,APP007439,59.86,FUZZY,57.14,54.29,75.0,AUTO_APPROVE,False
APP006857,APP003150,62.92,FUZZY,61.11,57.89,75.0,AUTO_APPROVE,False
APP006858,APP001854,59.9,FUZZY,60.61,48.65,75.0,AUTO_APPROVE,False
APP006859,APP008369,63.38,FUZZY,57.14,49.35,100.0,AUTO_APPROVE,False
APP006860,APP003181,64.75,FUZZY,100.0,49.18,0.0,AUTO_APPROVE,False
APP006861,APP004275,62.45,FUZZY,56.25,47.76,100.0,AUTO_APPROVE,False
APP006862,APP006606,63.77,FUZZY,83.87,59.46,20.0,AUTO_APPROVE,False
APP006863,APP007427,69.11,FUZZY,72.73,59.15,75.0,AUTO_APPROVE,False
APP006864,APP003751,62.8,FUZZY,100.0,42.67,0.0,AUTO_APPROVE,False
APP006865,APP000862,65.52,FUZZY,100.0,51.72,0.0,AUTO_APPROVE,False
APP006866,APP009281,66.29,FUZZY,85.71,28.12,75.0,AUTO_APPROVE,False
APP006867,APP001984,72.8,FUZZY,100.0,76.0,0.0,AUTO_APPROVE,False
APP006868,APP009591,64.81,FUZZY,100.0,49.35,0.0,AUTO_APPROVE,False
APP006869,APP003423,66.36,FUZZY,72.73,100.0,0.0,AUTO_APPROVE,False
APP006870,APP003211,56.19,FUZZY,66.67,62.86,20.0,AUTO_APPROVE,False
APP006871,APP008460,61.03,FUZZY,66.67,42.31,75.0,AUTO_APPROVE,False
APP006872,APP003585,61.25,FUZZY,62.5,100.0,0.0,AUTO_APPROVE,False
APP006873,APP004409,68.46,FUZZY,100.0,61.54,0.0,AUTO_APPROVE,False
APP006874,APP008746,67.84,FUZZY,100.0,59.46,0.0,AUTO_APPROVE,False
APP006875,APP001666,97.0,EXACT_PHONE,97.14,100.0,100.0,AUTO_REJECT,True
APP006876,APP004964,61.94,FUZZY,83.87,66.67,0.0,AUTO_APPROVE,False
APP006877,APP009042,62.54,FUZZY,100.0,41.79,0.0,AUTO_APPROVE,False
APP006878,APP004341,100.0,EXACT_PAN,100.0,100.0,75.0,AUTO_REJECT,True
APP006879,APP002507,63.26,FUZZY,68.29,83.72,20.0,AUTO_APPROVE,False
APP006880,APP004141,61.69,FUZZY,76.47,64.86,20.0,AUTO_APPROVE,False
APP006881,APP007978,61.12,FUZZY,66.67,42.62,75.0,AUTO_APPROVE,False
APP006882,APP004957,62.0,FUZZY,100.0,40.0,0.0,AUTO_APPROVE,False
APP006883,APP005233,68.23,FUZZY,100.0,60.76,0.0,AUTO_APPROVE,False
APP006884,APP007560,65.08,FUZZY,100.0,36.92,20.0,AUTO_APPROVE,False
APP006885,APP009121,86.19,FUZZY,100.0,53.97,100.0,FLAG_FOR_REVIEW,True
APP006886,APP001725,59.55,FUZZY,87.5,39.34,20.0,AUTO_APPROVE,False
APP006887,APP007446,59.19,FUZZY,88.37,36.67,20.0,AUTO_APPROVE,False
APP006888,APP009379,67.05,FUZZY,76.92,45.28,75.0,AUTO_APPROVE,False
APP006889,APP002547,63.33,FUZZY,66.67,100.0,0.0,AUTO_APPROVE,False
APP006890,APP006549,98.0,FUZZY,100.0,100.0,90.0,AUTO_REJECT,True
APP006891,APP004714,58.89,FUZZY,38.71,65.12,100.0,AUTO_APPROVE,False
APP006892,APP004026,62.86,FUZZY,100.0,42.86,0.0,AUTO_APPROVE,False
APP006893,APP009385,65.4,FUZZY,62.5,63.83,75.0,AUTO_APPROVE,False
APP006894,APP002025,100.0,EXACT_PAN,96.3,100.0,90.0,AUTO_REJECT,True
APP006895,APP005955,61.47,FUZZY,80.0,58.23,20.0,AUTO_APPROVE,False
APP006896,APP004889,52.5,FUZZY,69.57,45.71,20.0,AUTO_APPROVE,False
APP006897,APP004422,56.92,FUZZY,83.33,37.5,20.0,AUTO_APPROVE,False
APP006898,APP007488,67.25,FUZZY,78.79,42.86,75.0,AUTO_APPROVE,False
APP006899,APP003555,51.85,FUZZY,66.67,48.39,20.0,AUTO_APPROVE,False
APP006900,APP002139,100.0,EXACT_PAN,91.67,100.0,100.0,AUTO_REJECT,True
APP006901,APP007464,100.0,EXACT_PAN,100.0,100.0,100.0,AUTO_REJECT,True
APP006902,APP003252,59.85,FUZZY,100.0,32.84,0.0,AUTO_APPROVE,False
APP006903,APP008393,59.42,FUZZY,86.49,40.58,20.0,AUTO_APPROVE,False
APP006904,APP002843,61.96,FUZZY,63.16,51.28,75.0,AUTO_APPROVE,False
APP006905,APP003477,61.43,FUZZY,100.0,38.1,0.0,AUTO_APPROVE,False
APP006906,APP000442,66.45,FUZZY,100.0,54.84,0.0,AUTO_APPROVE,False
APP006907,APP004935,59.42,FUZZY,81.25,49.32,20.0,AUTO_APPROVE,False
APP006908,APP007267,56.72,FUZZY,52.94,50.85,75.0,AUTO_APPROVE,False
APP006909,APP000953,67.94,FUZZY,76.92,48.28,75.0,AUTO_APPROVE,False
APP006910,APP008332,98.57,FUZZY,97.14,100.0,100.0,AUTO_REJECT,True
APP006911,APP000860,63.59,FUZZY,63.16,56.72,75.0,AUTO_APPROVE,False
APP006912,APP007330,65.56,FUZZY,100.0,51.85,0.0,AUTO_APPROVE,False
APP006913,APP004744,63.71,FUZZY,100.0,45.71,0.0,AUTO_APPROVE,False
APP006914,APP006481,64.13,FUZZY,100.0,33.77,20.0,AUTO_APPROVE,False
APP006915,APP005246,100.0,EXACT_PAN,100.0,100.0,100.0,AUTO_REJECT,True
APP006916,APP002747,62.48,FUZZY,68.97,43.33,75.0,AUTO_APPROVE,False
APP006917,APP007611,72.04,FUZZY,85.71,47.27,75.0,AUTO_APPROVE,False
APP006918,APP006285,65.0,FUZZY,77.42,74.29,20.0,AUTO_APPROVE,False
APP006919,APP009738,62.35,FUZZY,100.0,41.18,0.0,AUTO_APPROVE,False
APP006920,APP004614,57.52,FUZZY,46.67,47.27,100.0,AUTO_APPROVE,False
APP006921,APP002762,65.0,FUZZY,100.0,50.0,0.0,AUTO_APPROVE,False
APP006922,APP005235,51.93,FUZZY,34.29,49.28,100.0,AUTO_APPROVE,False
APP006923,APP007519,59.0,FUZZY,100.0,30.0,0.0,AUTO_APPROVE,False
APP006924,APP009517,68.63,FUZZY,100.0,48.78,20.0,AUTO_APPROVE,False
APP006925,APP003052,61.73,FUZZY,80.0,59.09,20.0,AUTO_APPROVE,False
APP006926,,0.0,NO_MATCH,0.0,0.0,0.0,AUTO_APPROVE,False
APP006927,APP008684,63.43,FUZZY,64.71,36.92,100.0,AUTO_APPROVE,False
APP006928,APP008740,58.7,FUZZY,71.43,63.29,20.0,AUTO_APPROVE,False
APP006929,APP008364,70.25,FUZZY,76.47,56.72,75.0,AUTO_APPROVE,False
APP006930,APP007926,65.3,FUZZY,83.33,65.45,20.0,AUTO_APPROVE,False
APP006931,APP000546,66.06,FUZZY,100.0,53.52,0.0,AUTO_APPROVE,False
APP006932,APP005040,62.63,FUZZY,100.0,42.11,0.0,AUTO_APPROVE,False
APP006933,APP002803,64.57,FUZZY,80.0,31.88,75.0,AUTO_APPROVE,False
APP006934,APP001063,100.0,EXACT_PAN,97.14,100.0,100.0,AUTO_REJECT,True
APP006935,APP007944,93.39,FUZZY,96.77,100.0,75.0,AUTO_REJECT,True
APP006936,APP000488,64.46,FUZZY,70.59,47.22,75.0,AUTO_APPROVE,False
APP006937,APP005946,70.42,FUZZY,81.25,49.32,75.0,AUTO_APPROVE,False
APP006938,APP003128,64.57,FUZZY,76.19,38.24,75.0,AUTO_APPROVE,False
APP006939,APP005489,63.25,FUZZY,63.16,55.56,75.0,AUTO_APPROVE,False
APP006940,APP001334,72.81,FUZZY,83.33,90.48,20.0,AUTO_APPROVE,False
APP006941,APP000298,95.06,FUZZY,94.12,100.0,90.0,AUTO_REJECT,True
APP006942,APP002126,58.69,FUZZY,85.0,40.62,20.0,AUTO_APPROVE,False
APP006943,APP004261,96.11,FUZZY,92.22,100.0,100.0,AUTO_REJECT,True
APP006944,APP002400,61.59,FUZZY,83.87,52.17,20.0,AUTO_APPROVE,False
APP006945,APP007670,60.72,FUZZY,80.0,55.74,20.0,AUTO_APPROVE,False
APP006946,APP000722,64.37,FUZZY,100.0,47.89,0.0,AUTO_APPROVE,False
APP006947,APP005208,61.48,FUZZY,82.35,67.69,0.0,AUTO_APPROVE,False
APP006948,APP007496,64.63,FUZZY,70.59,84.44,20.0,AUTO_APPROVE,False
APP006949,APP005435,62.55,FUZZY,72.73,87.27,0.0,AUTO_APPROVE,False
APP006950,APP008748,100.0,EXACT_PAN,97.14,100.0,75.0,AUTO_REJECT,True
APP006951,APP002270,100.0,FUZZY,100.0,100.0,100.0,AUTO_REJECT,True
APP006952,APP009384,65.52,FUZZY,100.0,51.72,0.0,AUTO_APPROVE,False
APP006953,APP006783,62.0,FUZZY,100.0,40.0,0.0,AUTO_APPROVE,False
APP006954,APP006531,57.56,FUZZY,78.79,47.22,20.0,AUTO_APPROVE,False
APP006955,APP006067,59.35,FUZZY,84.85,43.08,20.0,AUTO_APPROVE,False
APP006956,APP001948,65.83,FUZZY,60.61,68.42,75.0,AUTO_APPROVE,False
APP006957,APP006109,100.0,EXACT_PAN,93.75,100.0,75.0,AUTO_REJECT,True
APP006958,APP007819,97.0,EXACT_PHONE,91.67,100.0,75.0,AUTO_REJECT,True
APP006959,APP003751,65.38,FUZZY,68.75,53.33,75.0,AUTO_APPROVE,False
APP006960,APP004250,70.77,FUZZY,100.0,69.23,0.0,AUTO_APPROVE,False
APP006961,APP008770,63.68,FUZZY,100.0,45.61,0.0,AUTO_APPROVE,False
APP006962,APP001872,58.26,FUZZY,85.71,51.35,0.0,AUTO_APPROVE,False
APP006963,APP001971,60.78,FUZZY,58.82,54.55,75.0,AUTO_APPROVE,False
APP006964,APP005591,53.83,FUZZY,53.66,40.0,75.0,AUTO_APPROVE,False
APP006965,APP007627,100.0,EXACT_PAN,93.33,100.0,75.0,AUTO_REJECT,True
APP006966,APP001105,62.2,FUZZY,100.0,40.68,0.0,AUTO_APPROVE,False
APP006967,APP002478,57.48,FUZZY,72.22,57.89,20.0,AUTO_APPROVE,False
APP006968,APP001872,67.77,FUZZY,66.67,64.79,75.0,AUTO_APPROVE,False
APP006969,APP003894,67.29,FUZZY,57.14,79.07,75.0,AUTO_APPROVE,False
APP006970,APP009203,55.49,FUZZY,66.67,60.53,20.0,AUTO_APPROVE,False
APP006971,APP000444,65.92,FUZZY,100.0,53.06,0.0,AUTO_APPROVE,False
APP006972,APP000550,73.79,FUZZY,78.57,65.0,75.0,AUTO_APPROVE,False
APP006973,APP001726,74.23,FUZZY,80.95,62.5,75.0,AUTO_APPROVE,False
APP006974,APP001250,59.49,FUZZY,62.5,44.12,75.0,AUTO_APPROVE,False
APP006975,APP002747,62.5,FUZZY,100.0,41.67,0.0,AUTO_APPROVE,False
APP006976,APP009150,66.72,FUZZY,100.0,55.74,0.0,AUTO_APPROVE,False
APP006977,APP009749,61.84,FUZZY,77.78,63.16,20.0,AUTO_APPROVE,False
APP006978,APP001099,65.21,FUZZY,78.26,36.92,75.0,AUTO_APPROVE,False
APP006979,APP006724,61.2,FUZZY,100.0,37.33,0.0,AUTO_APPROVE,False
APP006980,APP009597,60.82,FUZZY,54.55,45.16,100.0,AUTO_APPROVE,False
APP006981,APP006063,69.83,FUZZY,70.59,65.12,75.0,AUTO_APPROVE,False
APP006982,APP000345,62.64,FUZZY,62.86,54.05,75.0,AUTO_APPROVE,False
APP006983,APP009559,59.69,FUZZY,66.67,74.51,20.0,AUTO_APPROVE,False
APP006984,APP005049,67.91,FUZZY,100.0,46.38,20.0,AUTO_APPROVE,False
APP006985,APP002304,65.22,FUZZY,100.0,50.75,0.0,AUTO_APPROVE,False
APP006986,APP002877,70.57,FUZZY,100.0,68.57,0.0,AUTO_APPROVE,False
APP006987,APP004612,60.34,FUZZY,100.0,34.48,0.0,AUTO_APPROVE,False
APP006988,APP003743,70.38,FUZZY,76.47,57.14,75.0,AUTO_APPROVE,False
APP006989,APP002481,54.44,FUZZY,47.06,36.36,100.0,AUTO_APPROVE,False
APP006990,APP002580,57.52,FUZZY,87.5,45.9,0.0,AUTO_APPROVE,False
APP006991,APP001692,60.59,FUZZY,100.0,35.29,0.0,AUTO_APPROVE,False
APP006992,APP002782,65.83,FUZZY,100.0,52.78,0.0,AUTO_APPROVE,False
APP006993,APP003479,61.76,FUZZY,82.35,55.26,20.0,AUTO_APPROVE,False
APP006994,APP002111,67.53,FUZZY,82.05,75.0,20.0,AUTO_APPROVE,False
APP006995,APP006477,93.72,FUZZY,97.44,100.0,75.0,AUTO_REJECT,True
APP006996,APP002126,69.05,FUZZY,71.43,61.11,75.0,AUTO_APPROVE,False
APP006997,APP008784,95.0,FUZZY,100.0,100.0,75.0,AUTO_REJECT,True
APP006998,APP001509,86.8,FUZZY,100.0,56.0,100.0,FLAG_FOR_REVIEW,True
APP006999,APP001771,63.79,FUZZY,59.46,46.88,100.0,AUTO_APPROVE,False
APP007000,APP006158,100.0,FUZZY,100.0,100.0,100.0,AUTO_REJECT,True
APP007001,APP005773,64.38,FUZZY,43.24,75.86,100.0,AUTO_APPROVE,False
APP007002,APP007183,67.63,FUZZY,78.79,44.12,75.0,AUTO_APPROVE,False
APP007003,APP002929,64.06,FUZZY,100.0,46.88,0.0,AUTO_APPROVE,False
APP007004,APP004121,97.22,FUZZY,94.44,100.0,100.0,AUTO_REJECT,True
APP007005,APP009095,68.57,FUZZY,64.71,54.05,100.0,AUTO_APPROVE,False
APP007006,APP001390,60.58,FUZZY,80.0,55.26,20.0,AUTO_APPROVE,False
APP007007,APP006091,100.0,EXACT_PAN,100.0,100.0,90.0,AUTO_REJECT,True
APP007008,APP004964,73.45,FUZZY,100.0,78.16,0.0,AUTO_APPROVE,False
APP007009,APP004040,67.65,FUZZY,85.0,33.85,75.0,AUTO_APPROVE,False
APP007010,APP009391,63.05,FUZZY,63.16,38.24,100.0,AUTO_APPROVE,False
APP007011,APP007202,57.71,FUZZY,82.35,41.79,20.0,AUTO_APPROVE,False
APP007012,APP008025,60.5,FUZZY,64.71,43.84,75.0,AUTO_APPROVE,False
APP007013,APP001846,66.8,FUZZY,100.0,56.0,0.0,AUTO_APPROVE,False
APP007014,APP009705,63.29,FUZZY,63.16,55.7,75.0,AUTO_APPROVE,False
APP007015,APP006638,65.17,FUZZY,83.87,27.45,75.0,AUTO_APPROVE,False
APP007016,APP005436,93.78,FUZZY,97.56,100.0,75.0,AUTO_REJECT,True
APP007017,APP000296,65.64,FUZZY,84.21,65.12,20.0,AUTO_APPROVE,False
APP007018,APP004635,67.26,FUZZY,75.86,47.76,75.0,AUTO_APPROVE,False
APP007019,APP006062,98.39,FUZZY,96.77,100.0,100.0,AUTO_REJECT,True
APP007020,APP007127,55.28,FUZZY,41.38,48.65,100.0,AUTO_APPROVE,False
APP007021,APP007979,70.0,FUZZY,80.0,100.0,0.0,AUTO_APPROVE,False
APP007022,APP000012,97.0,EXACT_PHONE,100.0,100.0,75.0,AUTO_REJECT,True
APP007023,APP002353,60.66,FUZZY,45.16,60.27,100.0,AUTO_APPROVE,False
APP007024,APP004665,65.94,FUZZY,100.0,53.12,0.0,AUTO_APPROVE,False
APP007025,APP006681,62.59,FUZZY,100.0,41.98,0.0,AUTO_APPROVE,False
APP007026,APP000382,70.0,FUZZY,90.91,68.49,20.0,AUTO_APPROVE,False
APP007027,APP005102,62.0,FUZZY,100.0,40.0,0.0,AUTO_APPROVE,False
APP007028,APP005176,60.31,FUZZY,100.0,34.38,0.0,AUTO_APPROVE,False
APP007029,APP000972,60.66,FUZZY,84.85,47.46,20.0,AUTO_APPROVE,False
APP007030,APP007157,72.59,FUZZY,100.0,61.97,20.0,AUTO_APPROVE,False
APP007031,APP000616,100.0,EXACT_PAN,96.97,100.0,75.0,AUTO_REJECT,True
APP007032,APP000424,65.83,FUZZY,100.0,52.78,0.0,AUTO_APPROVE,False
APP007033,APP000063,56.28,FUZZY,66.67,63.16,20.0,AUTO_APPROVE,False
APP007034,APP003533,60.78,FUZZY,85.71,59.74,0.0,AUTO_APPROVE,False
APP007035,APP005134,73.27,FUZZY,100.0,77.55,0.0,AUTO_APPROVE,False
APP007036,APP008390,100.0,EXACT_PAN,100.0,100.0,75.0,AUTO_REJECT,True
APP007037,APP004508,60.79,FUZZY,64.71,44.78,75.0,AUTO_APPROVE,False
APP007038,APP001189,61.92,FUZZY,80.0,59.74,20.0,AUTO_APPROVE,False
APP007039,APP000304,63.95,FUZZY,66.67,52.05,75.0,AUTO_APPROVE,False
APP007040,APP003521,68.48,FUZZY,100.0,48.28,20.0,AUTO_APPROVE,False
APP007041,APP007307,66.17,FUZZY,100.0,40.58,20.0,AUTO_APPROVE,False
APP007042,APP003321,56.58,FUZZY,63.16,33.33,75.0,AUTO_APPROVE,False
APP007043,APP006562,65.0,FUZZY,97.56,40.74,20.0,AUTO_APPROVE,False
APP007044,APP009680,64.12,FUZZY,100.0,47.06,0.0,AUTO_APPROVE,False
APP007045,APP000383,97.0,EXACT_PHONE,92.86,100.0,100.0,AUTO_REJECT,True
APP007046,APP006941,65.05,FUZZY,76.47,39.39,75.0,AUTO_APPROVE,False
APP007047,APP002576,57.38,FUZZY,82.76,40.0,20.0,AUTO_APPROVE,False
APP007048,APP007682,97.0,EXACT_PHONE,94.44,100.0,75.0,AUTO_REJECT,True
APP007049,APP005070,56.99,FUZZY,78.95,45.07,20.0,AUTO_APPROVE,False
APP007050,APP000625,92.22,FUZZY,94.44,100.0,75.0,AUTO_REJECT,True
APP007051,APP002271,61.82,FUZZY,100.0,39.39,0.0,AUTO_APPROVE,False
APP007052,APP005961,66.15,FUZZY,100.0,53.85,0.0,AUTO_APPROVE,False
APP007053,APP001447,61.3,FUZZY,82.05,67.57,0.0,AUTO_APPROVE,False
APP007054,APP006530,63.22,FUZZY,100.0,44.07,0.0,AUTO_APPROVE,False
APP007055,APP007204,72.16,FUZZY,72.73,69.33,75.0,AUTO_APPROVE,False
APP007056,APP001899,59.24,FUZZY,80.0,50.79,20.0,AUTO_APPROVE,False
APP007057,APP000673,68.83,FUZZY,80.0,82.76,20.0,AUTO_APPROVE,False
APP007058,APP001660,62.0,FUZZY,100.0,40.0,0.0,AUTO_APPROVE,False
APP007059,APP005500,62.22,FUZZY,64.86,49.28,75.0,AUTO_APPROVE,False
APP007060,APP006616,67.5,FUZZY,50.0,91.67,75.0,AUTO_APPROVE,False
APP007061,APP003246,97.0,EXACT_PHONE,100.0,100.0,75.0,AUTO_REJECT,True
APP007062,APP009655,62.92,FUZZY,100.0,43.08,0.0,AUTO_APPROVE,False
APP007063,APP003455,85.0,FUZZY,100.0,66.67,75.0,FLAG_FOR_REVIEW,True
APP007064,APP003291,65.65,FUZZY,100.0,52.17,0.0,AUTO_APPROVE,False
APP007065,APP000971,56.56,FUZZY,62.5,34.38,75.0,AUTO_APPROVE,False
APP007066,APP003930,56.5,FUZZY,66.67,63.89,20.0,AUTO_APPROVE,False
APP007067,APP003530,68.06,FUZZY,100.0,46.88,20.0,AUTO_APPROVE,False
APP007068,APP009956,100.0,EXACT_PAN,94.74,100.0,75.0,AUTO_REJECT,True
APP007069,APP002115,66.57,FUZZY,86.0,28.57,75.0,AUTO_APPROVE,True
APP007070,APP004131,59.23,FUZZY,100.0,30.77,0.0,AUTO_APPROVE,False
APP007071,APP004212,61.73,FUZZY,78.79,61.11,20.0,AUTO_APPROVE,False
APP007072,APP005199,58.1,FUZZY,54.05,36.92,100.0,AUTO_APPROVE,False
APP007073,APP007721,59.22,FUZZY,74.07,60.61,20.0,AUTO_APPROVE,False
APP007074,APP005900,65.27,FUZZY,100.0,50.91,0.0,AUTO_APPROVE,False
APP007075,APP002371,93.78,FUZZY,97.56,100.0,75.0,AUTO_REJECT,True
APP007076,APP008638,67.48,FUZZY,83.87,35.14,75.0,AUTO_APPROVE,False
APP007077,APP009700,59.58,FUZZY,82.35,48.0,20.0,AUTO_APPROVE,False
APP007078,APP001382,68.13,FUZZY,77.78,47.46,75.0,AUTO_APPROVE,False
APP007079,APP002364,91.67,FUZZY,93.33,100.0,75.0,FLAG_FOR_REVIEW,True
APP007080,APP007886,61.29,FUZZY,70.59,73.33,20.0,AUTO_APPROVE,False
APP007081,APP003577,63.14,FUZZY,85.71,54.29,20.0,AUTO_APPROVE,False
APP007082,APP008670,59.61,FUZZY,54.05,58.62,75.0,AUTO_APPROVE,False
APP007083,APP002322,64.48,FUZZY,100.0,48.28,0.0,AUTO_APPROVE,False
APP007084,APP008663,56.58,FUZZY,40.0,55.26,100.0,AUTO_APPROVE,False
APP007085,APP002796,96.78,FUZZY,97.56,100.0,90.0,AUTO_REJECT,True
APP007086,APP004263,55.0,FUZZY,80.0,36.67,20.0,AUTO_APPROVE,False
APP007087,APP009073,54.04,FUZZY,34.29,56.34,100.0,AUTO_APPROVE,False
APP007088,APP000870,63.33,FUZZY,66.67,100.0,0.0,AUTO_APPROVE,False
APP007089,APP007575,62.42,FUZZY,75.86,68.29,20.0,AUTO_APPROVE,False
APP007090,APP007651,53.86,FUZZY,66.67,55.07,20.0,AUTO_APPROVE,False
APP007091,APP004082,67.1,FUZZY,71.79,37.33,100.0,AUTO_APPROVE,False
APP007092,APP006941,61.14,FUZZY,74.29,66.67,20.0,AUTO_APPROVE,False
APP007093,APP002729,59.82,FUZZY,100.0,32.73,0.0,AUTO_APPROVE,False
APP007094,APP001330,55.38,FUZZY,58.82,73.24,20.0,AUTO_APPROVE,False
APP007095,APP001441,67.01,FUZZY,100.0,56.72,0.0,AUTO_APPROVE,False
APP007096,APP009274,67.03,FUZZY,100.0,56.76,0.0,AUTO_APPROVE,False
APP007097,APP007793,96.48,FUZZY,96.97,100.0,90.0,AUTO_REJECT,True
APP007098,APP007458,61.25,FUZZY,100.0,37.5,0.0,AUTO_APPROVE,False
APP007099,APP009275,62.97,FUZZY,100.0,43.24,0.0,AUTO_APPROVE,False
APP007100,APP001269,57.12,FUZZY,75.0,52.05,20.0,AUTO_APPROVE,False
APP007101,APP004425,66.13,FUZZY,50.0,70.42,100.0,AUTO_APPROVE,False
APP007102,APP009863,54.61,FUZZY,84.85,40.62,0.0,AUTO_APPROVE,False
APP007103,APP006338,57.93,FUZZY,66.67,68.66,20.0,AUTO_APPROVE,False
APP007104,APP007292,66.75,FUZZY,70.27,38.71,100.0,AUTO_APPROVE,False
APP007105,APP008767,65.25,FUZZY,100.0,50.85,0.0,AUTO_APPROVE,False
APP007106,APP006025,68.24,FUZZY,100.0,47.46,20.0,AUTO_APPROVE,False
APP007107,APP006987,56.92,FUZZY,62.5,72.22,20.0,AUTO_APPROVE,False
APP007108,APP009865,95.0,FUZZY,100.0,100.0,75.0,AUTO_REJECT,True
APP007109,APP000514,80.0,FUZZY,100.0,100.0,0.0,FLAG_FOR_REVIEW,False
APP007110,APP002123,67.27,FUZZY,83.33,72.0,20.0,AUTO_APPROVE,False
APP007111,APP002081,66.67,FUZZY,100.0,55.56,0.0,AUTO_APPROVE,False
APP007112,,0.0,NO_MATCH,0.0,0.0,0.0,AUTO_APPROVE,False
APP007113,APP006362,64.55,FUZZY,100.0,48.48,0.0,AUTO_APPROVE,False
APP007114,APP008488,65.94,FUZZY,83.87,66.67,20.0,AUTO_APPROVE,False
APP007115,APP001239,65.65,FUZZY,100.0,52.17,0.0,AUTO_APPROVE,False
APP007116,APP001450,100.0,EXACT_PAN,97.44,100.0,75.0,AUTO_REJECT,True
APP007117,APP008492,56.46,FUZZY,56.25,44.44,75.0,AUTO_APPROVE,False
APP007118,APP003045,97.37,FUZZY,94.74,100.0,100.0,AUTO_REJECT,True
APP007119,APP001814,61.26,FUZZY,86.67,59.74,0.0,AUTO_APPROVE,False
APP007120,APP006615,60.99,FUZZY,59.26,54.55,75.0,AUTO_APPROVE,False
APP007121,APP000559,56.54,FUZZY,81.08,53.33,0.0,AUTO_APPROVE,False
APP007122,APP001963,61.74,FUZZY,100.0,25.81,20.0,AUTO_APPROVE,False
APP007123,APP006585,74.0,FUZZY,88.0,100.0,0.0,AUTO_APPROVE,False
APP007124,APP006849,59.75,FUZZY,87.18,40.54,20.0,AUTO_APPROVE,False
APP007125,APP003604,61.62,FUZZY,93.75,35.82,20.0,AUTO_APPROVE,False
APP007126,APP004774,65.29,FUZZY,70.59,50.0,75.0,AUTO_APPROVE,False
APP007127,APP000730,63.52,FUZZY,100.0,45.07,0.0,AUTO_APPROVE,False
APP007128,APP007513,62.16,FUZZY,100.0,40.54,0.0,AUTO_APPROVE,False
APP007129,APP004561,66.34,FUZZY,64.86,63.01,75.0,AUTO_APPROVE,False
APP007130,APP003794,100.0,EXACT_PAN,95.65,100.0,75.0,AUTO_REJECT,True
APP007131,APP009993,69.09,FUZZY,100.0,63.64,0.0,AUTO_APPROVE,False
APP007132,APP001997,61.32,FUZZY,100.0,37.74,0.0,AUTO_APPROVE,False
APP007133,APP001602,64.4,FUZZY,100.0,48.0,0.0,AUTO_APPROVE,False
APP007134,APP001393,79.78,FUZZY,82.35,78.69,75.0,AUTO_APPROVE,False
APP007135,APP006731,55.57,FUZZY,78.79,40.58,20.0,AUTO_APPROVE,False
APP007136,APP001145,63.75,FUZZY,80.0,29.17,75.0,AUTO_APPROVE,False
APP007137,APP004540,67.58,FUZZY,61.11,56.76,100.0,AUTO_APPROVE,False
APP007138,APP009351,53.84,FUZZY,70.59,48.48,20.0,AUTO_APPROVE,False
APP007139,APP007715,68.46,FUZZY,100.0,61.54,0.0,AUTO_APPROVE,False
APP007140,APP009157,63.33,FUZZY,100.0,44.44,0.0,AUTO_APPROVE,False
APP007141,APP005348,98.57,FUZZY,97.14,100.0,100.0,AUTO_REJECT,True
APP007142,APP006773,71.22,FUZZY,100.0,70.73,0.0,AUTO_APPROVE,False
APP007143,APP001206,92.22,FUZZY,94.44,100.0,75.0,AUTO_REJECT,True
APP007144,APP005814,63.75,FUZZY,100.0,45.83,0.0,AUTO_APPROVE,False
APP007145,APP006736,97.22,FUZZY,94.44,100.0,100.0,AUTO_REJECT,True
APP007146,APP006810,56.02,FUZZY,72.73,52.17,20.0,AUTO_APPROVE,False
APP007147,APP001907,70.28,FUZZY,100.0,67.61,0.0,AUTO_APPROVE,False
APP007148,APP007502,97.37,FUZZY,94.74,100.0,100.0,AUTO_REJECT,True
APP007149,APP007164,71.04,FUZZY,100.0,70.13,0.0,AUTO_APPROVE,False
APP007150,APP005790,69.02,FUZZY,100.0,63.41,0.0,AUTO_APPROVE,False
APP007151,APP007540,95.0,FUZZY,90.0,100.0,100.0,AUTO_REJECT,True
APP007152,APP002213,61.48,FUZZY,66.67,43.84,75.0,AUTO_APPROVE,False
APP007153,APP005692,65.03,FUZZY,66.67,92.31,20.0,AUTO_APPROVE,False
APP007154,APP009046,65.0,FUZZY,100.0,50.0,0.0,AUTO_APPROVE,False
APP007155,APP005421,67.79,FUZZY,66.67,64.86,75.0,AUTO_APPROVE,False
APP007156,APP005823,64.43,FUZZY,100.0,48.1,0.0,AUTO_APPROVE,False
APP007157,APP007030,72.59,FUZZY,100.0,61.97,20.0,AUTO_APPROVE,False
APP007158,APP000052,64.24,FUZZY,100.0,47.46,0.0,AUTO_APPROVE,False
APP007159,APP007783,100.0,EXACT_PAN,94.74,100.0,100.0,AUTO_REJECT,True
APP007160,APP004432,65.69,FUZZY,100.0,52.31,0.0,AUTO_APPROVE,False
APP007161,APP002427,79.52,FUZZY,100.0,31.75,100.0,AUTO_APPROVE,True
APP007162,APP004859,56.19,FUZZY,80.0,53.97,0.0,AUTO_APPROVE,False
APP007163,APP001022,91.15,FUZZY,92.31,100.0,75.0,FLAG_FOR_REVIEW,True
APP007164,APP007149,71.04,FUZZY,100.0,70.13,0.0,AUTO_APPROVE,False
APP007165,APP004650,60.71,FUZZY,100.0,35.71,0.0,AUTO_APPROVE,False
APP007166,APP008490,65.25,FUZZY,100.0,50.85,0.0,AUTO_APPROVE,False
APP007167,APP002234,100.0,FUZZY,100.0,100.0,100.0,AUTO_REJECT,True
APP007168,APP008373,60.62,FUZZY,86.96,57.14,0.0,AUTO_APPROVE,False
APP007169,APP006789,57.93,FUZZY,60.61,42.11,75.0,AUTO_APPROVE,False
APP007170,APP003994,62.58,FUZZY,100.0,41.94,0.0,AUTO_APPROVE,False
APP007171,APP007546,54.44,FUZZY,80.0,48.15,0.0,AUTO_APPROVE,False
APP007172,APP004065,63.22,FUZZY,100.0,44.07,0.0,AUTO_APPROVE,False
APP007173,APP005256,60.0,FUZZY,100.0,33.33,0.0,AUTO_APPROVE,False
APP007174,APP006219,64.86,FUZZY,52.63,61.82,100.0,AUTO_APPROVE,False
APP007175,APP009758,73.14,FUZZY,100.0,77.14,0.0,AUTO_APPROVE,False
APP007176,APP005364,58.41,FUZZY,54.05,37.93,100.0,AUTO_APPROVE,False
APP007177,APP005545,62.52,FUZZY,56.0,48.39,100.0,AUTO_APPROVE,False
APP007178,APP002879,59.71,FUZZY,69.57,69.77,20.0,AUTO_APPROVE,False
APP007179,APP004994,62.12,FUZZY,59.46,57.97,75.0,AUTO_APPROVE,False
APP007180,APP002988,59.61,FUZZY,83.87,45.57,20.0,AUTO_APPROVE,False
APP007181,APP002734,65.29,FUZZY,70.97,49.35,75.0,AUTO_APPROVE,False
APP007182,APP009264,62.47,FUZZY,100.0,41.56,0.0,AUTO_APPROVE,False
APP007183,APP007002,67.63,FUZZY,78.79,44.12,75.0,AUTO_APPROVE,False
APP007184,APP005313,72.29,FUZZY,100.0,74.29,0.0,AUTO_APPROVE,False
APP007185,APP006572,63.75,FUZZY,83.87,72.73,0.0,AUTO_APPROVE,False
APP007186,APP000375,98.57,FUZZY,97.14,100.0,100.0,AUTO_REJECT,True
APP007187,APP003127,94.0,FUZZY,88.0,100.0,100.0,AUTO_REJECT,True
APP007188,APP009191,67.33,FUZZY,81.25,75.68,20.0,AUTO_APPROVE,False
APP007189,APP004870,62.78,FUZZY,50.0,59.26,100.0,AUTO_APPROVE,False
APP007190,APP003915,62.08,FUZZY,80.0,60.27,20.0,AUTO_APPROVE,False
APP007191,APP004251,61.9,FUZZY,57.14,61.11,75.0,AUTO_APPROVE,False
APP007192,APP003485,61.45,FUZZY,58.06,41.38,100.0,AUTO_APPROVE,False
APP007193,APP008379,100.0,FUZZY,100.0,100.0,100.0,AUTO_REJECT,True
APP007194,APP003909,60.05,FUZZY,63.16,44.9,75.0,AUTO_APPROVE,False
APP007195,APP009076,63.33,FUZZY,66.67,100.0,0.0,AUTO_APPROVE,False
APP007196,APP005351,54.14,FUZZY,72.22,46.75,20.0,AUTO_APPROVE,False
APP007197,APP001165,69.29,FUZZY,100.0,64.29,0.0,AUTO_APPROVE,False
APP007198,APP009638,60.26,FUZZY,83.87,47.76,20.0,AUTO_APPROVE,False
APP007199,APP000860,56.87,FUZZY,61.54,73.68,20.0,AUTO_APPROVE,False
APP007200,APP000306,58.43,FUZZY,61.9,78.26,20.0,AUTO_APPROVE,False
APP007201,APP009664,59.93,FUZZY,75.86,60.0,20.0,AUTO_APPROVE,False
APP007202,APP002884,60.21,FUZZY,62.86,45.95,75.0,AUTO_APPROVE,False
APP007203,APP006661,66.84,FUZZY,73.68,100.0,0.0,AUTO_APPROVE,False
APP007204,APP007055,72.16,FUZZY,72.73,69.33,75.0,AUTO_APPROVE,False
APP007205,APP001802,70.53,FUZZY,90.0,35.09,75.0,AUTO_APPROVE,False
APP007206,APP002761,81.61,FUZZY,100.0,38.71,100.0,FLAG_FOR_REVIEW,True
APP007207,APP007495,64.67,FUZZY,100.0,48.89,0.0,AUTO_APPROVE,False
APP007208,APP008801,68.76,FUZZY,78.79,47.89,75.0,AUTO_APPROVE,False
APP007209,APP000257,63.52,FUZZY,100.0,45.07,0.0,AUTO_APPROVE,False
APP007210,APP002505,58.08,FUZZY,75.86,53.85,20.0,AUTO_APPROVE,False
APP007211,APP007924,98.72,FUZZY,97.44,100.0,100.0,AUTO_REJECT,True
APP007212,APP006088,50.34,FUZZY,40.0,34.48,100.0,AUTO_APPROVE,False
APP007213,APP003847,64.59,FUZZY,68.75,50.7,75.0,AUTO_APPROVE,False
APP007214,APP005476,60.26,FUZZY,63.41,45.16,75.0,AUTO_APPROVE,False
APP007215,APP004211,61.19,FUZZY,100.0,37.29,0.0,AUTO_APPROVE,False
APP007216,APP007978,56.67,FUZZY,86.67,44.44,0.0,AUTO_APPROVE,False
APP007217,APP006694,97.37,FUZZY,94.74,100.0,100.0,AUTO_REJECT,True
APP007218,APP006188,64.43,FUZZY,59.46,65.67,75.0,AUTO_APPROVE,False
APP007219,APP003676,100.0,EXACT_PAN,96.0,100.0,75.0,AUTO_REJECT,True
APP007220,APP000622,73.46,FUZZY,76.92,66.67,75.0,AUTO_APPROVE,False
APP007221,APP009447,51.75,FUZZY,53.33,70.27,20.0,AUTO_APPROVE,False
APP007222,APP001953,53.95,FUZZY,66.67,55.38,20.0,AUTO_APPROVE,False
APP007223,APP003239,59.31,FUZZY,100.0,31.03,0.0,AUTO_APPROVE,False
APP007224,APP005356,60.94,FUZZY,70.27,36.0,75.0,AUTO_APPROVE,False
APP007225,APP007019,62.07,FUZZY,56.25,63.16,75.0,AUTO_APPROVE,False
APP007226,APP000014,54.17,FUZZY,68.57,52.94,20.0,AUTO_APPROVE,False
APP007227,APP008025,96.65,FUZZY,97.3,100.0,90.0,AUTO_REJECT,True
APP007228,APP001525,92.83,FUZZY,95.65,100.0,75.0,AUTO_REJECT,True
APP007229,APP003525,64.29,FUZZY,94.12,44.12,20.0,AUTO_APPROVE,False
APP007230,APP004386,59.97,FUZZY,78.26,56.14,20.0,AUTO_APPROVE,False
APP007231,APP002335,57.91,FUZZY,80.0,46.38,20.0,AUTO_APPROVE,False
APP007232,APP004631,69.46,FUZZY,76.92,53.33,75.0,AUTO_APPROVE,False
APP007233,APP003795,91.88,FUZZY,93.75,100.0,75.0,FLAG_FOR_REVIEW,True
APP007234,APP007964,65.71,FUZZY,72.22,48.65,75.0,AUTO_APPROVE,False
APP007235,APP002482,67.27,FUZZY,66.67,53.12,90.0,AUTO_APPROVE,False
APP007236,APP003805,100.0,EXACT_PAN,97.3,100.0,75.0,AUTO_REJECT,True
APP007237,APP002709,98.89,FUZZY,97.78,100.0,100.0,AUTO_REJECT,True
APP007238,APP006370,66.67,FUZZY,73.33,100.0,0.0,AUTO_APPROVE,False
APP007239,APP008826,70.53,FUZZY,100.0,68.42,0.0,AUTO_APPROVE,False
APP007240,APP000229,55.96,FUZZY,46.67,42.11,100.0,AUTO_APPROVE,False
APP007241,APP003250,70.0,FUZZY,80.0,100.0,0.0,AUTO_APPROVE,False
APP007242,APP001528,61.33,FUZZY,91.89,37.93,20.0,AUTO_APPROVE,False
APP007243,APP000279,63.97,FUZZY,100.0,46.58,0.0,AUTO_APPROVE,False
APP007244,APP004148,61.11,FUZZY,100.0,37.04,0.0,AUTO_APPROVE,False
APP007245,APP002903,59.52,FUZZY,46.67,53.97,100.0,AUTO_APPROVE,False
APP007246,APP005634,97.0,EXACT_PHONE,100.0,100.0,75.0,AUTO_REJECT,True
APP007247,APP006813,64.41,FUZZY,82.05,64.62,20.0,AUTO_APPROVE,False
APP007248,APP009267,64.06,FUZZY,100.0,46.88,0.0,AUTO_APPROVE,False
APP007249,APP003724,66.44,FUZZY,100.0,54.79,0.0,AUTO_APPROVE,False
APP007250,APP003058,73.29,FUZZY,100.0,64.29,20.0,AUTO_APPROVE,False
APP007251,APP000101,100.0,EXACT_PAN,100.0,100.0,75.0,AUTO_REJECT,True
APP007252,APP005016,59.51,FUZZY,41.03,63.33,100.0,AUTO_APPROVE,False
APP007253,APP007925,63.33,FUZZY,100.0,44.44,0.0,AUTO_APPROVE,False
APP007254,APP005719,70.95,FUZZY,100.0,69.84,0.0,AUTO_APPROVE,False
APP007255,APP001351,66.88,FUZZY,100.0,56.25,0.0,AUTO_APPROVE,False
APP007256,APP007875,56.96,FUZZY,64.86,68.42,20.0,AUTO_APPROVE,False
APP007257,APP002010,59.45,FUZZY,36.36,70.89,100.0,AUTO_APPROVE,False
APP007258,APP005376,71.09,FUZZY,78.79,92.31,20.0,AUTO_APPROVE,False
APP007259,APP005067,64.6,FUZZY,70.59,84.34,20.0,AUTO_APPROVE,False
APP007260,APP007751,60.0,FUZZY,42.11,63.16,100.0,AUTO_APPROVE,False
APP007261,APP005949,96.72,FUZZY,97.44,100.0,90.0,AUTO_REJECT,True
APP007262,APP005514,62.72,FUZZY,56.41,48.39,100.0,AUTO_APPROVE,False
APP007263,APP000166,97.0,EXACT_PHONE,92.86,100.0,75.0,AUTO_REJECT,True
APP007264,APP008592,67.65,FUZZY,100.0,58.82,0.0,AUTO_APPROVE,False
APP007265,APP008733,59.8,FUZZY,69.23,33.96,75.0,AUTO_APPROVE,False
APP007266,APP008551,60.4,FUZZY,62.07,47.89,75.0,AUTO_APPROVE,False
APP007267,APP002236,68.65,FUZZY,100.0,62.16,0.0,AUTO_APPROVE,False
APP007268,APP007592,97.0,EXACT_PHONE,100.0,100.0,75.0,AUTO_REJECT,True
APP007269,APP008568,70.33,FUZZY,63.16,79.17,75.0,AUTO_APPROVE,False
APP007270,APP004503,95.16,FUZZY,90.32,100.0,100.0,AUTO_REJECT,True
APP007271,APP003225,54.1,FUZZY,66.67,55.88,20.0,AUTO_APPROVE,False
APP007272,,0.0,NO_MATCH,0.0,0.0,0.0,AUTO_APPROVE,False
APP007273,APP003887,63.0,FUZZY,100.0,43.33,0.0,AUTO_APPROVE,False
APP007274,APP006649,64.66,FUZZY,76.47,38.1,75.0,AUTO_APPROVE,False
APP007275,APP008216,62.97,FUZZY,55.56,50.63,100.0,AUTO_APPROVE,False
APP007276,APP008932,68.8,FUZZY,84.85,37.93,75.0,AUTO_APPROVE,False
APP007277,APP008585,56.62,FUZZY,64.0,68.75,20.0,AUTO_APPROVE,False
APP007278,APP003806,69.22,FUZZY,82.35,43.48,75.0,AUTO_APPROVE,False
APP007279,APP002069,68.94,FUZZY,81.48,44.0,75.0,AUTO_APPROVE,False
APP007280,APP000240,64.37,FUZZY,100.0,47.89,0.0,AUTO_APPROVE,False
APP007281,APP005996,68.1,FUZZY,76.19,100.0,0.0,AUTO_APPROVE,False
APP007282,APP008060,69.87,FUZZY,75.0,57.89,75.0,AUTO_APPROVE,False
APP007283,APP004879,57.65,FUZZY,68.29,65.0,20.0,AUTO_APPROVE,False
APP007284,APP001912,68.95,FUZZY,100.0,63.16,0.0,AUTO_APPROVE,False
APP007285,APP005130,67.42,FUZZY,100.0,58.06,0.0,AUTO_APPROVE,False
APP007286,APP009568,72.26,FUZZY,100.0,74.19,0.0,AUTO_APPROVE,False
APP007287,APP009615,100.0,EXACT_PAN,95.24,100.0,100.0,AUTO_REJECT,True
APP007288,APP002753,100.0,EXACT_PAN,96.0,100.0,100.0,AUTO_REJECT,True
APP007289,APP004127,58.62,FUZZY,78.79,50.75,20.0,AUTO_APPROVE,False
APP007290,APP008257,71.29,FUZZY,100.0,70.97,0.0,AUTO_APPROVE,False
APP007291,APP007848,65.21,FUZZY,100.0,50.7,0.0,AUTO_APPROVE,False
APP007292,APP007104,66.75,FUZZY,70.27,38.71,100.0,AUTO_APPROVE,False
APP007293,APP005378,63.33,FUZZY,66.67,100.0,0.0,AUTO_APPROVE,False
APP007294,APP000421,68.89,FUZZY,77.78,100.0,0.0,AUTO_APPROVE,False
APP007295,APP006784,69.25,FUZZY,100.0,64.15,0.0,AUTO_APPROVE,False
APP007296,APP006367,62.87,FUZZY,70.59,41.94,75.0,AUTO_APPROVE,False
APP007297,APP007819,65.65,FUZZY,100.0,52.17,0.0,AUTO_APPROVE,False
APP007298,APP002095,64.06,FUZZY,100.0,46.88,0.0,AUTO_APPROVE,False
APP007299,APP007462,97.0,EXACT_PHONE,95.24,100.0,100.0,AUTO_REJECT,True
APP007300,APP003675,68.95,FUZZY,100.0,63.16,0.0,AUTO_APPROVE,False
APP007301,APP003266,73.68,FUZZY,80.0,45.61,100.0,AUTO_APPROVE,False
APP007302,APP002089,65.24,FUZZY,100.0,50.79,0.0,AUTO_APPROVE,False
APP007303,APP004343,100.0,FUZZY,100.0,100.0,100.0,AUTO_REJECT,True
APP007304,,0.0,NO_MATCH,0.0,0.0,0.0,AUTO_APPROVE,False
APP007305,APP006093,56.67,FUZZY,53.33,50.0,75.0,AUTO_APPROVE,False
APP007306,APP001738,66.42,FUZZY,82.93,69.84,20.0,AUTO_APPROVE,False
APP007307,APP007041,66.17,FUZZY,100.0,40.58,20.0,AUTO_APPROVE,False
APP007308,APP003408,59.82,FUZZY,100.0,32.73,0.0,AUTO_APPROVE,False
APP007309,APP000147,75.59,FUZZY,100.0,35.29,75.0,AUTO_APPROVE,False
APP007310,APP009009,60.47,FUZZY,53.85,45.16,100.0,AUTO_APPROVE,False
APP007311,APP002282,100.0,EXACT_PAN,95.0,100.0,100.0,AUTO_REJECT,True
APP007312,APP006425,55.98,FUZZY,82.35,36.0,20.0,AUTO_APPROVE,False
APP007313,APP003463,62.93,FUZZY,68.29,45.95,75.0,AUTO_APPROVE,False
APP007314,APP009032,66.85,FUZZY,64.71,65.0,75.0,AUTO_APPROVE,False
APP007315,APP006381,82.54,FUZZY,100.0,41.79,100.0,FLAG_FOR_REVIEW,True
APP007316,APP000123,92.37,FUZZY,94.74,100.0,75.0,AUTO_REJECT,True
APP007317,APP000946,68.75,FUZZY,100.0,62.5,0.0,AUTO_APPROVE,False
APP007318,APP006851,71.93,FUZZY,80.0,93.1,20.0,AUTO_APPROVE,False
APP007319,APP007395,54.45,FUZZY,42.42,44.12,100.0,AUTO_APPROVE,False
APP007320,APP006556,55.59,FUZZY,66.67,60.87,20.0,AUTO_APPROVE,False
APP007321,APP001140,79.34,FUZZY,75.0,89.47,75.0,AUTO_APPROVE,False
APP007322,APP000416,98.48,FUZZY,96.97,100.0,100.0,AUTO_REJECT,True
APP007323,APP006757,67.85,FUZZY,76.92,84.62,20.0,AUTO_APPROVE,False
APP007324,APP008392,58.62,FUZZY,81.25,46.67,20.0,AUTO_APPROVE,False
APP007325,APP003197,54.99,FUZZY,80.0,36.62,20.0,AUTO_APPROVE,False
APP007326,APP008489,82.54,FUZZY,100.0,58.46,75.0,FLAG_FOR_REVIEW,False
APP007327,APP009006,64.74,FUZZY,81.48,66.67,20.0,AUTO_APPROVE,False
APP007328,APP002522,100.0,EXACT_PAN,97.14,100.0,100.0,AUTO_REJECT,True
APP007329,APP004059,72.92,FUZZY,82.93,54.84,75.0,AUTO_APPROVE,False
APP007330,APP002958,69.41,FUZZY,100.0,51.35,20.0,AUTO_APPROVE,False
APP007331,APP003681,62.11,FUZZY,43.24,68.29,100.0,AUTO_APPROVE,False
APP007332,APP000785,50.9,FUZZY,58.06,59.57,20.0,AUTO_APPROVE,False
APP007333,APP008877,66.17,FUZZY,100.0,40.58,20.0,AUTO_APPROVE,False
APP007334,APP004596,65.0,FUZZY,70.0,100.0,0.0,AUTO_APPROVE,False
APP007335,APP003250,63.56,FUZZY,66.67,50.75,75.0,AUTO_APPROVE,False
APP007336,APP009605,63.16,FUZZY,58.82,62.5,75.0,AUTO_APPROVE,False
APP007337,APP009674,96.82,FUZZY,93.64,100.0,100.0,AUTO_REJECT,True
APP007338,APP009295,100.0,EXACT_PAN,100.0,100.0,100.0,AUTO_REJECT,True
APP007339,APP001654,65.28,FUZZY,83.33,65.38,20.0,AUTO_APPROVE,False
APP007340,APP002836,63.42,FUZZY,53.85,55.0,100.0,AUTO_APPROVE,False
APP007341,APP007878,73.41,FUZZY,100.0,78.05,0.0,AUTO_APPROVE,False
APP007342,APP006016,100.0,EXACT_PAN,95.0,100.0,90.0,AUTO_REJECT,True
APP007343,APP000319,66.52,FUZZY,100.0,55.07,0.0,AUTO_APPROVE,False
APP007344,APP006000,68.36,FUZZY,71.43,58.82,75.0,AUTO_APPROVE,False
APP007345,APP006324,67.74,FUZZY,81.48,40.0,75.0,AUTO_APPROVE,False
APP007346,APP005369,67.49,FUZZY,63.16,69.7,75.0,AUTO_APPROVE,False
APP007347,APP009063,60.75,FUZZY,100.0,35.82,0.0,AUTO_APPROVE,False
APP007348,APP003605,60.83,FUZZY,100.0,36.11,0.0,AUTO_APPROVE,False
APP007349,APP008533,70.0,FUZZY,100.0,66.67,0.0,AUTO_APPROVE,False
APP007350,APP004041,71.54,FUZZY,100.0,71.79,0.0,AUTO_APPROVE,False
APP007351,APP005629,60.53,FUZZY,74.29,64.62,20.0,AUTO_APPROVE,False
APP007352,APP007595,58.76,FUZZY,76.47,68.42,0.0,AUTO_APPROVE,False
APP007353,APP000863,60.54,FUZZY,52.94,46.91,100.0,AUTO_APPROVE,False
APP007354,APP004197,54.77,FUZZY,61.54,66.67,20.0,AUTO_APPROVE,False
APP007355,APP007517,60.97,FUZZY,84.85,48.48,20.0,AUTO_APPROVE,False
APP007356,APP004406,59.54,FUZZY,77.42,69.44,0.0,AUTO_APPROVE,False
APP007357,APP007060,64.04,FUZZY,74.07,40.0,75.0,AUTO_APPROVE,False
APP007358,APP009860,60.41,FUZZY,68.42,37.33,75.0,AUTO_APPROVE,False
APP007359,APP004784,63.15,FUZZY,100.0,43.84,0.0,AUTO_APPROVE,False
APP007360,APP006873,65.47,FUZZY,100.0,38.24,20.0,AUTO_APPROVE,False
APP007361,APP006207,65.43,FUZZY,63.16,46.15,100.0,AUTO_APPROVE,False
APP007362,APP000473,66.93,FUZZY,68.18,59.46,75.0,AUTO_APPROVE,False
APP007363,APP006543,71.71,FUZZY,66.67,77.92,75.0,AUTO_APPROVE,False
APP007364,APP003680,51.43,FUZZY,57.14,62.86,20.0,AUTO_APPROVE,False
APP007365,APP006341,69.94,FUZZY,72.73,61.9,75.0,AUTO_APPROVE,False
APP007366,APP000116,53.04,FUZZY,74.07,40.0,20.0,AUTO_APPROVE,False
APP007367,APP001830,97.0,EXACT_PHONE,96.77,100.0,75.0,AUTO_REJECT,True
APP007368,APP008833,69.41,FUZZY,77.78,51.72,75.0,AUTO_APPROVE,False
APP007369,APP007746,71.0,FUZZY,100.0,70.0,0.0,AUTO_APPROVE,False
APP007370,APP003978,58.42,FUZZY,70.59,63.77,20.0,AUTO_APPROVE,False
APP007371,APP007584,58.01,FUZZY,72.73,58.82,20.0,AUTO_APPROVE,False
APP007372,APP005507,63.95,FUZZY,73.33,77.61,20.0,AUTO_APPROVE,False
APP007373,APP001531,76.78,FUZZY,76.19,78.95,75.0,AUTO_APPROVE,False
APP007374,APP005282,58.28,FUZZY,83.33,55.38,0.0,AUTO_APPROVE,False
APP007375,APP006095,50.32,FUZZY,82.76,29.79,0.0,AUTO_APPROVE,False
APP007376,APP009371,93.48,FUZZY,96.97,100.0,75.0,AUTO_REJECT,True
APP007377,APP002992,65.05,FUZZY,54.55,59.26,100.0,AUTO_APPROVE,False
APP007378,APP004641,97.0,EXACT_PHONE,97.56,100.0,100.0,AUTO_REJECT,True
APP007379,APP002467,65.22,FUZZY,100.0,50.75,0.0,AUTO_APPROVE,False
APP007380,APP005716,66.71,FUZZY,100.0,55.7,0.0,AUTO_APPROVE,False
APP007381,APP004418,65.25,FUZZY,100.0,50.85,0.0,AUTO_APPROVE,False
APP007382,APP003786,67.64,FUZZY,70.59,57.83,75.0,AUTO_APPROVE,False
APP007383,APP002078,55.99,FUZZY,81.48,37.5,20.0,AUTO_APPROVE,False
APP007384,APP002692,55.83,FUZZY,59.46,73.68,20.0,AUTO_APPROVE,False
APP007385,APP000260,70.29,FUZZY,100.0,67.65,0.0,AUTO_APPROVE,False
APP007386,APP003621,64.69,FUZZY,83.33,63.41,20.0,AUTO_APPROVE,False
APP007387,APP009885,66.71,FUZZY,100.0,55.7,0.0,AUTO_APPROVE,False
APP007388,APP006074,64.52,FUZZY,100.0,48.39,0.0,AUTO_APPROVE,False
APP007389,APP003154,65.53,FUZZY,63.16,63.16,75.0,AUTO_APPROVE,False
APP007390,APP004172,65.43,FUZZY,100.0,51.43,0.0,AUTO_APPROVE,False
APP007391,APP005573,61.0,FUZZY,100.0,36.67,0.0,AUTO_APPROVE,False
APP007392,APP001067,68.39,FUZZY,76.19,50.98,75.0,AUTO_APPROVE,False
APP007393,APP008825,57.62,FUZZY,82.35,41.46,20.0,AUTO_APPROVE,False
APP007394,APP007959,100.0,EXACT_PAN,100.0,100.0,100.0,AUTO_REJECT,True
APP007395,APP004867,100.0,FUZZY,100.0,100.0,100.0,AUTO_REJECT,True
APP007396,APP007445,96.48,FUZZY,96.97,100.0,90.0,AUTO_REJECT,True
APP007397,APP009999,65.13,FUZZY,56.41,56.41,100.0,AUTO_APPROVE,False
APP007398,APP008049,61.3,FUZZY,100.0,37.68,0.0,AUTO_APPROVE,False
APP007399,APP009748,72.57,FUZZY,100.0,61.9,20.0,AUTO_APPROVE,False
APP007400,APP002836,74.01,FUZZY,85.71,53.85,75.0,AUTO_APPROVE,False
APP007401,APP003111,57.78,FUZZY,100.0,25.93,0.0,AUTO_APPROVE,False
APP007402,APP001504,72.92,FUZZY,87.18,47.76,75.0,AUTO_APPROVE,False
APP007403,APP002112,100.0,EXACT_PAN,97.3,100.0,75.0,AUTO_REJECT,True
APP007404,APP007971,64.86,FUZZY,85.71,60.0,20.0,AUTO_APPROVE,False
APP007405,APP007967,90.83,FUZZY,91.67,100.0,75.0,FLAG_FOR_REVIEW,True
APP007406,APP008272,66.0,FUZZY,72.0,100.0,0.0,AUTO_APPROVE,False
APP007407,APP009062,59.64,FUZZY,100.0,32.14,0.0,AUTO_APPROVE,False
APP007408,APP001662,100.0,FUZZY,100.0,100.0,100.0,AUTO_REJECT,True
APP007409,APP000004,65.55,FUZZY,63.16,46.58,100.0,AUTO_APPROVE,False
APP007410,APP008033,64.37,FUZZY,100.0,47.89,0.0,AUTO_APPROVE,False
APP007411,APP007542,61.38,FUZZY,100.0,37.93,0.0,AUTO_APPROVE,False
APP007412,APP006037,73.29,FUZZY,100.0,64.29,20.0,AUTO_APPROVE,False
APP007413,APP006510,65.83,FUZZY,100.0,52.78,0.0,AUTO_APPROVE,False
APP007414,APP004740,68.33,FUZZY,100.0,61.11,0.0,AUTO_APPROVE,False
APP007415,APP003313,61.44,FUZZY,70.59,37.14,75.0,AUTO_APPROVE,False
APP007416,APP003387,60.96,FUZZY,75.86,63.41,20.0,AUTO_APPROVE,False
APP007417,APP002532,61.12,FUZZY,88.89,42.25,20.0,AUTO_APPROVE,False
APP007418,APP008427,61.81,FUZZY,80.0,59.38,20.0,AUTO_APPROVE,False
APP007419,APP008202,100.0,EXACT_PAN,97.14,100.0,75.0,AUTO_REJECT,True
APP007420,APP008832,66.29,FUZZY,59.46,71.88,75.0,AUTO_APPROVE,False
APP007421,APP007157,56.46,FUZZY,81.25,39.44,20.0,AUTO_APPROVE,False
APP007422,APP006252,60.15,FUZZY,100.0,33.85,0.0,AUTO_APPROVE,False
APP007423,APP005792,61.2,FUZZY,100.0,37.33,0.0,AUTO_APPROVE,False
APP007424,APP001693,65.67,FUZZY,80.0,72.22,20.0,AUTO_APPROVE,False
APP007425,APP008326,60.38,FUZZY,100.0,34.62,0.0,AUTO_APPROVE,False
APP007426,APP003817,100.0,EXACT_PAN,96.55,100.0,100.0,AUTO_REJECT,True
APP007427,APP000701,97.0,EXACT_PHONE,92.86,100.0,100.0,AUTO_REJECT,True
APP007428,APP002302,65.96,FUZZY,51.28,67.74,100.0,AUTO_APPROVE,False
APP007429,APP001118,66.72,FUZZY,100.0,55.74,0.0,AUTO_APPROVE,False
APP007430,APP006594,95.0,FUZZY,100.0,100.0,75.0,AUTO_REJECT,True
APP007431,APP000444,67.11,FUZZY,61.9,53.85,100.0,AUTO_APPROVE,False
APP007432,APP001159,75.93,FUZZY,81.25,67.69,75.0,AUTO_APPROVE,False
APP007433,APP003816,54.03,FUZZY,56.25,36.36,75.0,AUTO_APPROVE,False
APP007434,APP004498,93.39,FUZZY,96.77,100.0,75.0,AUTO_REJECT,True
APP007435,APP000628,55.25,FUZZY,80.0,37.5,20.0,AUTO_APPROVE,False
APP007436,APP001426,61.03,FUZZY,58.06,40.0,100.0,AUTO_APPROVE,False
APP007437,APP002380,74.15,FUZZY,68.29,66.67,100.0,AUTO_APPROVE,False
APP007438,APP001675,55.98,FUZZY,66.67,62.16,20.0,AUTO_APPROVE,False
APP007439,APP009375,65.43,FUZZY,100.0,51.43,0.0,AUTO_APPROVE,False
APP007440,APP001729,60.57,FUZZY,58.82,53.85,75.0,AUTO_APPROVE,False
APP007441,APP009314,97.0,EXACT_PHONE,95.24,100.0,75.0,AUTO_REJECT,True
APP007442,APP009786,59.73,FUZZY,100.0,32.43,0.0,AUTO_APPROVE,False
APP007443,APP000888,63.47,FUZZY,100.0,44.9,0.0,AUTO_APPROVE,False
APP007444,APP001738,64.29,FUZZY,82.93,62.75,20.0,AUTO_APPROVE,False
APP007445,APP007396,96.48,FUZZY,96.97,100.0,90.0,AUTO_REJECT,True
APP007446,APP001270,62.99,FUZZY,62.22,56.25,75.0,AUTO_APPROVE,False
APP007447,APP008311,65.27,FUZZY,100.0,50.91,0.0,AUTO_APPROVE,False
APP007448,APP002888,67.07,FUZZY,75.0,48.57,75.0,AUTO_APPROVE,False
APP007449,APP005155,64.17,FUZZY,66.67,52.78,75.0,AUTO_APPROVE,False
APP007450,APP003806,66.27,FUZZY,45.71,78.05,100.0,AUTO_APPROVE,False
APP007451,APP006106,72.58,FUZZY,84.21,88.24,20.0,AUTO_APPROVE,False
APP007452,APP005676,96.48,FUZZY,96.97,100.0,90.0,AUTO_REJECT,True
APP007453,APP009280,62.1,FUZZY,80.0,60.32,20.0,AUTO_APPROVE,False
APP007454,APP009882,60.31,FUZZY,100.0,34.38,0.0,AUTO_APPROVE,False
APP007455,APP002021,61.08,FUZZY,100.0,36.92,0.0,AUTO_APPROVE,False
APP007456,APP005768,58.18,FUZZY,66.67,32.84,75.0,AUTO_APPROVE,False
APP007457,APP007653,56.83,FUZZY,70.59,71.79,0.0,AUTO_APPROVE,False
APP007458,APP000940,63.5,FUZZY,63.16,56.41,75.0,AUTO_APPROVE,False
APP007459,APP003611,100.0,EXACT_PAN,96.97,100.0,100.0,AUTO_REJECT,True
APP007460,APP008982,58.04,FUZZY,55.0,88.46,20.0,AUTO_APPROVE,False
APP007461,APP009296,71.37,FUZZY,100.0,71.23,0.0,AUTO_APPROVE,False
APP007462,APP007299,97.0,EXACT_PHONE,95.24,100.0,100.0,AUTO_REJECT,True
APP007463,APP000351,63.33,FUZZY,100.0,44.44,0.0,AUTO_APPROVE,False
APP007464,APP006901,100.0,EXACT_PAN,100.0,100.0,100.0,AUTO_REJECT,True
APP007465,APP000465,60.31,FUZZY,100.0,34.38,0.0,AUTO_APPROVE,False
APP007466,APP009481,97.5,FUZZY,95.0,100.0,100.0,AUTO_REJECT,True
APP007467,APP009648,68.46,FUZZY,84.21,37.84,75.0,AUTO_APPROVE,False
APP007468,APP003590,64.15,FUZZY,81.48,64.71,20.0,AUTO_APPROVE,False
APP007469,APP009538,71.6,FUZZY,81.08,53.52,75.0,AUTO_APPROVE,False
APP007470,APP000154,72.88,FUZZY,78.57,61.97,75.0,AUTO_APPROVE,False
APP007471,APP002260,57.4,FUZZY,78.57,47.06,20.0,AUTO_APPROVE,False
APP007472,APP009888,64.29,FUZZY,100.0,47.62,0.0,AUTO_APPROVE,False
APP007473,APP006606,100.0,EXACT_PAN,97.3,100.0,100.0,AUTO_REJECT,True
APP007474,APP002619,93.57,FUZZY,97.14,100.0,75.0,AUTO_REJECT,True
APP007475,APP004713,63.42,FUZZY,100.0,44.74,0.0,AUTO_APPROVE,False
APP007476,APP007111,57.85,FUZZY,80.0,46.15,20.0,AUTO_APPROVE,False
APP007477,APP003596,64.72,FUZZY,100.0,49.06,0.0,AUTO_APPROVE,False
APP007478,APP004632,62.8,FUZZY,100.0,42.67,0.0,AUTO_APPROVE,False
APP007479,APP007583,63.72,FUZZY,66.67,51.28,75.0,AUTO_APPROVE,False
APP007480,APP003621,65.16,FUZZY,59.46,51.43,100.0,AUTO_APPROVE,False
APP007481,APP008137,65.83,FUZZY,64.52,61.9,75.0,AUTO_APPROVE,False
APP007482,APP005918,67.78,FUZZY,100.0,45.95,20.0,AUTO_APPROVE,False
APP007483,APP004269,70.28,FUZZY,84.85,42.86,75.0,AUTO_APPROVE,False
APP007484,APP001603,100.0,EXACT_PAN,95.24,100.0,100.0,AUTO_REJECT,True
APP007485,APP004015,60.01,FUZZY,57.14,54.79,75.0,AUTO_APPROVE,False
APP007486,APP001191,97.0,EXACT_PHONE,93.33,100.0,100.0,AUTO_REJECT,True
APP007487,APP002461,60.91,FUZZY,100.0,36.36,0.0,AUTO_APPROVE,False
APP007488,APP006898,67.25,FUZZY,78.79,42.86,75.0,AUTO_APPROVE,False
APP007489,APP007328,66.8,FUZZY,60.61,55.0,100.0,AUTO_APPROVE,False
APP007490,APP003040,63.67,FUZZY,83.33,60.0,20.0,AUTO_APPROVE,False
APP007491,APP004055,69.5,FUZZY,100.0,65.0,0.0,AUTO_APPROVE,False
APP007492,APP007033,55.09,FUZZY,78.57,39.34,20.0,AUTO_APPROVE,False
APP007493,APP004986,67.81,FUZZY,100.0,59.38,0.0,AUTO_APPROVE,False
APP007494,APP005267,59.54,FUZZY,84.62,44.12,20.0,AUTO_APPROVE,False
APP007495,APP004214,95.83,FUZZY,91.67,100.0,100.0,AUTO_REJECT,True
APP007496,APP006948,64.63,FUZZY,70.59,84.44,20.0,AUTO_APPROVE,False
APP007497,APP009065,93.39,FUZZY,96.77,100.0,75.0,AUTO_REJECT,True
APP007498,APP005349,50.8,FUZZY,70.59,38.36,20.0,AUTO_APPROVE,False
APP007499,APP008841,67.5,FUZZY,100.0,58.33,0.0,AUTO_APPROVE,False
APP007500,APP008662,62.11,FUZZY,70.59,39.39,75.0,AUTO_APPROVE,False
APP007501,APP003703,97.0,EXACT_PHONE,94.44,100.0,75.0,AUTO_REJECT,True
APP007502,APP007148,97.37,FUZZY,94.74,100.0,100.0,AUTO_REJECT,True
APP007503,APP003744,69.64,FUZZY,100.0,65.45,0.0,AUTO_APPROVE,False
APP007504,APP002007,54.86,FUZZY,83.87,43.08,0.0,AUTO_APPROVE,False
APP007505,APP004304,56.58,FUZZY,36.36,61.33,100.0,AUTO_APPROVE,False
APP007506,APP001585,61.92,FUZZY,56.41,45.71,100.0,AUTO_APPROVE,False
APP007507,APP000771,62.92,FUZZY,100.0,43.08,0.0,AUTO_APPROVE,False
APP007508,APP007529,100.0,EXACT_PAN,100.0,100.0,75.0,AUTO_REJECT,True
APP007509,APP008313,58.89,FUZZY,44.44,55.56,100.0,AUTO_APPROVE,False
APP007510,APP007569,58.24,FUZZY,78.95,49.23,20.0,AUTO_APPROVE,False
APP007511,APP008309,60.91,FUZZY,100.0,36.36,0.0,AUTO_APPROVE,False
APP007512,APP006654,66.47,FUZZY,100.0,54.9,0.0,AUTO_APPROVE,False
APP007513,APP000171,67.18,FUZZY,66.67,46.15,100.0,AUTO_APPROVE,False
APP007514,APP009641,65.94,FUZZY,83.87,66.67,20.0,AUTO_APPROVE,False
APP007515,APP004449,56.61,FUZZY,58.06,41.94,75.0,AUTO_APPROVE,False
APP007516,APP007880,98.48,FUZZY,96.97,100.0,100.0,AUTO_REJECT,True
APP007517,APP007355,60.97,FUZZY,84.85,48.48,20.0,AUTO_APPROVE,False
APP007518,APP003641,70.15,FUZZY,84.85,79.07,20.0,AUTO_APPROVE,False
APP007519,APP003577,62.97,FUZZY,61.11,58.06,75.0,AUTO_APPROVE,False
APP007520,APP007481,63.46,FUZZY,80.0,64.86,20.0,AUTO_APPROVE,False
APP007521,APP001635,65.0,FUZZY,70.0,100.0,0.0,AUTO_APPROVE,False
APP007522,APP004155,60.83,FUZZY,100.0,36.11,0.0,AUTO_APPROVE,False
APP007523,APP003532,65.62,FUZZY,68.75,54.17,75.0,AUTO_APPROVE,False
APP007524,APP005715,85.62,FUZZY,84.85,77.33,100.0,FLAG_FOR_REVIEW,False
APP007525,APP005525,70.0,FUZZY,100.0,66.67,0.0,AUTO_APPROVE,False
APP007526,APP006383,65.71,FUZZY,71.43,100.0,0.0,AUTO_APPROVE,False
APP007527,APP003558,64.7,FUZZY,66.67,54.55,75.0,AUTO_APPROVE,False
APP007528,APP002494,62.7,FUZZY,94.12,38.81,20.0,AUTO_APPROVE,False
APP007529,APP007508,100.0,EXACT_PAN,100.0,100.0,75.0,AUTO_REJECT,True
APP007530,APP005780,69.47,FUZZY,78.95,50.0,75.0,AUTO_APPROVE,False
APP007531,APP000219,75.91,FUZZY,100.0,36.36,75.0,AUTO_APPROVE,False
APP007532,APP006667,60.32,FUZZY,58.54,53.52,75.0,AUTO_APPROVE,False
APP007533,APP005049,62.42,FUZZY,76.19,67.74,20.0,AUTO_APPROVE,False
APP007534,APP004690,66.71,FUZZY,57.89,75.86,75.0,AUTO_APPROVE,False
APP007535,APP002009,66.25,FUZZY,62.5,66.67,75.0,AUTO_APPROVE,False
APP007536,APP006052,100.0,EXACT_PAN,91.89,100.0,90.0,AUTO_REJECT,True
APP007537,APP007134,66.74,FUZZY,55.81,79.45,75.0,AUTO_APPROVE,False
APP007538,APP004674,66.98,FUZZY,83.33,34.38,75.0,AUTO_APPROVE,False
APP007539,APP008093,66.92,FUZZY,100.0,56.41,0.0,AUTO_APPROVE,False
APP007540,APP007151,95.0,FUZZY,90.0,100.0,100.0,AUTO_REJECT,True
APP007541,APP009831,100.0,FUZZY,100.0,100.0,100.0,AUTO_REJECT,True
APP007542,APP000643,67.84,FUZZY,100.0,59.46,0.0,AUTO_APPROVE,False
APP007543,APP007502,69.84,FUZZY,84.85,41.38,75.0,AUTO_APPROVE,False
APP007544,APP006707,63.33,FUZZY,66.67,100.0,0.0,AUTO_APPROVE,False
APP007545,APP007588,62.86,FUZZY,100.0,42.86,0.0,AUTO_APPROVE,False
APP007546,APP002380,62.69,FUZZY,100.0,42.31,0.0,AUTO_APPROVE,False
APP007547,APP001124,100.0,EXACT_PAN,96.0,100.0,75.0,AUTO_REJECT,True
APP007548,APP006353,68.53,FUZZY,62.07,75.0,75.0,AUTO_APPROVE,False
APP007549,APP000223,63.91,FUZZY,100.0,46.38,0.0,AUTO_APPROVE,False
APP007550,APP003790,95.0,FUZZY,100.0,100.0,75.0,AUTO_REJECT,True
APP007551,APP005700,97.62,FUZZY,95.24,100.0,100.0,AUTO_REJECT,True
APP007552,APP002969,70.9,FUZZY,83.33,47.46,75.0,AUTO_APPROVE,False
APP007553,APP009497,85.27,FUZZY,100.0,50.91,100.0,FLAG_FOR_REVIEW,True
APP007554,APP005820,56.71,FUZZY,63.16,70.42,20.0,AUTO_APPROVE,False
APP007555,APP002353,70.12,FUZZY,100.0,53.73,20.0,AUTO_APPROVE,False
APP007556,APP006435,67.33,FUZZY,77.42,82.05,20.0,AUTO_APPROVE,False
APP007557,APP007150,67.45,FUZZY,100.0,58.18,0.0,AUTO_APPROVE,False
APP007558,APP000769,78.7,FUZZY,80.0,79.01,75.0,AUTO_APPROVE,False
APP007559,APP004678,55.81,FUZZY,42.42,48.65,100.0,AUTO_APPROVE,False
APP007560,APP006884,65.08,FUZZY,100.0,36.92,20.0,AUTO_APPROVE,False
APP007561,APP009000,52.8,FUZZY,57.14,80.77,0.0,AUTO_APPROVE,False
APP007562,APP004541,63.09,FUZZY,41.18,75.0,100.0,AUTO_APPROVE,False
APP007563,APP005752,56.95,FUZZY,77.42,47.46,20.0,AUTO_APPROVE,False
APP007564,APP003278,64.24,FUZZY,100.0,47.46,0.0,AUTO_APPROVE,False
APP007565,APP001546,65.21,FUZZY,100.0,50.7,0.0,AUTO_APPROVE,False
APP007566,APP009551,59.23,FUZZY,100.0,30.77,0.0,AUTO_APPROVE,False
APP007567,APP002340,97.06,FUZZY,94.12,100.0,100.0,AUTO_REJECT,True
APP007568,APP009861,67.54,FUZZY,83.87,72.0,20.0,AUTO_APPROVE,False
APP007569,APP000233,62.45,FUZZY,100.0,41.51,0.0,AUTO_APPROVE,False
APP007570,APP008043,59.84,FUZZY,57.89,89.66,20.0,AUTO_APPROVE,False
APP007571,APP009307,70.62,FUZZY,100.0,68.75,0.0,AUTO_APPROVE,False
APP007572,APP001401,66.44,FUZZY,100.0,54.79,0.0,AUTO_APPROVE,False
APP007573,APP001135,64.29,FUZZY,70.59,30.0,100.0,AUTO_APPROVE,False
APP007574,APP001946,97.0,EXACT_PHONE,91.67,100.0,75.0,AUTO_REJECT,True
APP007575,APP002647,65.9,FUZZY,100.0,53.01,0.0,AUTO_APPROVE,False
APP007576,APP006309,64.35,FUZZY,100.0,47.83,0.0,AUTO_APPROVE,False
APP007577,APP006230,58.42,FUZZY,81.48,45.61,20.0,AUTO_APPROVE,False
APP007578,APP000395,65.61,FUZZY,71.79,49.06,75.0,AUTO_APPROVE,False
APP007579,APP006579,95.0,FUZZY,100.0,100.0,75.0,AUTO_REJECT,True
APP007580,APP005876,62.18,FUZZY,66.67,46.15,75.0,AUTO_APPROVE,False
APP007581,APP003446,71.87,FUZZY,91.89,73.08,20.0,AUTO_APPROVE,False
APP007582,APP005708,78.74,FUZZY,76.92,67.61,100.0,AUTO_APPROVE,False
APP007583,APP005035,67.5,FUZZY,100.0,58.33,0.0,AUTO_APPROVE,False
APP007584,APP005156,66.96,FUZZY,57.14,77.97,75.0,AUTO_APPROVE,False
APP007585,APP007719,50.31,FUZZY,66.67,43.24,20.0,AUTO_APPROVE,False
APP007586,APP003866,68.54,FUZZY,84.85,37.04,75.0,AUTO_APPROVE,False
APP007587,APP004650,100.0,EXACT_PAN,100.0,100.0,100.0,AUTO_REJECT,True
APP007588,APP005926,68.62,FUZZY,62.86,73.97,75.0,AUTO_APPROVE,False
APP007589,APP003439,62.71,FUZZY,85.71,52.83,20.0,AUTO_APPROVE,False
APP007590,APP002161,59.31,FUZZY,57.14,52.46,75.0,AUTO_APPROVE,False
APP007591,APP009082,56.05,FUZZY,56.41,79.49,20.0,AUTO_APPROVE,False
APP007592,APP007268,97.0,EXACT_PHONE,100.0,100.0,75.0,AUTO_REJECT,True
APP007593,APP000261,62.45,FUZZY,100.0,41.51,0.0,AUTO_APPROVE,False
APP007594,APP005268,100.0,EXACT_PAN,96.97,100.0,100.0,AUTO_REJECT,True
APP007595,APP007352,58.76,FUZZY,76.47,68.42,0.0,AUTO_APPROVE,False
APP007596,APP001669,63.53,FUZZY,51.61,75.76,75.0,AUTO_APPROVE,False
APP007597,APP005331,100.0,EXACT_PAN,100.0,100.0,100.0,AUTO_REJECT,True
APP007598,APP009993,57.96,FUZZY,58.82,45.16,75.0,AUTO_APPROVE,False
APP007599,APP000455,67.26,FUZZY,100.0,57.53,0.0,AUTO_APPROVE,False
APP007600,APP000510,55.32,FUZZY,76.92,42.86,20.0,AUTO_APPROVE,False
APP007601,APP009026,75.24,FUZZY,83.33,61.9,75.0,AUTO_APPROVE,False
APP007602,APP001380,58.95,FUZZY,78.79,51.85,20.0,AUTO_APPROVE,False
APP007603,APP006752,100.0,EXACT_PAN,90.91,100.0,100.0,AUTO_REJECT,True
APP007604,APP006702,67.27,FUZZY,100.0,57.58,0.0,AUTO_APPROVE,False
APP007605,APP008861,60.0,FUZZY,100.0,33.33,0.0,AUTO_APPROVE,False
APP007606,APP008495,59.26,FUZZY,59.46,85.11,20.0,AUTO_APPROVE,False
APP007607,APP002555,63.71,FUZZY,100.0,32.35,20.0,AUTO_APPROVE,False
APP007608,APP008466,57.33,FUZZY,40.91,56.25,100.0,AUTO_APPROVE,False
APP007609,APP002084,65.0,FUZZY,100.0,50.0,0.0,AUTO_APPROVE,False
APP007610,,0.0,NO_MATCH,0.0,0.0,0.0,AUTO_APPROVE,False
APP007611,APP006917,72.04,FUZZY,85.71,47.27,75.0,AUTO_APPROVE,False
APP007612,APP002600,64.57,FUZZY,100.0,48.57,0.0,AUTO_APPROVE,False
APP007613,APP008736,61.64,FUZZY,100.0,38.81,0.0,AUTO_APPROVE,False
APP007614,APP009414,65.01,FUZZY,61.54,64.15,75.0,AUTO_APPROVE,False
APP007615,APP008449,96.43,FUZZY,92.86,100.0,100.0,AUTO_REJECT,True
APP007616,APP009122,58.21,FUZZY,56.41,50.0,75.0,AUTO_APPROVE,False
APP007617,APP001160,59.17,FUZZY,77.78,54.29,20.0,AUTO_APPROVE,False
APP007618,APP005475,60.75,FUZZY,100.0,35.82,0.0,AUTO_APPROVE,False
APP007619,APP001942,68.46,FUZZY,100.0,61.54,0.0,AUTO_APPROVE,False
APP007620,APP007765,66.76,FUZZY,100.0,55.88,0.0,AUTO_APPROVE,False
APP007621,APP007913,65.89,FUZZY,80.0,72.97,20.0,AUTO_APPROVE,False
APP007622,APP008962,66.36,FUZZY,100.0,54.55,0.0,AUTO_APPROVE,False
APP007623,APP002474,71.49,FUZZY,70.27,71.19,75.0,AUTO_APPROVE,False
APP007624,APP004719,55.34,FUZZY,77.42,42.11,20.0,AUTO_APPROVE,False
APP007625,APP007106,64.77,FUZZY,100.0,49.23,0.0,AUTO_APPROVE,False
APP007626,APP005028,70.31,FUZZY,84.44,43.64,75.0,AUTO_APPROVE,False
APP007627,APP006965,100.0,EXACT_PAN,93.33,100.0,75.0,AUTO_REJECT,True
APP007628,APP000161,53.07,FUZZY,70.97,45.28,20.0,AUTO_APPROVE,False
APP007629,APP001293,64.53,FUZZY,55.56,72.5,75.0,AUTO_APPROVE,False
APP007630,APP001352,59.0,FUZZY,61.11,81.48,20.0,AUTO_APPROVE,False
APP007631,APP003751,58.79,FUZZY,83.33,43.75,20.0,AUTO_APPROVE,False
APP007632,APP005076,62.0,FUZZY,100.0,40.0,0.0,AUTO_APPROVE,False
APP007633,APP008749,54.74,FUZZY,75.0,44.12,20.0,AUTO_APPROVE,False
APP007634,APP006001,63.23,FUZZY,100.0,30.77,20.0,AUTO_APPROVE,False
APP007635,APP007263,62.54,FUZZY,100.0,41.79,0.0,AUTO_APPROVE,False
APP007636,APP003527,60.18,FUZZY,64.71,79.41,20.0,AUTO_APPROVE,False
APP007637,APP003127,62.05,FUZZY,66.67,45.71,75.0,AUTO_APPROVE,False
APP007638,APP004553,56.29,FUZZY,82.76,36.36,20.0,AUTO_APPROVE,False
APP007639,APP006731,57.51,FUZZY,64.52,70.83,20.0,AUTO_APPROVE,False
APP007640,APP004764,96.88,FUZZY,93.75,100.0,100.0,AUTO_REJECT,True
APP007641,APP005915,97.0,EXACT_PHONE,96.3,100.0,75.0,AUTO_REJECT,True
APP007642,APP006461,69.2,FUZZY,100.0,64.0,0.0,AUTO_APPROVE,False
APP007643,APP008319,60.75,FUZZY,100.0,35.82,0.0,AUTO_APPROVE,False
APP007644,APP008331,53.17,FUZZY,80.0,30.56,20.0,AUTO_APPROVE,False
APP007645,APP007068,70.62,FUZZY,82.05,48.65,75.0,AUTO_APPROVE,False
APP007646,APP003957,63.77,FUZZY,100.0,45.9,0.0,AUTO_APPROVE,False
APP007647,APP001329,72.26,FUZZY,100.0,74.19,0.0,AUTO_APPROVE,False
APP007648,APP009847,62.0,FUZZY,100.0,40.0,0.0,AUTO_APPROVE,False
APP007649,APP001464,63.09,FUZZY,76.92,68.75,20.0,AUTO_APPROVE,False
APP007650,APP001779,63.76,FUZZY,80.95,64.29,20.0,AUTO_APPROVE,False
APP007651,APP008314,65.71,FUZZY,71.43,100.0,0.0,AUTO_APPROVE,False
APP007652,APP005845,62.0,FUZZY,100.0,40.0,0.0,AUTO_APPROVE,False
APP007653,APP007457,56.83,FUZZY,70.59,71.79,0.0,AUTO_APPROVE,False
APP007654,APP004259,91.67,FUZZY,93.33,100.0,75.0,FLAG_FOR_REVIEW,True
APP007655,APP003840,66.8,FUZZY,100.0,56.0,0.0,AUTO_APPROVE,False
APP007656,APP002613,67.89,FUZZY,81.82,76.6,20.0,AUTO_APPROVE,False
APP007657,APP001742,66.25,FUZZY,100.0,54.17,0.0,AUTO_APPROVE,False
APP007658,APP008684,63.85,FUZZY,100.0,46.15,0.0,AUTO_APPROVE,False
APP007659,APP005881,100.0,EXACT_PAN,100.0,100.0,75.0,AUTO_REJECT,True
APP007660,APP005687,96.88,FUZZY,93.75,100.0,100.0,AUTO_REJECT,True
APP007661,APP000349,53.76,FUZZY,54.55,38.3,75.0,AUTO_APPROVE,False
APP007662,APP004425,60.64,FUZZY,62.86,47.37,75.0,AUTO_APPROVE,False
APP007663,APP006251,67.89,FUZZY,78.57,45.33,75.0,AUTO_APPROVE,False
APP007664,APP007348,56.3,FUZZY,50.0,37.68,100.0,AUTO_APPROVE,False
APP007665,APP007565,62.68,FUZZY,100.0,42.25,0.0,AUTO_APPROVE,False
APP007666,APP007134,64.59,FUZZY,100.0,48.65,0.0,AUTO_APPROVE,False
APP007667,APP006759,63.59,FUZZY,44.44,71.23,100.0,AUTO_APPROVE,False
APP007668,APP002636,59.52,FUZZY,100.0,31.75,0.0,AUTO_APPROVE,False
APP007669,APP000357,57.33,FUZZY,80.0,44.44,20.0,AUTO_APPROVE,False
APP007670,APP000609,68.9,FUZZY,100.0,63.01,0.0,AUTO_APPROVE,False
APP007671,APP007842,70.67,FUZZY,73.33,100.0,20.0,AUTO_APPROVE,False
APP007672,APP003964,57.11,FUZZY,84.85,35.62,20.0,AUTO_APPROVE,False
APP007673,APP005770,95.0,FUZZY,100.0,100.0,75.0,AUTO_REJECT,True
APP007674,APP006313,62.45,FUZZY,66.67,47.06,75.0,AUTO_APPROVE,False
APP007675,APP005514,70.0,FUZZY,100.0,66.67,0.0,AUTO_APPROVE,False
APP007676,APP007399,58.9,FUZZY,78.57,52.05,20.0,AUTO_APPROVE,False
APP007677,APP008000,53.43,FUZZY,50.0,44.78,75.0,AUTO_APPROVE,False
APP007678,APP006553,58.97,FUZZY,66.67,72.13,20.0,AUTO_APPROVE,False
APP007679,APP005419,92.22,FUZZY,94.44,100.0,75.0,AUTO_REJECT,True
APP007680,APP004624,61.92,FUZZY,50.0,56.41,100.0,AUTO_APPROVE,False
APP007681,APP005423,63.31,FUZZY,100.0,31.03,20.0,AUTO_APPROVE,False
APP007682,APP007048,97.0,EXACT_PHONE,94.44,100.0,75.0,AUTO_REJECT,True
APP007683,APP009912,67.63,FUZZY,80.0,42.11,75.0,AUTO_APPROVE,False
APP007684,APP005252,98.28,FUZZY,96.55,100.0,100.0,AUTO_REJECT,True
APP007685,APP008285,56.44,FUZZY,78.57,43.84,20.0,AUTO_APPROVE,False
APP007686,APP001033,50.99,FUZZY,61.54,54.05,20.0,AUTO_APPROVE,False
APP007687,APP003478,54.93,FUZZY,81.08,34.62,20.0,AUTO_APPROVE,False
APP007688,,0.0,NO_MATCH,0.0,0.0,0.0,AUTO_APPROVE,False
APP007689,APP002977,57.62,FUZZY,64.29,71.6,20.0,AUTO_APPROVE,False
APP007690,APP004746,96.11,FUZZY,92.22,100.0,100.0,AUTO_REJECT,True
APP007691,APP001136,63.05,FUZZY,58.82,45.45,100.0,AUTO_APPROVE,False
APP007692,APP002097,100.0,EXACT_PAN,96.97,100.0,100.0,AUTO_REJECT,True
APP007693,APP008556,59.66,FUZZY,63.16,43.59,75.0,AUTO_APPROVE,False
APP007694,APP002518,91.15,FUZZY,92.31,100.0,75.0,FLAG_FOR_REVIEW,True
APP007695,APP005578,62.8,FUZZY,40.0,76.0,100.0,AUTO_APPROVE,False
APP007696,APP006709,97.0,EXACT_PHONE,97.44,100.0,90.0,AUTO_REJECT,True
APP007697,APP000781,60.55,FUZZY,82.76,63.89,0.0,AUTO_APPROVE,False
APP007698,APP000545,63.68,FUZZY,100.0,45.61,0.0,AUTO_APPROVE,False
APP007699,APP009580,59.81,FUZZY,56.41,92.0,20.0,AUTO_APPROVE,False
APP007700,APP005295,64.08,FUZZY,63.16,58.33,75.0,AUTO_APPROVE,False
APP007701,APP003187,59.75,FUZZY,87.5,40.0,20.0,AUTO_APPROVE,False
APP007702,APP002488,65.44,FUZZY,46.67,73.68,100.0,AUTO_APPROVE,False
APP007703,APP001445,55.17,FUZZY,51.61,47.89,75.0,AUTO_APPROVE,False
APP007704,APP000337,62.17,FUZZY,100.0,40.58,0.0,AUTO_APPROVE,False
APP007705,APP008481,56.81,FUZZY,86.49,31.88,20.0,AUTO_APPROVE,False
APP007706,APP008776,66.15,FUZZY,100.0,53.85,0.0,AUTO_APPROVE,False
APP007707,APP004497,59.91,FUZZY,90.0,36.36,20.0,AUTO_APPROVE,False
APP007708,APP009619,62.18,FUZZY,90.91,42.42,20.0,AUTO_APPROVE,False
APP007709,APP000283,59.13,FUZZY,58.82,49.06,75.0,AUTO_APPROVE,False
APP007710,APP001634,66.36,FUZZY,100.0,54.55,0.0,AUTO_APPROVE,False
APP007711,APP006740,57.62,FUZZY,81.25,43.33,20.0,AUTO_APPROVE,False
APP007712,APP004248,64.17,FUZZY,45.0,72.22,100.0,AUTO_APPROVE,False
APP007713,APP003991,59.41,FUZZY,82.35,47.46,20.0,AUTO_APPROVE,False
APP007714,APP009841,63.74,FUZZY,89.47,50.0,20.0,AUTO_APPROVE,False
APP007715,APP007139,68.46,FUZZY,100.0,61.54,0.0,AUTO_APPROVE,False
APP007716,APP008679,100.0,FUZZY,100.0,100.0,100.0,AUTO_REJECT,True
APP007717,APP004478,70.15,FUZZY,66.67,72.73,75.0,AUTO_APPROVE,False
APP007718,APP004726,69.0,FUZZY,100.0,50.0,20.0,AUTO_APPROVE,False
APP007719,APP006796,98.0,FUZZY,100.0,100.0,90.0,AUTO_REJECT,True
APP007720,APP006120,65.0,FUZZY,100.0,50.0,0.0,AUTO_APPROVE,False
APP007721,APP002952,62.68,FUZZY,100.0,42.25,0.0,AUTO_APPROVE,False
APP007722,APP002683,63.28,FUZZY,80.0,27.59,75.0,AUTO_APPROVE,False
APP007723,APP008107,100.0,EXACT_PAN,92.31,100.0,90.0,AUTO_REJECT,True
APP007724,APP008893,67.25,FUZZY,100.0,57.5,0.0,AUTO_APPROVE,False
APP007725,APP006612,59.74,FUZZY,64.71,24.62,100.0,AUTO_APPROVE,False
APP007726,APP004905,50.6,FUZZY,62.5,51.16,20.0,AUTO_APPROVE,False
APP007727,APP002634,66.87,FUZZY,61.11,71.05,75.0,AUTO_APPROVE,False
APP007728,APP000248,59.95,FUZZY,66.67,38.71,75.0,AUTO_APPROVE,False
APP007729,APP009760,60.73,FUZZY,60.61,51.43,75.0,AUTO_APPROVE,False
APP007730,APP002770,95.0,FUZZY,100.0,100.0,75.0,AUTO_REJECT,True
APP007731,APP000119,61.54,FUZZY,100.0,38.46,0.0,AUTO_APPROVE,False
APP007732,APP008478,92.5,FUZZY,95.0,100.0,75.0,AUTO_REJECT,True
APP007733,APP002809,97.0,EXACT_PHONE,100.0,100.0,75.0,AUTO_REJECT,True
APP007734,APP003307,63.85,FUZZY,100.0,46.15,0.0,AUTO_APPROVE,False
APP007735,APP002878,71.95,FUZZY,100.0,73.17,0.0,AUTO_APPROVE,False
APP007736,APP004396,64.12,FUZZY,89.47,51.28,20.0,AUTO_APPROVE,False
APP007737,APP003288,65.65,FUZZY,100.0,52.17,0.0,AUTO_APPROVE,False
APP007738,APP001312,61.11,FUZZY,41.18,68.42,100.0,AUTO_APPROVE,False
APP007739,APP004014,71.5,FUZZY,100.0,58.33,20.0,AUTO_APPROVE,False
APP007740,APP006680,69.36,FUZZY,83.72,41.67,75.0,AUTO_APPROVE,False
APP007741,APP002504,76.19,FUZZY,66.67,92.86,75.0,AUTO_APPROVE,False
APP007742,APP003616,54.33,FUZZY,66.67,56.67,20.0,AUTO_APPROVE,False
APP007743,APP009910,75.29,FUZZY,100.0,70.97,20.0,AUTO_APPROVE,False
APP007744,APP002562,66.67,FUZZY,100.0,55.56,0.0,AUTO_APPROVE,False
APP007745,APP003185,72.57,FUZZY,81.08,56.76,75.0,AUTO_APPROVE,False
APP007746,APP000422,71.25,FUZZY,100.0,70.83,0.0,AUTO_APPROVE,False
APP007747,APP008977,66.06,FUZZY,74.07,46.75,75.0,AUTO_APPROVE,False
APP007748,APP008746,68.0,FUZZY,100.0,60.0,0.0,AUTO_APPROVE,False
APP007749,APP006020,63.2,FUZZY,96.97,49.06,0.0,AUTO_APPROVE,False
APP007750,APP004044,66.0,FUZZY,100.0,40.0,20.0,AUTO_APPROVE,False
APP007751,APP002093,63.12,FUZZY,100.0,43.75,0.0,AUTO_APPROVE,False
APP007752,APP002302,66.8,FUZZY,100.0,56.0,0.0,AUTO_APPROVE,False
APP007753,APP008713,60.6,FUZZY,64.71,44.16,75.0,AUTO_APPROVE,False
APP007754,APP007626,68.56,FUZZY,68.29,64.71,75.0,AUTO_APPROVE,False
APP007755,APP000684,60.22,FUZZY,80.0,54.05,20.0,AUTO_APPROVE,False
APP007756,APP004063,62.81,FUZZY,80.0,62.69,20.0,AUTO_APPROVE,False
APP007757,APP004772,65.79,FUZZY,100.0,52.63,0.0,AUTO_APPROVE,False
APP007758,APP009414,62.5,FUZZY,100.0,41.67,0.0,AUTO_APPROVE,False
APP007759,APP005609,59.47,FUZZY,100.0,31.58,0.0,AUTO_APPROVE,False
APP007760,APP008583,60.48,FUZZY,64.29,44.44,75.0,AUTO_APPROVE,False
APP007761,APP001107,69.64,FUZZY,85.71,75.95,20.0,AUTO_APPROVE,False
APP007762,APP005138,64.76,FUZZY,62.86,44.44,100.0,AUTO_APPROVE,False
APP007763,APP000369,62.63,FUZZY,100.0,42.11,0.0,AUTO_APPROVE,False
APP007764,APP005206,62.7,FUZZY,100.0,28.99,20.0,AUTO_APPROVE,False
APP007765,APP002936,77.7,FUZZY,83.87,69.23,75.0,AUTO_APPROVE,False
APP007766,APP007524,85.0,FUZZY,100.0,50.0,100.0,FLAG_FOR_REVIEW,True
APP007767,APP009129,97.0,EXACT_PHONE,97.3,100.0,75.0,AUTO_REJECT,True
APP007768,APP000431,61.02,FUZZY,100.0,36.73,0.0,AUTO_APPROVE,False
APP007769,APP006834,58.8,FUZZY,58.06,49.23,75.0,AUTO_APPROVE,False
APP007770,APP004705,63.26,FUZZY,62.5,56.72,75.0,AUTO_APPROVE,False
APP007771,APP005558,67.1,FUZZY,83.33,71.43,20.0,AUTO_APPROVE,False
APP007772,APP004090,60.82,FUZZY,100.0,36.07,0.0,AUTO_APPROVE,False
APP007773,APP002855,61.37,FUZZY,80.0,57.89,20.0,AUTO_APPROVE,False
APP007774,APP009415,62.0,FUZZY,64.0,50.0,75.0,AUTO_APPROVE,False
APP007775,APP004123,65.06,FUZZY,78.79,72.22,20.0,AUTO_APPROVE,False
APP007776,APP007837,57.91,FUZZY,78.79,48.39,20.0,AUTO_APPROVE,False
APP007777,,0.0,NO_MATCH,0.0,0.0,0.0,AUTO_APPROVE,False
APP007778,APP003701,65.21,FUZZY,100.0,50.7,0.0,AUTO_APPROVE,False
APP007779,APP002426,70.25,FUZZY,62.5,80.0,75.0,AUTO_APPROVE,False
APP007780,APP009109,59.68,FUZZY,100.0,32.26,0.0,AUTO_APPROVE,False
APP007781,APP005695,61.25,FUZZY,100.0,37.5,0.0,AUTO_APPROVE,False
APP007782,APP007333,66.12,FUZZY,100.0,53.73,0.0,AUTO_APPROVE,False
APP007783,APP007159,100.0,EXACT_PAN,94.74,100.0,100.0,AUTO_REJECT,True
APP007784,APP001379,64.05,FUZZY,66.67,35.71,100.0,AUTO_APPROVE,False
APP007785,APP005100,70.43,FUZZY,75.86,58.33,75.0,AUTO_APPROVE,False
APP007786,APP004085,61.83,FUZZY,100.0,39.44,0.0,AUTO_APPROVE,False
APP007787,APP004770,64.12,FUZZY,100.0,47.06,0.0,AUTO_APPROVE,False
APP007788,APP008870,67.43,FUZZY,62.86,53.33,100.0,AUTO_APPROVE,False
APP007789,APP004119,60.52,FUZZY,68.75,37.14,75.0,AUTO_APPROVE,False
APP007790,APP001453,66.18,FUZZY,82.35,33.33,75.0,AUTO_APPROVE,False
APP007791,APP001927,63.24,FUZZY,86.49,66.67,0.0,AUTO_APPROVE,False
APP007792,APP003915,64.4,FUZZY,100.0,48.0,0.0,AUTO_APPROVE,False
APP007793,APP007097,96.48,FUZZY,96.97,100.0,90.0,AUTO_REJECT,True
APP007794,APP008358,100.0,EXACT_PAN,94.74,100.0,100.0,AUTO_REJECT,True
APP007795,APP000800,62.32,FUZZY,82.35,57.14,20.0,AUTO_APPROVE,False
APP007796,APP003340,63.57,FUZZY,84.85,57.14,20.0,AUTO_APPROVE,False
APP007797,APP003135,98.28,FUZZY,96.55,100.0,100.0,AUTO_REJECT,True
APP007798,APP004461,67.73,FUZZY,64.86,50.98,100.0,AUTO_APPROVE,False
APP007799,APP002133,64.48,FUZZY,68.97,100.0,0.0,AUTO_APPROVE,False
APP007800,APP004877,67.5,FUZZY,75.0,100.0,0.0,AUTO_APPROVE,False
APP007801,APP008154,69.02,FUZZY,100.0,63.41,0.0,AUTO_APPROVE,False
APP007802,APP004691,60.34,FUZZY,100.0,34.48,0.0,AUTO_APPROVE,False
APP007803,APP003130,95.0,FUZZY,100.0,100.0,75.0,AUTO_REJECT,True
APP007804,APP000803,65.49,FUZZY,62.5,47.46,100.0,AUTO_APPROVE,False
APP007805,APP000642,60.87,FUZZY,64.71,45.07,75.0,AUTO_APPROVE,False
APP007806,APP001155,68.83,FUZZY,68.75,64.86,75.0,AUTO_APPROVE,False
APP007807,APP007666,63.88,FUZZY,82.35,62.34,20.0,AUTO_APPROVE,False
APP007808,APP005627,100.0,EXACT_PAN,95.0,100.0,100.0,AUTO_REJECT,True
APP007809,APP006672,59.55,FUZZY,82.76,47.22,20.0,AUTO_APPROVE,False
APP007810,APP008081,54.31,FUZZY,81.48,31.88,20.0,AUTO_APPROVE,False
APP007811,APP000398,55.22,FUZZY,80.0,50.75,0.0,AUTO_APPROVE,False
APP007812,APP000840,57.36,FUZZY,43.24,52.46,100.0,AUTO_APPROVE,False
APP007813,APP003191,66.79,FUZZY,66.67,61.54,75.0,AUTO_APPROVE,False
APP007814,APP008627,55.38,FUZZY,78.26,40.82,20.0,AUTO_APPROVE,False
APP007815,APP009077,63.71,FUZZY,51.43,60.0,100.0,AUTO_APPROVE,False
APP007816,APP005320,55.38,FUZZY,41.18,49.32,100.0,AUTO_APPROVE,False
APP007817,APP001336,58.89,FUZZY,54.55,55.38,75.0,AUTO_APPROVE,False
APP007818,APP002823,60.73,FUZZY,81.08,53.97,20.0,AUTO_APPROVE,False
APP007819,APP006958,97.0,EXACT_PHONE,91.67,100.0,75.0,AUTO_REJECT,True
APP007820,APP001713,62.68,FUZZY,100.0,42.25,0.0,AUTO_APPROVE,False
APP007821,APP006748,58.28,FUZZY,100.0,27.59,0.0,AUTO_APPROVE,False
APP007822,APP009640,67.59,FUZZY,100.0,58.62,0.0,AUTO_APPROVE,False
APP007823,APP004329,61.7,FUZZY,68.75,41.1,75.0,AUTO_APPROVE,False
APP007824,APP003292,78.71,FUZZY,100.0,29.03,100.0,AUTO_APPROVE,True
APP007825,APP002107,71.49,FUZZY,100.0,71.64,0.0,AUTO_APPROVE,False
APP007826,APP000946,77.48,FUZZY,100.0,78.26,20.0,AUTO_APPROVE,False
APP007827,APP006805,62.62,FUZZY,76.19,68.42,20.0,AUTO_APPROVE,False
APP007828,APP005833,100.0,EXACT_PAN,100.0,100.0,75.0,AUTO_REJECT,True
APP007829,APP004878,69.07,FUZZY,81.25,44.83,75.0,AUTO_APPROVE,False
APP007830,APP006515,69.79,FUZZY,100.0,52.63,20.0,AUTO_APPROVE,False
APP007831,APP004199,71.18,FUZZY,100.0,70.59,0.0,AUTO_APPROVE,False
APP007832,APP009346,61.97,FUZZY,75.0,31.58,75.0,AUTO_APPROVE,False
APP007833,APP002291,61.32,FUZZY,100.0,37.74,0.0,AUTO_APPROVE,False
APP007834,APP006638,53.54,FUZZY,48.28,48.0,75.0,AUTO_APPROVE,False
APP007835,APP000025,67.03,FUZZY,69.23,58.06,75.0,AUTO_APPROVE,False
APP007836,APP005214,73.22,FUZZY,82.76,56.14,75.0,AUTO_APPROVE,False
APP007837,APP006048,59.58,FUZZY,62.86,43.84,75.0,AUTO_APPROVE,False
APP007838,APP005724,65.19,FUZZY,100.0,50.63,0.0,AUTO_APPROVE,False
APP007839,APP002799,62.16,FUZZY,100.0,40.54,0.0,AUTO_APPROVE,False
APP007840,APP000520,63.52,FUZZY,61.54,59.15,75.0,AUTO_APPROVE,False
APP007841,APP004153,68.71,FUZZY,77.42,50.0,75.0,AUTO_APPROVE,False
APP007842,APP007671,70.67,FUZZY,73.33,100.0,20.0,AUTO_APPROVE,False
APP007843,APP008685,95.0,FUZZY,100.0,100.0,75.0,AUTO_REJECT,True
APP007844,APP004493,54.77,FUZZY,64.86,61.11,20.0,AUTO_APPROVE,False
APP007845,APP001087,62.31,FUZZY,100.0,41.03,0.0,AUTO_APPROVE,False
APP007846,APP002736,69.68,FUZZY,76.92,54.05,75.0,AUTO_APPROVE,False
APP007847,APP007787,63.03,FUZZY,47.06,65.0,100.0,AUTO_APPROVE,False
APP007848,APP000718,69.09,FUZZY,100.0,63.64,0.0,AUTO_APPROVE,False
APP007849,APP009227,63.94,FUZZY,83.87,60.0,20.0,AUTO_APPROVE,False
APP007850,APP000925,62.63,FUZZY,100.0,42.11,0.0,AUTO_APPROVE,False
APP007851,APP000795,65.43,FUZZY,100.0,51.43,0.0,AUTO_APPROVE,False
APP007852,APP005411,60.84,FUZZY,84.21,49.12,20.0,AUTO_APPROVE,False
APP007853,APP002205,66.23,FUZZY,58.82,72.73,75.0,AUTO_APPROVE,False
APP007854,APP002175,59.94,FUZZY,51.61,63.77,75.0,AUTO_APPROVE,False
APP007855,APP003076,65.76,FUZZY,57.14,73.97,75.0,AUTO_APPROVE,False
APP007856,APP005052,63.85,FUZZY,100.0,46.15,0.0,AUTO_APPROVE,False
APP007857,APP002987,52.97,FUZZY,50.0,43.24,75.0,AUTO_APPROVE,False
APP007858,APP005367,56.51,FUZZY,78.57,44.07,20.0,AUTO_APPROVE,False
APP007859,APP002060,67.47,FUZZY,100.0,58.23,0.0,AUTO_APPROVE,False
APP007860,APP009684,69.02,FUZZY,100.0,63.41,0.0,AUTO_APPROVE,False
APP007861,APP009930,53.28,FUZZY,47.06,49.18,75.0,AUTO_APPROVE,False
APP007862,APP006598,61.88,FUZZY,55.0,64.62,75.0,AUTO_APPROVE,False
APP007863,APP001435,63.52,FUZZY,100.0,45.07,0.0,AUTO_APPROVE,False
APP007864,APP006825,64.81,FUZZY,100.0,49.35,0.0,AUTO_APPROVE,False
APP007865,APP008942,66.48,FUZZY,72.0,51.61,75.0,AUTO_APPROVE,False
APP007866,APP004674,66.67,FUZZY,100.0,55.56,0.0,AUTO_APPROVE,False
APP007867,APP001372,68.75,FUZZY,100.0,62.5,0.0,AUTO_APPROVE,False
APP007868,APP001266,60.91,FUZZY,100.0,36.36,0.0,AUTO_APPROVE,False
APP007869,APP002450,58.68,FUZZY,70.97,64.0,20.0,AUTO_APPROVE,False
APP007870,APP005011,78.97,FUZZY,92.22,42.86,100.0,AUTO_APPROVE,True
APP007871,APP003539,65.29,FUZZY,70.59,50.0,75.0,AUTO_APPROVE,False
APP007872,APP008873,51.62,FUZZY,66.67,47.62,20.0,AUTO_APPROVE,False
APP007873,APP002149,65.83,FUZZY,100.0,52.78,0.0,AUTO_APPROVE,False
APP007874,APP001237,64.75,FUZZY,100.0,49.18,0.0,AUTO_APPROVE,False
APP007875,APP005911,63.97,FUZZY,100.0,46.58,0.0,AUTO_APPROVE,False
APP007876,APP003488,100.0,EXACT_PAN,100.0,100.0,75.0,AUTO_REJECT,True
APP007877,APP004122,63.75,FUZZY,83.87,72.73,0.0,AUTO_APPROVE,False
APP007878,APP007341,73.41,FUZZY,100.0,78.05,0.0,AUTO_APPROVE,False
APP007879,APP000750,97.0,EXACT_PHONE,96.55,100.0,75.0,AUTO_REJECT,True
APP007880,APP007516,98.48,FUZZY,96.97,100.0,100.0,AUTO_REJECT,True
APP007881,APP003602,60.3,FUZZY,60.61,50.0,75.0,AUTO_APPROVE,False
APP007882,APP000192,56.28,FUZZY,66.67,63.16,20.0,AUTO_APPROVE,False
APP007883,APP001735,65.27,FUZZY,100.0,50.91,0.0,AUTO_APPROVE,False
APP007884,APP003135,63.23,FUZZY,58.06,64.0,75.0,AUTO_APPROVE,False
APP007885,APP004418,64.3,FUZZY,60.61,63.33,75.0,AUTO_APPROVE,False
APP007886,APP007080,61.29,FUZZY,70.59,73.33,20.0,AUTO_APPROVE,False
APP007887,APP000155,61.3,FUZZY,100.0,37.68,0.0,AUTO_APPROVE,False
APP007888,APP009767,95.0,FUZZY,100.0,100.0,75.0,AUTO_REJECT,True
APP007889,APP005671,62.79,FUZZY,85.0,67.65,0.0,AUTO_APPROVE,False
APP007890,APP003675,66.06,FUZZY,68.97,55.26,75.0,AUTO_APPROVE,False
APP007891,APP002790,62.75,FUZZY,50.0,59.15,100.0,AUTO_APPROVE,False
APP007892,APP000370,68.0,FUZZY,100.0,60.0,0.0,AUTO_APPROVE,False
APP007893,APP009009,65.0,FUZZY,100.0,50.0,0.0,AUTO_APPROVE,False
APP007894,APP002801,97.0,EXACT_PHONE,96.3,100.0,75.0,AUTO_REJECT,True
APP007895,APP007085,66.08,FUZZY,86.67,62.5,20.0,AUTO_APPROVE,False
APP007896,APP001113,62.03,FUZZY,54.05,66.67,75.0,AUTO_APPROVE,False
APP007897,APP002116,61.54,FUZZY,100.0,38.46,0.0,AUTO_APPROVE,False
APP007898,APP005174,60.29,FUZZY,100.0,34.29,0.0,AUTO_APPROVE,False
APP007899,APP005131,64.31,FUZZY,100.0,34.38,20.0,AUTO_APPROVE,False
APP007900,APP000304,69.2,FUZZY,100.0,64.0,0.0,AUTO_APPROVE,False
APP007901,APP007040,63.56,FUZZY,63.16,56.6,75.0,AUTO_APPROVE,False
APP007902,APP002872,66.14,FUZZY,79.07,75.36,20.0,AUTO_APPROVE,False
APP007903,APP006679,59.76,FUZZY,52.63,44.83,100.0,AUTO_APPROVE,False
APP007904,APP009754,58.74,FUZZY,83.33,43.59,20.0,AUTO_APPROVE,False
APP007905,APP003852,60.96,FUZZY,86.49,45.71,20.0,AUTO_APPROVE,False
APP007906,APP006867,51.07,FUZZY,83.87,30.43,0.0,AUTO_APPROVE,False
APP007907,APP000191,58.02,FUZZY,38.89,61.9,100.0,AUTO_APPROVE,False
APP007908,APP005686,63.08,FUZZY,54.05,53.52,100.0,AUTO_APPROVE,False
APP007909,APP001565,50.15,FUZZY,60.61,52.83,20.0,AUTO_APPROVE,False
APP007910,APP002020,100.0,EXACT_PAN,96.3,100.0,100.0,AUTO_REJECT,True
APP007911,APP008816,80.0,FUZZY,100.0,100.0,0.0,FLAG_FOR_REVIEW,False
APP007912,APP004598,65.69,FUZZY,100.0,52.31,0.0,AUTO_APPROVE,False
APP007913,APP007621,65.89,FUZZY,80.0,72.97,20.0,AUTO_APPROVE,False
APP007914,APP003466,100.0,EXACT_PAN,100.0,100.0,100.0,AUTO_REJECT,True
APP007915,APP006471,62.25,FUZZY,66.67,46.38,75.0,AUTO_APPROVE,False
APP007916,APP003049,62.92,FUZZY,100.0,43.08,0.0,AUTO_APPROVE,False
APP007917,APP000894,59.38,FUZZY,100.0,31.25,0.0,AUTO_APPROVE,False
APP007918,APP005805,57.73,FUZZY,62.86,37.68,75.0,AUTO_APPROVE,False
APP007919,APP009283,61.97,FUZZY,58.82,58.54,75.0,AUTO_APPROVE,False
APP007920,APP006514,71.37,FUZZY,73.33,65.67,75.0,AUTO_APPROVE,False
APP007921,APP000259,64.79,FUZZY,100.0,49.32,0.0,AUTO_APPROVE,False
APP007922,APP009846,97.0,EXACT_PHONE,96.97,100.0,100.0,AUTO_REJECT,True
APP007923,APP001795,56.92,FUZZY,80.0,43.08,20.0,AUTO_APPROVE,False
APP007924,APP007211,98.72,FUZZY,97.44,100.0,100.0,AUTO_REJECT,True
APP007925,APP003224,67.58,FUZZY,84.21,34.92,75.0,AUTO_APPROVE,False
APP007926,APP006930,65.3,FUZZY,83.33,65.45,20.0,AUTO_APPROVE,False
APP007927,APP006977,55.69,FUZZY,77.78,42.67,20.0,AUTO_APPROVE,False
APP007928,APP007984,61.97,FUZZY,66.67,45.45,75.0,AUTO_APPROVE,False
APP007929,APP000192,63.97,FUZZY,100.0,46.58,0.0,AUTO_APPROVE,False
APP007930,APP001099,61.82,FUZZY,100.0,39.39,0.0,AUTO_APPROVE,False
APP007931,APP004819,71.86,FUZZY,83.72,50.0,75.0,AUTO_APPROVE,False
APP007932,APP006089,64.4,FUZZY,100.0,48.0,0.0,AUTO_APPROVE,False
APP007933,APP005275,63.24,FUZZY,100.0,44.12,0.0,AUTO_APPROVE,False
APP007934,APP003763,64.77,FUZZY,100.0,49.23,0.0,AUTO_APPROVE,False
APP007935,APP002526,61.14,FUZZY,100.0,37.14,0.0,AUTO_APPROVE,False
APP007936,APP003498,97.0,EXACT_PHONE,88.0,100.0,100.0,AUTO_REJECT,True
APP007937,APP003264,61.9,FUZZY,57.14,61.11,75.0,AUTO_APPROVE,False
APP007938,APP003952,62.95,FUZZY,60.61,58.82,75.0,AUTO_APPROVE,False
APP007939,APP001605,61.14,FUZZY,100.0,37.14,0.0,AUTO_APPROVE,False
APP007940,APP008579,100.0,EXACT_PAN,100.0,100.0,75.0,AUTO_REJECT,True
APP007941,APP003468,59.8,FUZZY,70.0,32.65,75.0,AUTO_APPROVE,False
APP007942,APP008509,97.31,FUZZY,94.62,100.0,100.0,AUTO_REJECT,True
APP007943,APP004205,61.74,FUZZY,100.0,25.81,20.0,AUTO_APPROVE,False
APP007944,APP006935,93.39,FUZZY,96.77,100.0,75.0,AUTO_REJECT,True
APP007945,APP002685,64.93,FUZZY,66.67,55.32,75.0,AUTO_APPROVE,False
APP007946,APP009944,97.37,FUZZY,94.74,100.0,100.0,AUTO_REJECT,True
APP007947,APP001318,64.39,FUZZY,66.67,53.52,75.0,AUTO_APPROVE,False
APP007948,APP008362,62.68,FUZZY,75.0,70.59,20.0,AUTO_APPROVE,False
APP007949,APP005404,97.0,EXACT_PHONE,96.3,100.0,75.0,AUTO_REJECT,True
APP007950,APP001883,59.09,FUZZY,100.0,30.3,0.0,AUTO_APPROVE,False
APP007951,APP006276,98.78,FUZZY,97.56,100.0,100.0,AUTO_REJECT,True
APP007952,APP008267,56.48,FUZZY,59.26,39.51,75.0,AUTO_APPROVE,False
APP007953,APP006616,59.68,FUZZY,100.0,32.26,0.0,AUTO_APPROVE,False
APP007954,APP004186,63.23,FUZZY,100.0,30.77,20.0,AUTO_APPROVE,False
APP007955,APP006144,67.68,FUZZY,100.0,45.61,20.0,AUTO_APPROVE,False
APP007956,APP004914,56.36,FUZZY,66.67,63.41,20.0,AUTO_APPROVE,False
APP007957,APP002569,54.12,FUZZY,35.29,54.9,100.0,AUTO_APPROVE,False
APP007958,APP008826,61.51,FUZZY,100.0,38.36,0.0,AUTO_APPROVE,False
APP007959,APP007394,100.0,EXACT_PAN,100.0,100.0,100.0,AUTO_REJECT,True
APP007960,APP005999,68.72,FUZZY,100.0,49.06,20.0,AUTO_APPROVE,False
APP007961,APP008785,65.69,FUZZY,100.0,52.31,0.0,AUTO_APPROVE,False
APP007962,APP004440,63.78,FUZZY,100.0,45.95,0.0,AUTO_APPROVE,False
APP007963,APP000540,60.4,FUZZY,68.42,73.97,20.0,AUTO_APPROVE,False
APP007964,APP007234,65.71,FUZZY,72.22,48.65,75.0,AUTO_APPROVE,False
APP007965,APP000376,100.0,EXACT_PAN,96.0,100.0,100.0,AUTO_REJECT,True
APP007966,APP008740,69.87,FUZZY,66.67,71.79,75.0,AUTO_APPROVE,False
APP007967,APP007405,90.83,FUZZY,91.67,100.0,75.0,FLAG_FOR_REVIEW,True
APP007968,APP000083,75.67,FUZZY,73.33,80.0,75.0,AUTO_APPROVE,False
APP007969,APP009686,65.41,FUZZY,58.82,53.33,100.0,AUTO_APPROVE,False
APP007970,APP000717,69.62,FUZZY,66.67,70.97,75.0,AUTO_APPROVE,False
APP007971,APP006623,65.89,FUZZY,78.57,75.36,20.0,AUTO_APPROVE,False
APP007972,APP000444,70.62,FUZZY,100.0,68.75,0.0,AUTO_APPROVE,False
APP007973,APP000758,100.0,EXACT_PAN,96.55,100.0,100.0,AUTO_REJECT,True
APP007974,APP007848,59.43,FUZZY,86.49,40.62,20.0,AUTO_APPROVE,False
APP007975,APP009707,73.75,FUZZY,100.0,65.82,20.0,AUTO_APPROVE,False
APP007976,APP000740,69.0,FUZZY,100.0,50.0,20.0,AUTO_APPROVE,False
APP007977,APP004467,92.06,FUZZY,94.12,100.0,75.0,AUTO_REJECT,True
APP007978,APP009911,64.66,FUZZY,82.93,64.0,20.0,AUTO_APPROVE,False
APP007979,APP009715,100.0,FUZZY,100.0,100.0,100.0,AUTO_REJECT,True
APP007980,APP009074,58.82,FUZZY,86.36,38.81,20.0,AUTO_APPROVE,False
APP007981,APP001104,62.35,FUZZY,100.0,41.18,0.0,AUTO_APPROVE,False
APP007982,APP003338,58.96,FUZZY,100.0,29.85,0.0,AUTO_APPROVE,False
APP007983,APP002370,76.67,FUZZY,100.0,88.89,0.0,AUTO_APPROVE,False
APP007984,APP004685,95.0,FUZZY,100.0,100.0,75.0,AUTO_REJECT,True
APP007985,APP001201,59.15,FUZZY,100.0,30.51,0.0,AUTO_APPROVE,False
APP007986,APP003679,60.12,FUZZY,68.75,35.82,75.0,AUTO_APPROVE,False
APP007987,APP005703,60.18,FUZZY,54.55,59.7,75.0,AUTO_APPROVE,False
APP007988,APP003360,66.36,FUZZY,100.0,54.55,0.0,AUTO_APPROVE,False
APP007989,APP005843,65.0,FUZZY,100.0,50.0,0.0,AUTO_APPROVE,False
APP007990,APP005872,65.94,FUZZY,100.0,53.12,0.0,AUTO_APPROVE,False
APP007991,APP004102,100.0,EXACT_PAN,100.0,100.0,100.0,AUTO_REJECT,True
APP007992,APP006092,59.51,FUZZY,57.14,53.12,75.0,AUTO_APPROVE,False
APP007993,APP009195,97.0,EXACT_PHONE,94.74,100.0,75.0,AUTO_REJECT,True
APP007994,APP001374,80.61,FUZZY,88.33,54.79,100.0,FLAG_FOR_REVIEW,True
APP007995,APP007603,63.33,FUZZY,100.0,44.44,0.0,AUTO_APPROVE,False
APP007996,APP005585,65.1,FUZZY,62.5,46.15,100.0,AUTO_APPROVE,False
APP007997,APP006422,60.73,FUZZY,70.59,34.78,75.0,AUTO_APPROVE,False
APP007998,APP001861,66.8,FUZZY,100.0,56.0,0.0,AUTO_APPROVE,False
APP007999,APP005352,61.5,FUZZY,80.0,58.33,20.0,AUTO_APPROVE,False
APP008000,APP006629,56.38,FUZZY,43.75,65.0,75.0,AUTO_APPROVE,False
APP008001,APP002451,100.0,EXACT_PAN,97.56,100.0,100.0,AUTO_REJECT,True
APP008002,APP001323,66.67,FUZZY,100.0,55.56,0.0,AUTO_APPROVE,False
APP008003,APP002400,100.0,EXACT_PAN,100.0,100.0,100.0,AUTO_REJECT,True
APP008004,APP000104,70.55,FUZZY,68.75,70.59,75.0,AUTO_APPROVE,False
APP008005,APP000122,71.95,FUZZY,100.0,73.17,0.0,AUTO_APPROVE,False
APP008006,APP008340,55.02,FUZZY,35.29,57.89,100.0,AUTO_APPROVE,False
APP008007,APP004880,72.86,FUZZY,100.0,62.86,20.0,AUTO_APPROVE,False
APP008008,APP005611,63.64,FUZZY,60.61,61.11,75.0,AUTO_APPROVE,False
APP008009,APP003844,68.0,FUZZY,100.0,60.0,0.0,AUTO_APPROVE,False
APP008010,APP005124,98.72,FUZZY,97.44,100.0,100.0,AUTO_REJECT,True
APP008011,APP006981,65.48,FUZZY,70.59,50.63,75.0,AUTO_APPROVE,False
APP008012,APP006245,63.52,FUZZY,74.29,74.58,20.0,AUTO_APPROVE,False
APP008013,APP009723,97.37,FUZZY,94.74,100.0,100.0,AUTO_REJECT,True
APP008014,APP004797,65.08,FUZZY,80.0,70.27,20.0,AUTO_APPROVE,False
APP008015,APP000632,67.59,FUZZY,100.0,58.62,0.0,AUTO_APPROVE,False
APP008016,APP009778,68.1,FUZZY,76.19,100.0,0.0,AUTO_APPROVE,False
APP008017,APP006854,55.66,FUZZY,58.82,37.5,75.0,AUTO_APPROVE,False
APP008018,APP005059,61.15,FUZZY,68.97,75.56,20.0,AUTO_APPROVE,False
APP008019,APP002978,55.94,FUZZY,83.87,33.33,20.0,AUTO_APPROVE,False
APP008020,APP006090,61.74,FUZZY,100.0,39.13,0.0,AUTO_APPROVE,False
APP008021,APP005736,64.95,FUZZY,78.57,72.22,20.0,AUTO_APPROVE,False
APP008022,APP002130,100.0,FUZZY,100.0,100.0,100.0,AUTO_REJECT,True
APP008023,APP000819,61.82,FUZZY,100.0,39.39,0.0,AUTO_APPROVE,False
APP008024,APP000408,61.92,FUZZY,81.82,56.72,20.0,AUTO_APPROVE,False
APP008025,APP007227,96.65,FUZZY,97.3,100.0,90.0,AUTO_REJECT,True
APP008026,APP006284,63.13,FUZZY,85.71,54.24,20.0,AUTO_APPROVE,False
APP008027,APP009381,62.24,FUZZY,100.0,40.82,0.0,AUTO_APPROVE,False
APP008028,APP002327,69.0,FUZZY,100.0,50.0,20.0,AUTO_APPROVE,False
APP008029,APP001950,55.55,FUZZY,58.82,37.14,75.0,AUTO_APPROVE,False
APP008030,APP007583,65.0,FUZZY,100.0,50.0,0.0,AUTO_APPROVE,False
APP008031,APP003432,61.57,FUZZY,66.67,44.12,75.0,AUTO_APPROVE,False
APP008032,APP000708,61.3,FUZZY,100.0,37.68,0.0,AUTO_APPROVE,False
APP008033,APP007410,64.37,FUZZY,100.0,47.89,0.0,AUTO_APPROVE,False
APP008034,APP001870,100.0,EXACT_PAN,95.24,100.0,75.0,AUTO_REJECT,True
APP008035,APP007698,57.35,FUZZY,78.57,46.88,20.0,AUTO_APPROVE,False
APP008036,APP008135,70.91,FUZZY,58.82,88.31,75.0,AUTO_APPROVE,False
APP008037,APP009571,65.5,FUZZY,75.0,80.0,20.0,AUTO_APPROVE,False
APP008038,APP002473,56.11,FUZZY,84.21,33.33,20.0,AUTO_APPROVE,False
APP008039,APP005239,56.86,FUZZY,69.57,60.27,20.0,AUTO_APPROVE,False
APP008040,APP001115,64.78,FUZZY,69.57,100.0,0.0,AUTO_APPROVE,False
APP008041,APP008454,68.81,FUZZY,100.0,62.69,0.0,AUTO_APPROVE,False
APP008042,,0.0,NO_MATCH,0.0,0.0,0.0,AUTO_APPROVE,False
APP008043,APP002901,67.95,FUZZY,91.89,60.0,20.0,AUTO_APPROVE,False
APP008044,APP006666,58.74,FUZZY,60.61,44.78,75.0,AUTO_APPROVE,False
APP008045,APP001923,97.0,EXACT_PHONE,100.0,100.0,75.0,AUTO_REJECT,True
APP008046,APP000436,97.0,EXACT_PHONE,94.12,100.0,100.0,AUTO_REJECT,True
APP008047,APP002313,64.81,FUZZY,100.0,49.38,0.0,AUTO_APPROVE,False
APP008048,APP008439,60.17,FUZZY,100.0,33.9,0.0,AUTO_APPROVE,False
APP008049,APP007398,61.3,FUZZY,100.0,37.68,0.0,AUTO_APPROVE,False
APP008050,APP003874,97.0,EXACT_PHONE,94.44,100.0,100.0,AUTO_REJECT,True
APP008051,APP001566,69.06,FUZZY,73.33,57.97,75.0,AUTO_APPROVE,False
APP008052,APP002784,67.01,FUZZY,100.0,56.72,0.0,AUTO_APPROVE,False
APP008053,APP005507,77.14,FUZZY,86.67,62.69,75.0,AUTO_APPROVE,False
APP008054,APP005766,64.08,FUZZY,75.0,38.6,75.0,AUTO_APPROVE,False
APP008055,APP001180,64.03,FUZZY,62.86,58.67,75.0,AUTO_APPROVE,False
APP008056,APP006116,66.6,FUZZY,50.0,72.0,100.0,AUTO_APPROVE,False
APP008057,APP008811,67.29,FUZZY,78.57,80.0,20.0,AUTO_APPROVE,False
APP008058,APP009191,57.07,FUZZY,60.61,39.22,75.0,AUTO_APPROVE,False
APP008059,APP008011,63.39,FUZZY,50.0,61.29,100.0,AUTO_APPROVE,False
APP008060,APP004608,95.0,FUZZY,100.0,100.0,75.0,AUTO_REJECT,True
APP008061,APP006708,72.14,FUZZY,85.71,47.62,75.0,AUTO_APPROVE,False
APP008062,APP008185,65.67,FUZZY,80.0,72.22,20.0,AUTO_APPROVE,False
APP008063,APP001100,57.87,FUZZY,37.84,63.16,100.0,AUTO_APPROVE,False
APP008064,APP008680,62.37,FUZZY,70.59,76.92,20.0,AUTO_APPROVE,False
APP008065,APP009866,100.0,FUZZY,100.0,100.0,100.0,AUTO_REJECT,True
APP008066,APP008014,59.33,FUZZY,100.0,31.11,0.0,AUTO_APPROVE,False
APP008067,APP005054,64.29,FUZZY,78.57,33.33,75.0,AUTO_APPROVE,False
APP008068,APP006403,58.28,FUZZY,44.44,53.52,100.0,AUTO_APPROVE,False
APP008069,APP001216,73.0,FUZZY,100.0,76.67,0.0,AUTO_APPROVE,False
APP008070,APP009950,69.29,FUZZY,78.57,50.0,75.0,AUTO_APPROVE,False
APP008071,APP002258,98.0,FUZZY,100.0,100.0,90.0,AUTO_REJECT,True
APP008072,APP005667,68.43,FUZZY,76.47,50.63,75.0,AUTO_APPROVE,False
APP008073,APP003775,68.33,FUZZY,100.0,61.11,0.0,AUTO_APPROVE,False
APP008074,APP006383,57.91,FUZZY,48.48,45.57,100.0,AUTO_APPROVE,False
APP008075,APP003935,95.37,FUZZY,94.74,100.0,90.0,AUTO_REJECT,True
APP008076,APP000786,62.63,FUZZY,100.0,42.11,0.0,AUTO_APPROVE,False
APP008077,APP004210,54.46,FUZZY,32.26,61.11,100.0,AUTO_APPROVE,False
APP008078,APP003154,66.03,FUZZY,35.9,93.62,100.0,AUTO_APPROVE,False
APP008079,APP007238,59.98,FUZZY,64.71,42.11,75.0,AUTO_APPROVE,False
APP008080,APP005093,67.08,FUZZY,80.0,76.92,20.0,AUTO_APPROVE,False
APP008081,APP006368,68.6,FUZZY,51.28,76.54,100.0,AUTO_APPROVE,False
APP008082,APP001802,100.0,FUZZY,100.0,100.0,100.0,AUTO_REJECT,True
APP008083,APP005283,63.72,FUZZY,63.16,57.14,75.0,AUTO_APPROVE,False
APP008084,APP002859,67.48,FUZZY,77.42,45.9,75.0,AUTO_APPROVE,False
APP008085,APP006631,63.41,FUZZY,78.26,67.61,20.0,AUTO_APPROVE,False
APP008086,APP005995,50.83,FUZZY,53.66,66.67,20.0,AUTO_APPROVE,False
APP008087,APP005660,59.0,FUZZY,80.0,50.0,20.0,AUTO_APPROVE,False
APP008088,APP009239,64.06,FUZZY,100.0,46.88,0.0,AUTO_APPROVE,False
APP008089,APP001778,59.54,FUZZY,81.08,50.0,20.0,AUTO_APPROVE,False
APP008090,APP006707,60.91,FUZZY,100.0,36.36,0.0,AUTO_APPROVE,False
APP008091,APP006395,100.0,EXACT_PAN,97.14,100.0,100.0,AUTO_REJECT,True
APP008092,APP002643,68.26,FUZZY,78.57,46.58,75.0,AUTO_APPROVE,False
APP008093,APP003351,76.58,FUZZY,63.16,100.0,75.0,AUTO_APPROVE,False
APP008094,APP001901,54.75,FUZZY,41.38,46.88,100.0,AUTO_APPROVE,False
APP008095,APP004742,59.15,FUZZY,86.67,39.39,20.0,AUTO_APPROVE,False
APP008096,APP006201,59.3,FUZZY,100.0,30.99,0.0,AUTO_APPROVE,False
APP008097,APP009036,63.74,FUZZY,90.91,47.62,20.0,AUTO_APPROVE,False
APP008098,APP004769,66.67,FUZZY,73.33,100.0,0.0,AUTO_APPROVE,False
APP008099,APP002821,53.12,FUZZY,31.25,58.33,100.0,AUTO_APPROVE,False
APP008100,APP009533,95.0,FUZZY,90.0,100.0,100.0,AUTO_REJECT,True
APP008101,APP004347,71.44,FUZZY,85.71,45.28,75.0,AUTO_APPROVE,False
APP008102,APP000241,65.22,FUZZY,51.61,64.71,100.0,AUTO_APPROVE,False
APP008103,APP002284,56.01,FUZZY,83.33,34.48,20.0,AUTO_APPROVE,False
APP008104,APP009706,53.57,FUZZY,78.26,34.78,20.0,AUTO_APPROVE,False
APP008105,APP000228,54.2,FUZZY,56.25,36.92,75.0,AUTO_APPROVE,False
APP008106,APP008860,67.27,FUZZY,100.0,57.58,0.0,AUTO_APPROVE,False
APP008107,APP007723,100.0,EXACT_PAN,92.31,100.0,90.0,AUTO_REJECT,True
APP008108,APP009166,68.68,FUZZY,58.06,82.14,75.0,AUTO_APPROVE,False
APP008109,APP002735,62.16,FUZZY,68.97,42.25,75.0,AUTO_APPROVE,False
APP008110,APP003986,66.87,FUZZY,70.59,55.26,75.0,AUTO_APPROVE,False
APP008111,APP008475,61.33,FUZZY,82.76,53.16,20.0,AUTO_APPROVE,False
APP008112,APP002089,62.54,FUZZY,100.0,41.79,0.0,AUTO_APPROVE,False
APP008113,APP003091,61.33,FUZZY,66.67,43.33,75.0,AUTO_APPROVE,False
APP008114,APP004116,59.9,FUZZY,60.61,48.65,75.0,AUTO_APPROVE,False
APP008115,APP007148,64.83,FUZZY,66.67,55.0,75.0,AUTO_APPROVE,False
APP008116,APP005054,54.69,FUZZY,44.44,58.23,75.0,AUTO_APPROVE,False
APP008117,APP003235,100.0,EXACT_PAN,96.77,100.0,100.0,AUTO_REJECT,True
APP008118,APP005628,100.0,EXACT_PAN,94.12,100.0,100.0,AUTO_REJECT,True
APP008119,APP005050,72.33,FUZZY,100.0,74.42,0.0,AUTO_APPROVE,False
APP008120,APP005448,57.56,FUZZY,86.49,34.38,20.0,AUTO_APPROVE,False
APP008121,APP009295,65.61,FUZZY,100.0,38.71,20.0,AUTO_APPROVE,False
APP008122,APP003063,60.82,FUZZY,46.15,59.15,100.0,AUTO_APPROVE,False
APP008123,APP004103,60.23,FUZZY,57.89,54.29,75.0,AUTO_APPROVE,False
APP008124,APP009751,80.79,FUZZY,75.86,92.86,75.0,FLAG_FOR_REVIEW,False
APP008125,APP008446,63.27,FUZZY,75.0,35.9,75.0,AUTO_APPROVE,False
APP008126,APP003478,65.98,FUZZY,64.86,45.16,100.0,AUTO_APPROVE,False
APP008127,APP002669,98.0,FUZZY,100.0,100.0,90.0,AUTO_REJECT,True
APP008128,APP003024,52.84,FUZZY,73.17,54.17,0.0,AUTO_APPROVE,False
APP008129,APP000277,60.83,FUZZY,100.0,36.11,0.0,AUTO_APPROVE,False
APP008130,APP009259,60.99,FUZZY,100.0,36.62,0.0,AUTO_APPROVE,False
APP008131,APP002061,59.0,FUZZY,66.67,72.22,20.0,AUTO_APPROVE,False
APP008132,APP009433,61.81,FUZZY,58.54,58.46,75.0,AUTO_APPROVE,False
APP008133,APP007846,58.43,FUZZY,60.61,43.75,75.0,AUTO_APPROVE,False
APP008134,APP003567,59.62,FUZZY,69.57,69.44,20.0,AUTO_APPROVE,False
APP008135,APP008036,70.91,FUZZY,58.82,88.31,75.0,AUTO_APPROVE,False
APP008136,APP000118,64.0,FUZZY,100.0,46.67,0.0,AUTO_APPROVE,False
APP008137,APP007481,65.83,FUZZY,64.52,61.9,75.0,AUTO_APPROVE,False
APP008138,APP009324,62.88,FUZZY,57.89,46.43,100.0,AUTO_APPROVE,False
APP008139,APP001097,97.0,EXACT_PHONE,95.65,100.0,75.0,AUTO_REJECT,True
APP008140,APP007174,61.58,FUZZY,100.0,38.6,0.0,AUTO_APPROVE,False
APP008141,APP003809,55.59,FUZZY,66.67,60.87,20.0,AUTO_APPROVE,False
APP008142,APP008705,58.94,FUZZY,100.0,29.79,0.0,AUTO_APPROVE,False
APP008143,APP008183,63.22,FUZZY,43.24,72.0,100.0,AUTO_APPROVE,False
APP008144,APP003666,51.88,FUZZY,62.86,54.84,20.0,AUTO_APPROVE,False
APP008145,APP003506,97.0,EXACT_PHONE,95.24,100.0,75.0,AUTO_REJECT,True
APP008146,APP006411,71.51,FUZZY,100.0,71.7,0.0,AUTO_APPROVE,False
APP008147,APP003091,97.0,EXACT_PHONE,100.0,100.0,75.0,AUTO_REJECT,True
APP008148,APP009616,98.65,FUZZY,97.3,100.0,100.0,AUTO_REJECT,True
APP008149,APP001265,60.17,FUZZY,82.76,49.32,20.0,AUTO_APPROVE,False
APP008150,APP004457,100.0,EXACT_PAN,100.0,100.0,100.0,AUTO_REJECT,True
APP008151,APP009955,60.4,FUZZY,100.0,34.67,0.0,AUTO_APPROVE,False
APP008152,APP006179,61.67,FUZZY,100.0,38.89,0.0,AUTO_APPROVE,False
APP008153,APP001806,73.33,FUZZY,100.0,77.78,0.0,AUTO_APPROVE,False
APP008154,APP007801,69.02,FUZZY,100.0,63.41,0.0,AUTO_APPROVE,False
APP008155,APP008686,68.46,FUZZY,76.92,100.0,0.0,AUTO_APPROVE,False
APP008156,APP000749,62.11,FUZZY,50.0,73.68,75.0,AUTO_APPROVE,False
APP008157,APP005026,100.0,EXACT_PAN,93.33,100.0,100.0,AUTO_REJECT,True
APP008158,APP008969,60.0,FUZZY,80.0,53.33,20.0,AUTO_APPROVE,False
APP008159,APP004431,55.44,FUZZY,81.82,35.09,20.0,AUTO_APPROVE,False
APP008160,APP002237,98.0,FUZZY,100.0,100.0,90.0,AUTO_REJECT,True
APP008161,APP007554,53.7,FUZZY,66.67,54.55,20.0,AUTO_APPROVE,False
APP008162,,0.0,NO_MATCH,0.0,0.0,0.0,AUTO_APPROVE,False
APP008163,APP006743,61.41,FUZZY,76.92,63.16,20.0,AUTO_APPROVE,False
APP008164,APP000840,66.92,FUZZY,56.25,79.31,75.0,AUTO_APPROVE,False
APP008165,APP002493,65.6,FUZZY,80.0,72.0,20.0,AUTO_APPROVE,False
APP008166,APP004269,61.43,FUZZY,100.0,38.1,0.0,AUTO_APPROVE,False
APP008167,APP009789,95.0,FUZZY,100.0,100.0,75.0,AUTO_REJECT,True
APP008168,APP008605,65.41,FUZZY,100.0,51.35,0.0,AUTO_APPROVE,False
APP008169,APP009197,100.0,EXACT_PAN,96.55,100.0,100.0,AUTO_REJECT,True
APP008170,APP009610,64.93,FUZZY,80.95,68.18,20.0,AUTO_APPROVE,False
APP008171,APP009910,67.09,FUZZY,61.54,71.05,75.0,AUTO_APPROVE,False
APP008172,APP005144,59.0,FUZZY,80.0,50.0,20.0,AUTO_APPROVE,False
APP008173,APP005013,52.82,FUZZY,77.78,46.43,0.0,AUTO_APPROVE,False
APP008174,APP007346,67.14,FUZZY,100.0,57.14,0.0,AUTO_APPROVE,False
APP008175,APP005523,70.54,FUZZY,81.08,50.0,75.0,AUTO_APPROVE,False
APP008176,APP002241,100.0,EXACT_PAN,91.67,100.0,100.0,AUTO_REJECT,True
APP008177,APP009174,67.65,FUZZY,100.0,58.82,0.0,AUTO_APPROVE,False
APP008178,APP001653,63.15,FUZZY,100.0,43.84,0.0,AUTO_APPROVE,False
APP008179,APP008467,59.5,FUZZY,74.29,74.51,0.0,AUTO_APPROVE,False
APP008180,APP000911,55.13,FUZZY,54.55,42.86,75.0,AUTO_APPROVE,False
APP008181,APP002246,58.33,FUZZY,85.71,38.24,20.0,AUTO_APPROVE,False
APP008182,APP006447,62.65,FUZZY,70.59,41.18,75.0,AUTO_APPROVE,False
APP008183,APP002932,63.78,FUZZY,100.0,45.95,0.0,AUTO_APPROVE,False
APP008184,APP008940,64.69,FUZZY,100.0,48.98,0.0,AUTO_APPROVE,False
APP008185,APP008062,65.67,FUZZY,80.0,72.22,20.0,AUTO_APPROVE,False
APP008186,APP005328,100.0,EXACT_PAN,96.77,100.0,100.0,AUTO_REJECT,True
APP008187,APP005472,64.4,FUZZY,100.0,48.0,0.0,AUTO_APPROVE,False
APP008188,APP001141,66.58,FUZZY,63.16,50.0,100.0,AUTO_APPROVE,False
APP008189,APP006298,61.25,FUZZY,100.0,37.5,0.0,AUTO_APPROVE,False
APP008190,APP006407,59.63,FUZZY,77.42,56.41,20.0,AUTO_APPROVE,False
APP008191,APP002760,97.0,EXACT_PHONE,100.0,100.0,75.0,AUTO_REJECT,True
APP008192,APP003938,63.85,FUZZY,100.0,32.84,20.0,AUTO_APPROVE,False
APP008193,APP006620,97.0,EXACT_PHONE,91.67,100.0,100.0,AUTO_REJECT,True
APP008194,APP000146,100.0,EXACT_PAN,95.0,100.0,100.0,AUTO_REJECT,True
APP008195,APP001766,60.17,FUZZY,100.0,33.9,0.0,AUTO_APPROVE,False
APP008196,APP003784,78.07,FUZZY,82.35,72.97,75.0,AUTO_APPROVE,False
APP008197,APP005128,62.79,FUZZY,100.0,42.62,0.0,AUTO_APPROVE,False
APP008198,APP006174,97.0,EXACT_PHONE,100.0,100.0,75.0,AUTO_REJECT,True
APP008199,APP004663,69.59,FUZZY,81.48,46.15,75.0,AUTO_APPROVE,False
APP008200,APP005226,56.25,FUZZY,60.87,36.07,75.0,AUTO_APPROVE,False
APP008201,APP002544,65.74,FUZZY,82.76,67.86,20.0,AUTO_APPROVE,False
APP008202,APP007419,100.0,EXACT_PAN,97.14,100.0,75.0,AUTO_REJECT,True
APP008203,APP004246,66.54,FUZZY,100.0,41.79,20.0,AUTO_APPROVE,False
APP008204,APP009551,64.03,FUZZY,84.21,73.08,0.0,AUTO_APPROVE,False
APP008205,APP003648,97.37,FUZZY,94.74,100.0,100.0,AUTO_REJECT,True
APP008206,APP000057,55.08,FUZZY,42.11,46.75,100.0,AUTO_APPROVE,False
APP008207,APP008425,100.0,FUZZY,100.0,100.0,100.0,AUTO_REJECT,True
APP008208,APP005345,56.15,FUZZY,51.43,34.78,100.0,AUTO_APPROVE,False
APP008209,APP002888,61.43,FUZZY,57.14,42.86,100.0,AUTO_APPROVE,False
APP008210,APP007027,61.43,FUZZY,55.81,45.07,100.0,AUTO_APPROVE,False
APP008211,APP008707,57.56,FUZZY,66.67,30.77,75.0,AUTO_APPROVE,False
APP008212,APP004435,55.34,FUZZY,82.35,47.22,0.0,AUTO_APPROVE,False
APP008213,APP003231,65.0,FUZZY,100.0,50.0,0.0,AUTO_APPROVE,False
APP008214,,0.0,NO_MATCH,0.0,0.0,0.0,AUTO_APPROVE,False
APP008215,APP009086,63.25,FUZZY,100.0,44.16,0.0,AUTO_APPROVE,False
APP008216,APP007275,62.97,FUZZY,55.56,50.63,100.0,AUTO_APPROVE,False
APP008217,APP005533,69.52,FUZZY,100.0,51.72,20.0,AUTO_APPROVE,False
APP008218,APP009293,63.33,FUZZY,48.48,63.64,100.0,AUTO_APPROVE,False
APP008219,APP005032,58.73,FUZZY,100.0,29.09,0.0,AUTO_APPROVE,False
APP008220,APP005956,71.9,FUZZY,75.86,46.58,100.0,AUTO_APPROVE,False
APP008221,APP006703,61.77,FUZZY,61.54,90.0,20.0,AUTO_APPROVE,False
APP008222,APP003591,100.0,EXACT_PAN,97.3,100.0,100.0,AUTO_REJECT,True
APP008223,APP003439,58.81,FUZZY,61.54,43.48,75.0,AUTO_APPROVE,False
APP008224,APP009429,100.0,FUZZY,100.0,100.0,100.0,AUTO_REJECT,True
APP008225,APP001181,59.34,FUZZY,63.16,42.55,75.0,AUTO_APPROVE,False
APP008226,APP006820,51.57,FUZZY,61.54,56.0,20.0,AUTO_APPROVE,False
APP008227,APP009503,54.02,FUZZY,66.67,68.97,0.0,AUTO_APPROVE,False
APP008228,APP003498,69.2,FUZZY,100.0,64.0,0.0,AUTO_APPROVE,False
APP008229,APP009152,72.0,FUZZY,100.0,73.33,0.0,AUTO_APPROVE,False
APP008230,APP004747,60.17,FUZZY,82.76,49.32,20.0,AUTO_APPROVE,False
APP008231,APP001800,67.47,FUZZY,68.42,60.87,75.0,AUTO_APPROVE,False
APP008232,APP001302,62.43,FUZZY,57.14,62.86,75.0,AUTO_APPROVE,False
APP008233,APP006031,96.15,FUZZY,92.31,100.0,100.0,AUTO_REJECT,True
APP008234,APP006824,68.17,FUZZY,83.33,75.0,20.0,AUTO_APPROVE,False
APP008235,APP004772,68.0,FUZZY,100.0,60.0,0.0,AUTO_APPROVE,False
APP008236,APP007299,64.88,FUZZY,75.0,41.27,75.0,AUTO_APPROVE,False
APP008237,APP002615,65.43,FUZZY,100.0,51.43,0.0,AUTO_APPROVE,False
APP008238,APP004453,100.0,EXACT_PAN,91.67,100.0,100.0,AUTO_REJECT,True
APP008239,APP000368,64.48,FUZZY,68.97,100.0,0.0,AUTO_APPROVE,False
APP008240,APP004492,65.7,FUZZY,80.0,72.34,20.0,AUTO_APPROVE,False
APP008241,APP003047,70.0,FUZZY,100.0,66.67,0.0,AUTO_APPROVE,False
APP008242,APP005852,63.6,FUZZY,100.0,45.33,0.0,AUTO_APPROVE,False
APP008243,APP008497,67.38,FUZZY,78.57,43.64,75.0,AUTO_APPROVE,False
APP008244,APP003556,70.0,FUZZY,100.0,66.67,0.0,AUTO_APPROVE,False
APP008245,APP002985,100.0,FUZZY,100.0,100.0,100.0,AUTO_REJECT,True
APP008246,APP007627,51.57,FUZZY,66.67,47.46,20.0,AUTO_APPROVE,False
APP008247,APP004335,64.41,FUZZY,58.82,66.67,75.0,AUTO_APPROVE,False
APP008248,APP003276,66.67,FUZZY,100.0,55.56,0.0,AUTO_APPROVE,False
APP008249,APP005143,64.8,FUZZY,64.86,57.89,75.0,AUTO_APPROVE,False
APP008250,APP000019,63.97,FUZZY,77.42,34.21,75.0,AUTO_APPROVE,False
APP008251,APP005525,67.37,FUZZY,100.0,57.89,0.0,AUTO_APPROVE,False
APP008252,APP004410,100.0,EXACT_PAN,97.14,100.0,100.0,AUTO_REJECT,True
APP008253,APP009622,67.75,FUZZY,100.0,59.15,0.0,AUTO_APPROVE,False
APP008254,APP001409,71.06,FUZZY,85.71,44.0,75.0,AUTO_APPROVE,False
APP008255,APP000167,53.25,FUZZY,85.0,35.82,0.0,AUTO_APPROVE,False
APP008256,APP006594,64.79,FUZZY,74.07,79.17,20.0,AUTO_APPROVE,False
APP008257,APP007290,71.29,FUZZY,100.0,70.97,0.0,AUTO_APPROVE,False
APP008258,APP005414,63.56,FUZZY,81.48,62.75,20.0,AUTO_APPROVE,False
APP008259,APP003111,60.43,FUZZY,80.0,68.09,0.0,AUTO_APPROVE,False
APP008260,APP001173,68.18,FUZZY,82.35,40.0,75.0,AUTO_APPROVE,False
APP008261,APP002085,100.0,EXACT_PAN,88.89,100.0,100.0,AUTO_REJECT,True
APP008262,APP005997,57.94,FUZZY,75.0,54.79,20.0,AUTO_APPROVE,False
APP008263,APP000834,67.92,FUZZY,100.0,59.74,0.0,AUTO_APPROVE,False
APP008264,APP005220,60.91,FUZZY,100.0,36.36,0.0,AUTO_APPROVE,False
APP008265,APP008949,95.71,FUZZY,91.43,100.0,100.0,AUTO_REJECT,True
APP008266,APP002454,65.94,FUZZY,81.25,34.38,75.0,AUTO_APPROVE,False
APP008267,APP006475,67.56,FUZZY,100.0,58.54,0.0,AUTO_APPROVE,False
APP008268,APP005654,72.93,FUZZY,75.86,66.67,75.0,AUTO_APPROVE,False
APP008269,APP007062,55.24,FUZZY,64.71,62.96,20.0,AUTO_APPROVE,False
APP008270,APP009867,55.92,FUZZY,66.67,61.97,20.0,AUTO_APPROVE,False
APP008271,APP001251,68.82,FUZZY,76.47,88.61,20.0,AUTO_APPROVE,False
APP008272,APP001657,68.95,FUZZY,100.0,63.16,0.0,AUTO_APPROVE,False
APP008273,APP001637,64.57,FUZZY,100.0,48.57,0.0,AUTO_APPROVE,False
APP008274,APP000806,65.0,FUZZY,100.0,50.0,0.0,AUTO_APPROVE,False
APP008275,APP000095,54.82,FUZZY,59.26,33.96,75.0,AUTO_APPROVE,False
APP008276,APP006385,98.0,FUZZY,100.0,100.0,90.0,AUTO_REJECT,True
APP008277,APP006321,51.15,FUZZY,58.06,23.73,75.0,AUTO_APPROVE,False
APP008278,APP006080,65.0,FUZZY,100.0,50.0,0.0,AUTO_APPROVE,False
APP008279,APP009260,97.0,EXACT_PHONE,100.0,100.0,100.0,AUTO_REJECT,True
APP008280,,0.0,NO_MATCH,0.0,0.0,0.0,AUTO_APPROVE,False
APP008281,APP004525,63.37,FUZZY,73.33,75.68,20.0,AUTO_APPROVE,False
APP008282,APP006258,100.0,EXACT_PAN,97.14,100.0,100.0,AUTO_REJECT,True
APP008283,APP009884,61.29,FUZZY,80.0,70.97,0.0,AUTO_APPROVE,False
APP008284,APP000109,72.92,FUZZY,100.0,26.42,75.0,AUTO_APPROVE,False
APP008285,APP003913,62.79,FUZZY,100.0,42.62,0.0,AUTO_APPROVE,False
APP008286,APP000243,82.69,FUZZY,100.0,58.97,75.0,FLAG_FOR_REVIEW,False
APP008287,APP008241,64.68,FUZZY,82.35,65.0,20.0,AUTO_APPROVE,False
APP008288,APP001855,97.0,EXACT_PHONE,94.12,100.0,75.0,AUTO_REJECT,True
APP008289,APP009632,97.0,EXACT_PHONE,94.74,100.0,100.0,AUTO_REJECT,True
APP008290,APP002672,63.24,FUZZY,100.0,44.12,0.0,AUTO_APPROVE,False
APP008291,APP001214,61.39,FUZZY,82.35,54.05,20.0,AUTO_APPROVE,False
APP008292,APP004536,98.39,FUZZY,96.77,100.0,100.0,AUTO_REJECT,True
APP008293,APP000084,58.12,FUZZY,63.16,38.46,75.0,AUTO_APPROVE,False
APP008294,APP002017,98.48,FUZZY,96.97,100.0,100.0,AUTO_REJECT,True
APP008295,APP000906,66.95,FUZZY,47.37,77.55,100.0,AUTO_APPROVE,False
APP008296,APP000320,63.33,FUZZY,66.67,100.0,0.0,AUTO_APPROVE,False
APP008297,APP003910,61.63,FUZZY,70.97,37.14,75.0,AUTO_APPROVE,False
APP008298,APP008729,65.64,FUZZY,100.0,38.81,20.0,AUTO_APPROVE,False
APP008299,APP000116,56.72,FUZZY,83.87,49.28,0.0,AUTO_APPROVE,False
APP008300,APP002144,55.5,FUZZY,61.54,69.09,20.0,AUTO_APPROVE,False
APP008301,APP003598,61.83,FUZZY,84.85,51.35,20.0,AUTO_APPROVE,False
APP008302,APP004748,65.0,FUZZY,100.0,50.0,0.0,AUTO_APPROVE,False
APP008303,APP004050,62.86,FUZZY,100.0,42.86,0.0,AUTO_APPROVE,False
APP008304,,0.0,NO_MATCH,0.0,0.0,0.0,AUTO_APPROVE,False
APP008305,APP009847,64.12,FUZZY,100.0,47.06,0.0,AUTO_APPROVE,False
APP008306,APP004686,65.52,FUZZY,100.0,51.72,0.0,AUTO_APPROVE,False
APP008307,APP001236,71.67,FUZZY,100.0,72.22,0.0,AUTO_APPROVE,False
APP008308,APP006420,100.0,EXACT_PAN,96.97,100.0,90.0,AUTO_REJECT,True
APP008309,APP007511,60.91,FUZZY,100.0,36.36,0.0,AUTO_APPROVE,False
APP008310,APP005263,63.24,FUZZY,100.0,44.12,0.0,AUTO_APPROVE,False
APP008311,APP002288,68.55,FUZZY,100.0,48.48,20.0,AUTO_APPROVE,False
APP008312,APP000596,62.93,FUZZY,66.67,48.65,75.0,AUTO_APPROVE,False
APP008313,APP001586,66.8,FUZZY,100.0,56.0,0.0,AUTO_APPROVE,False
APP008314,APP002988,75.34,FUZZY,57.14,89.23,100.0,AUTO_APPROVE,False
APP008315,APP006667,73.53,FUZZY,100.0,78.43,0.0,AUTO_APPROVE,False
APP008316,APP008167,67.45,FUZZY,80.0,41.51,75.0,AUTO_APPROVE,False
APP008317,APP000042,59.41,FUZZY,83.33,59.15,0.0,AUTO_APPROVE,False
APP008318,APP004194,69.55,FUZZY,78.57,34.21,100.0,AUTO_APPROVE,False
APP008319,APP006459,61.76,FUZZY,48.78,57.89,100.0,AUTO_APPROVE,False
APP008320,APP008660,61.82,FUZZY,71.79,73.08,20.0,AUTO_APPROVE,False
APP008321,APP007588,61.19,FUZZY,100.0,37.29,0.0,AUTO_APPROVE,False
APP008322,APP001743,61.5,FUZZY,63.64,32.26,100.0,AUTO_APPROVE,False
APP008323,APP005263,75.29,FUZZY,100.0,70.97,20.0,AUTO_APPROVE,False
APP008324,APP003778,100.0,EXACT_PAN,97.14,100.0,75.0,AUTO_REJECT,True
APP008325,APP009595,62.9,FUZZY,66.67,48.57,75.0,AUTO_APPROVE,False
APP008326,APP008723,61.54,FUZZY,70.59,37.5,75.0,AUTO_APPROVE,False
APP008327,APP000844,62.52,FUZZY,57.14,63.16,75.0,AUTO_APPROVE,False
APP008328,APP000662,100.0,EXACT_PAN,100.0,100.0,100.0,AUTO_REJECT,True
APP008329,APP002945,61.08,FUZZY,100.0,36.92,0.0,AUTO_APPROVE,False
APP008330,APP000218,58.54,FUZZY,83.33,56.25,0.0,AUTO_APPROVE,False
APP008331,APP003109,100.0,EXACT_PAN,96.77,100.0,100.0,AUTO_REJECT,True
APP008332,APP006910,98.57,FUZZY,97.14,100.0,100.0,AUTO_REJECT,True
APP008333,APP003787,69.05,FUZZY,100.0,63.49,0.0,AUTO_APPROVE,False
APP008334,APP002978,64.18,FUZZY,100.0,47.27,0.0,AUTO_APPROVE,False
APP008335,APP009838,56.47,FUZZY,50.0,38.24,100.0,AUTO_APPROVE,False
APP008336,APP000283,52.03,FUZZY,66.67,48.98,20.0,AUTO_APPROVE,False
APP008337,APP009877,67.82,FUZZY,72.22,55.7,75.0,AUTO_APPROVE,False
APP008338,APP005399,66.36,FUZZY,100.0,54.55,0.0,AUTO_APPROVE,False
APP008339,APP008483,61.05,FUZZY,100.0,36.84,0.0,AUTO_APPROVE,False
APP008340,APP009217,63.33,FUZZY,100.0,44.44,0.0,AUTO_APPROVE,False
APP008341,APP004606,59.77,FUZZY,82.76,61.29,0.0,AUTO_APPROVE,False
APP008342,APP004554,60.82,FUZZY,100.0,36.07,0.0,AUTO_APPROVE,False
APP008343,APP004007,76.3,FUZZY,100.0,87.67,0.0,AUTO_APPROVE,False
APP008344,APP004268,71.92,FUZZY,100.0,59.74,20.0,AUTO_APPROVE,False
APP008345,APP005423,65.0,FUZZY,66.67,55.56,75.0,AUTO_APPROVE,False
APP008346,APP008550,63.97,FUZZY,100.0,46.58,0.0,AUTO_APPROVE,False
APP008347,APP003457,100.0,EXACT_PAN,94.12,100.0,100.0,AUTO_REJECT,True
APP008348,APP000542,97.06,FUZZY,94.12,100.0,100.0,AUTO_REJECT,True
APP008349,APP000472,97.0,EXACT_PHONE,96.3,100.0,75.0,AUTO_REJECT,True
APP008350,APP008683,63.53,FUZZY,50.0,78.43,75.0,AUTO_APPROVE,False
APP008351,APP009257,61.83,FUZZY,100.0,39.44,0.0,AUTO_APPROVE,False
APP008352,APP000734,73.75,FUZZY,62.5,91.67,75.0,AUTO_APPROVE,False
APP008353,APP003078,62.94,FUZZY,100.0,43.14,0.0,AUTO_APPROVE,False
APP008354,APP002122,69.2,FUZZY,100.0,64.0,0.0,AUTO_APPROVE,False
APP008355,APP009714,58.57,FUZZY,57.14,100.0,0.0,AUTO_APPROVE,False
APP008356,APP000895,67.43,FUZZY,57.14,62.86,100.0,AUTO_APPROVE,False
APP008357,APP005573,55.94,FUZZY,75.0,48.15,20.0,AUTO_APPROVE,False
APP008358,APP007794,100.0,EXACT_PAN,94.74,100.0,100.0,AUTO_REJECT,True
APP008359,APP003369,62.63,FUZZY,82.76,57.5,20.0,AUTO_APPROVE,False
APP008360,APP001116,58.49,FUZZY,38.71,63.77,100.0,AUTO_APPROVE,False
APP008361,APP006751,62.31,FUZZY,55.56,65.12,75.0,AUTO_APPROVE,False
APP008362,APP001729,67.75,FUZZY,100.0,59.15,0.0,AUTO_APPROVE,False
APP008363,APP002143,61.49,FUZZY,100.0,38.3,0.0,AUTO_APPROVE,False
APP008364,APP006929,70.25,FUZZY,76.47,56.72,75.0,AUTO_APPROVE,False
APP008365,APP005610,57.23,FUZZY,38.46,60.0,100.0,AUTO_APPROVE,False
APP008366,APP005520,67.27,FUZZY,100.0,57.58,0.0,AUTO_APPROVE,False
APP008367,APP001284,95.37,FUZZY,94.74,100.0,90.0,AUTO_REJECT,True
APP008368,APP003797,60.82,FUZZY,100.0,36.07,0.0,AUTO_APPROVE,False
APP008369,APP003432,65.54,FUZZY,80.0,35.14,75.0,AUTO_APPROVE,False
APP008370,APP004252,70.77,FUZZY,100.0,69.23,0.0,AUTO_APPROVE,False
APP008371,APP005539,66.24,FUZZY,100.0,54.12,0.0,AUTO_APPROVE,False
APP008372,APP001768,65.18,FUZZY,80.0,70.59,20.0,AUTO_APPROVE,False
APP008373,APP007168,60.62,FUZZY,86.96,57.14,0.0,AUTO_APPROVE,False
APP008374,APP001781,54.62,FUZZY,75.0,43.75,20.0,AUTO_APPROVE,False
APP008375,APP005919,62.05,FUZZY,84.21,53.16,20.0,AUTO_APPROVE,False
APP008376,APP008623,59.58,FUZZY,51.61,45.9,100.0,AUTO_APPROVE,False
APP008377,APP009679,65.88,FUZZY,72.22,49.23,75.0,AUTO_APPROVE,False
APP008378,APP008957,64.48,FUZZY,78.79,70.27,20.0,AUTO_APPROVE,False
APP008379,APP007193,100.0,FUZZY,100.0,100.0,100.0,AUTO_REJECT,True
APP008380,APP004937,66.0,FUZZY,100.0,40.0,20.0,AUTO_APPROVE,False
APP008381,APP002430,67.65,FUZZY,100.0,58.82,0.0,AUTO_APPROVE,False
APP008382,APP001197,61.58,FUZZY,63.16,100.0,0.0,AUTO_APPROVE,False
APP008383,APP009642,62.27,FUZZY,78.57,63.29,20.0,AUTO_APPROVE,False
APP008384,APP002040,63.78,FUZZY,100.0,45.95,0.0,AUTO_APPROVE,False
APP008385,APP002246,100.0,EXACT_PAN,94.44,100.0,100.0,AUTO_REJECT,True
APP008386,APP001136,67.24,FUZZY,100.0,44.12,20.0,AUTO_APPROVE,False
APP008387,APP006232,66.58,FUZZY,100.0,55.26,0.0,AUTO_APPROVE,False
APP008388,APP004691,60.67,FUZZY,66.67,77.78,20.0,AUTO_APPROVE,False
APP008389,APP003223,53.24,FUZZY,54.55,73.24,20.0,AUTO_APPROVE,False
APP008390,APP007036,100.0,EXACT_PAN,100.0,100.0,75.0,AUTO_REJECT,True
APP008391,APP001953,58.44,FUZZY,80.0,48.15,20.0,AUTO_APPROVE,False
APP008392,APP001129,60.34,FUZZY,100.0,34.48,0.0,AUTO_APPROVE,False
APP008393,APP009298,64.09,FUZZY,75.68,37.5,75.0,AUTO_APPROVE,False
APP008394,APP004129,67.69,FUZZY,63.16,70.37,75.0,AUTO_APPROVE,False
APP008395,APP005985,69.76,FUZZY,86.67,38.1,75.0,AUTO_APPROVE,False
APP008396,APP003578,65.85,FUZZY,100.0,52.83,0.0,AUTO_APPROVE,False
APP008397,APP000857,66.29,FUZZY,78.57,40.0,75.0,AUTO_APPROVE,False
APP008398,APP005216,63.55,FUZZY,100.0,45.16,0.0,AUTO_APPROVE,False
APP008399,APP008515,62.63,FUZZY,100.0,42.11,0.0,AUTO_APPROVE,False
APP008400,APP005400,62.8,FUZZY,100.0,42.67,0.0,AUTO_APPROVE,False
APP008401,APP005094,98.57,FUZZY,97.14,100.0,100.0,AUTO_REJECT,True
APP008402,APP009482,90.45,FUZZY,90.91,100.0,75.0,FLAG_FOR_REVIEW,True
APP008403,APP008179,54.84,FUZZY,62.86,64.71,20.0,AUTO_APPROVE,False
APP008404,APP006041,69.22,FUZZY,75.0,55.74,75.0,AUTO_APPROVE,False
APP008405,APP005470,63.48,FUZZY,80.0,64.94,20.0,AUTO_APPROVE,False
APP008406,APP001953,62.86,FUZZY,100.0,42.86,0.0,AUTO_APPROVE,False
APP008407,APP000600,63.06,FUZZY,58.82,62.16,75.0,AUTO_APPROVE,False
APP008408,APP003644,57.93,FUZZY,80.0,46.43,20.0,AUTO_APPROVE,False
APP008409,APP006422,71.75,FUZZY,100.0,72.5,0.0,AUTO_APPROVE,False
APP008410,APP009713,61.11,FUZZY,100.0,37.04,0.0,AUTO_APPROVE,False
APP008411,APP005519,62.89,FUZZY,59.46,60.53,75.0,AUTO_APPROVE,False
APP008412,APP003482,52.65,FUZZY,35.29,50.0,100.0,AUTO_APPROVE,False
APP008413,APP003505,67.75,FUZZY,100.0,59.15,0.0,AUTO_APPROVE,False
APP008414,APP001640,100.0,EXACT_PAN,96.55,100.0,75.0,AUTO_REJECT,True
APP008415,APP002819,67.84,FUZZY,100.0,59.46,0.0,AUTO_APPROVE,False
APP008416,APP004855,63.63,FUZZY,62.07,58.67,75.0,AUTO_APPROVE,False
APP008417,APP003312,68.75,FUZZY,100.0,62.5,0.0,AUTO_APPROVE,False
APP008418,APP004646,61.56,FUZZY,59.46,39.44,100.0,AUTO_APPROVE,False
APP008419,APP000489,63.09,FUZZY,100.0,43.64,0.0,AUTO_APPROVE,False
APP008420,APP005058,59.13,FUZZY,66.67,36.0,75.0,AUTO_APPROVE,False
APP008421,APP006435,100.0,EXACT_PAN,96.77,100.0,75.0,AUTO_REJECT,True
APP008422,APP002698,63.7,FUZZY,60.61,61.33,75.0,AUTO_APPROVE,False
APP008423,APP001612,65.48,FUZZY,66.67,57.14,75.0,AUTO_APPROVE,False
APP008424,APP000793,67.28,FUZZY,94.12,54.05,20.0,AUTO_APPROVE,False
APP008425,APP008207,100.0,FUZZY,100.0,100.0,100.0,AUTO_REJECT,True
APP008426,APP006221,56.32,FUZZY,66.67,63.29,20.0,AUTO_APPROVE,False
APP008427,APP009595,66.01,FUZZY,83.33,67.8,20.0,AUTO_APPROVE,False
APP008428,APP003410,91.11,FUZZY,92.22,100.0,75.0,FLAG_FOR_REVIEW,True
APP008429,APP003783,64.22,FUZZY,66.67,52.94,75.0,AUTO_APPROVE,False
APP008430,APP005277,100.0,FUZZY,100.0,100.0,100.0,AUTO_REJECT,True
APP008431,APP008469,68.19,FUZZY,77.42,48.28,75.0,AUTO_APPROVE,False
APP008432,APP002466,65.83,FUZZY,100.0,39.44,20.0,AUTO_APPROVE,False
APP008433,APP007795,59.62,FUZZY,61.11,46.88,75.0,AUTO_APPROVE,False
APP008434,APP000614,71.05,FUZZY,100.0,70.18,0.0,AUTO_APPROVE,False
APP008435,APP004968,93.65,FUZZY,97.3,100.0,75.0,AUTO_REJECT,True
APP008436,APP004296,67.45,FUZZY,60.61,57.14,100.0,AUTO_APPROVE,False
APP008437,APP009662,62.14,FUZZY,48.65,59.38,100.0,AUTO_APPROVE,False
APP008438,APP009916,62.0,FUZZY,100.0,40.0,0.0,AUTO_APPROVE,False
APP008439,APP008048,60.17,FUZZY,100.0,33.9,0.0,AUTO_APPROVE,False
APP008440,APP006847,55.69,FUZZY,54.55,44.74,75.0,AUTO_APPROVE,False
APP008441,APP001790,64.95,FUZZY,66.67,55.38,75.0,AUTO_APPROVE,False
APP008442,APP004332,59.84,FUZZY,100.0,32.79,0.0,AUTO_APPROVE,False
APP008443,APP006554,60.37,FUZZY,86.49,43.75,20.0,AUTO_APPROVE,False
APP008444,APP003595,52.84,FUZZY,73.68,40.0,20.0,AUTO_APPROVE,False
APP008445,APP000125,63.83,FUZZY,63.16,57.5,75.0,AUTO_APPROVE,False
APP008446,APP008125,63.27,FUZZY,75.0,35.9,75.0,AUTO_APPROVE,False
APP008447,APP001141,59.28,FUZZY,59.46,48.48,75.0,AUTO_APPROVE,False
APP008448,APP005222,55.68,FUZZY,61.54,69.7,20.0,AUTO_APPROVE,False
APP008449,APP007615,96.43,FUZZY,92.86,100.0,100.0,AUTO_REJECT,True
APP008450,APP004264,68.57,FUZZY,78.57,47.62,75.0,AUTO_APPROVE,False
APP008451,APP009247,62.35,FUZZY,100.0,41.18,0.0,AUTO_APPROVE,False
APP008452,APP008145,70.54,FUZZY,83.87,45.33,75.0,AUTO_APPROVE,False
APP008453,APP002937,62.03,FUZZY,76.92,28.57,75.0,AUTO_APPROVE,False
APP008454,APP003700,94.17,FUZZY,88.33,100.0,100.0,AUTO_REJECT,True
APP008455,APP007692,67.95,FUZZY,62.5,72.34,75.0,AUTO_APPROVE,False
APP008456,APP003048,68.09,FUZZY,66.67,65.85,75.0,AUTO_APPROVE,False
APP008457,APP000896,60.6,FUZZY,58.82,53.97,75.0,AUTO_APPROVE,False
APP008458,APP006301,77.86,FUZZY,100.0,42.86,75.0,AUTO_APPROVE,False
APP008459,APP004033,70.0,FUZZY,80.0,50.0,75.0,AUTO_APPROVE,False
APP008460,APP002072,68.33,FUZZY,100.0,61.11,0.0,AUTO_APPROVE,False
APP008461,APP000932,60.31,FUZZY,100.0,34.38,0.0,AUTO_APPROVE,False
APP008462,APP006145,97.31,FUZZY,94.62,100.0,100.0,AUTO_REJECT,True
APP008463,APP007740,57.42,FUZZY,87.8,45.07,0.0,AUTO_APPROVE,False
APP008464,APP006767,94.17,FUZZY,88.33,100.0,100.0,AUTO_REJECT,True
APP008465,APP000089,65.21,FUZZY,100.0,50.7,0.0,AUTO_APPROVE,False
APP008466,APP001048,69.09,FUZZY,100.0,63.64,0.0,AUTO_APPROVE,False
APP008467,APP005249,68.81,FUZZY,100.0,49.35,20.0,AUTO_APPROVE,False
APP008468,APP004919,97.62,FUZZY,95.24,100.0,100.0,AUTO_REJECT,True
APP008469,APP008431,68.19,FUZZY,77.42,48.28,75.0,AUTO_APPROVE,False
APP008470,APP002354,52.63,FUZZY,63.41,56.41,20.0,AUTO_APPROVE,False
APP008471,APP009682,60.73,FUZZY,77.42,73.42,0.0,AUTO_APPROVE,False
APP008472,APP007462,62.22,FUZZY,100.0,40.74,0.0,AUTO_APPROVE,False
APP008473,APP008841,61.46,FUZZY,41.18,69.57,100.0,AUTO_APPROVE,False
APP008474,APP003653,63.67,FUZZY,80.0,65.57,20.0,AUTO_APPROVE,False
APP008475,APP008111,61.33,FUZZY,82.76,53.16,20.0,AUTO_APPROVE,False
APP008476,APP002952,60.09,FUZZY,64.86,78.87,20.0,AUTO_APPROVE,False
APP008477,APP009598,63.54,FUZZY,66.67,50.7,75.0,AUTO_APPROVE,False
APP008478,APP007732,92.5,FUZZY,95.0,100.0,75.0,AUTO_REJECT,True
APP008479,APP003051,63.04,FUZZY,100.0,43.48,0.0,AUTO_APPROVE,False
APP008480,APP001460,63.43,FUZZY,100.0,44.78,0.0,AUTO_APPROVE,False
APP008481,APP002567,63.12,FUZZY,100.0,43.75,0.0,AUTO_APPROVE,False
APP008482,APP006737,67.7,FUZZY,100.0,59.02,0.0,AUTO_APPROVE,False
APP008483,APP008339,61.05,FUZZY,100.0,36.84,0.0,AUTO_APPROVE,False
APP008484,APP000988,69.53,FUZZY,100.0,65.12,0.0,AUTO_APPROVE,False
APP008485,APP005560,57.87,FUZZY,100.0,26.23,0.0,AUTO_APPROVE,False
APP008486,APP004595,61.26,FUZZY,76.19,63.89,20.0,AUTO_APPROVE,False
APP008487,APP008367,73.69,FUZZY,80.0,62.3,75.0,AUTO_APPROVE,False
APP008488,APP009724,67.5,FUZZY,100.0,58.33,0.0,AUTO_APPROVE,False
APP008489,APP007326,82.54,FUZZY,100.0,58.46,75.0,FLAG_FOR_REVIEW,False
APP008490,APP008991,68.14,FUZZY,100.0,60.47,0.0,AUTO_APPROVE,False
APP008491,APP002065,80.11,FUZZY,94.62,42.67,100.0,FLAG_FOR_REVIEW,True
APP008492,APP001853,61.76,FUZZY,100.0,39.22,0.0,AUTO_APPROVE,False
APP008493,APP001918,56.26,FUZZY,70.0,57.53,20.0,AUTO_APPROVE,False
APP008494,APP008285,61.37,FUZZY,80.0,57.89,20.0,AUTO_APPROVE,False
APP008495,APP003322,97.0,EXACT_PHONE,97.3,100.0,75.0,AUTO_REJECT,True
APP008496,APP004444,57.99,FUZZY,52.94,55.07,75.0,AUTO_APPROVE,False
APP008497,APP008243,67.38,FUZZY,78.57,43.64,75.0,AUTO_APPROVE,False
APP008498,APP002066,63.93,FUZZY,100.0,46.43,0.0,AUTO_APPROVE,False
APP008499,APP001965,53.52,FUZZY,72.0,45.07,20.0,AUTO_APPROVE,False
APP008500,APP003434,93.57,FUZZY,97.14,100.0,75.0,AUTO_REJECT,True
APP008501,APP009711,63.24,FUZZY,100.0,44.12,0.0,AUTO_APPROVE,False
APP008502,APP003709,68.16,FUZZY,100.0,60.53,0.0,AUTO_APPROVE,False
APP008503,APP005997,67.33,FUZZY,66.67,100.0,20.0,AUTO_APPROVE,False
APP008504,APP004092,68.87,FUZZY,82.35,42.31,75.0,AUTO_APPROVE,False
APP008505,APP006332,62.75,FUZZY,76.19,68.85,20.0,AUTO_APPROVE,False
APP008506,APP001381,67.2,FUZZY,100.0,44.0,20.0,AUTO_APPROVE,False
APP008507,APP007108,60.25,FUZZY,75.0,62.5,20.0,AUTO_APPROVE,False
APP008508,APP002293,65.0,FUZZY,100.0,50.0,0.0,AUTO_APPROVE,False
APP008509,APP007942,97.31,FUZZY,94.62,100.0,100.0,AUTO_REJECT,True
APP008510,APP005433,59.6,FUZZY,100.0,32.0,0.0,AUTO_APPROVE,False
APP008511,APP003949,66.41,FUZZY,100.0,41.38,20.0,AUTO_APPROVE,False
APP008512,APP005537,97.0,EXACT_PHONE,94.74,100.0,100.0,AUTO_REJECT,True
APP008513,APP006165,70.0,FUZZY,100.0,66.67,0.0,AUTO_APPROVE,False
APP008514,,0.0,NO_MATCH,0.0,0.0,0.0,AUTO_APPROVE,False
APP008515,APP008399,62.63,FUZZY,100.0,42.11,0.0,AUTO_APPROVE,False
APP008516,APP002955,66.47,FUZZY,100.0,54.9,0.0,AUTO_APPROVE,False
APP008517,APP005705,55.93,FUZZY,64.86,65.0,20.0,AUTO_APPROVE,False
APP008518,APP000710,69.29,FUZZY,100.0,64.29,0.0,AUTO_APPROVE,False
APP008519,APP004292,53.03,FUZZY,34.29,52.94,100.0,AUTO_APPROVE,False
APP008520,APP003045,65.79,FUZZY,100.0,52.63,0.0,AUTO_APPROVE,False
APP008521,APP007057,67.39,FUZZY,100.0,57.97,0.0,AUTO_APPROVE,False
APP008522,APP002455,65.0,FUZZY,100.0,50.0,0.0,AUTO_APPROVE,False
APP008523,APP003424,71.84,FUZZY,100.0,59.46,20.0,AUTO_APPROVE,False
APP008524,APP005382,68.08,FUZZY,100.0,60.27,0.0,AUTO_APPROVE,False
APP008525,APP000790,60.34,FUZZY,100.0,34.48,0.0,AUTO_APPROVE,False
APP008526,APP001334,63.23,FUZZY,58.06,64.0,75.0,AUTO_APPROVE,False
APP008527,APP001992,63.25,FUZZY,100.0,44.16,0.0,AUTO_APPROVE,False
APP008528,APP001667,62.68,FUZZY,100.0,42.25,0.0,AUTO_APPROVE,False
APP008529,APP003470,69.41,FUZZY,100.0,64.71,0.0,AUTO_APPROVE,False
APP008530,APP008797,60.27,FUZZY,64.29,43.75,75.0,AUTO_APPROVE,False
APP008531,APP009288,69.79,FUZZY,100.0,52.63,20.0,AUTO_APPROVE,False
APP008532,APP000210,61.25,FUZZY,62.5,50.0,75.0,AUTO_APPROVE,False
APP008533,APP007349,70.0,FUZZY,100.0,66.67,0.0,AUTO_APPROVE,False
APP008534,APP003438,59.39,FUZZY,51.61,45.28,100.0,AUTO_APPROVE,False
APP008535,APP001409,64.59,FUZZY,41.18,80.0,100.0,AUTO_APPROVE,False
APP008536,APP002029,74.0,FUZZY,100.0,66.67,20.0,AUTO_APPROVE,False
APP008537,APP000070,62.25,FUZZY,85.0,65.82,0.0,AUTO_APPROVE,False
APP008538,APP002245,65.3,FUZZY,82.61,66.67,20.0,AUTO_APPROVE,False
APP008539,APP005327,62.67,FUZZY,80.0,62.22,20.0,AUTO_APPROVE,False
APP008540,APP005663,63.45,FUZZY,100.0,44.83,0.0,AUTO_APPROVE,False
APP008541,APP004924,72.23,FUZZY,59.46,91.67,75.0,AUTO_APPROVE,False
APP008542,APP004515,67.62,FUZZY,61.9,55.56,100.0,AUTO_APPROVE,False
APP008543,APP006360,100.0,EXACT_PAN,95.0,100.0,100.0,AUTO_REJECT,True
APP008544,APP003672,66.43,FUZZY,57.14,76.19,75.0,AUTO_APPROVE,False
APP008545,APP005462,66.74,FUZZY,100.0,55.81,0.0,AUTO_APPROVE,False
APP008546,APP001293,71.13,FUZZY,70.59,69.44,75.0,AUTO_APPROVE,False
APP008547,APP006364,68.07,FUZZY,68.97,61.97,75.0,AUTO_APPROVE,False
APP008548,APP003306,52.8,FUZZY,72.0,42.67,20.0,AUTO_APPROVE,False
APP008549,APP000524,60.15,FUZZY,100.0,33.85,0.0,AUTO_APPROVE,False
APP008550,APP008346,63.97,FUZZY,100.0,46.58,0.0,AUTO_APPROVE,False
APP008551,APP007778,61.03,FUZZY,62.07,100.0,0.0,AUTO_APPROVE,False
APP008552,APP004421,57.58,FUZZY,66.67,67.5,20.0,AUTO_APPROVE,False
APP008553,APP001160,93.57,FUZZY,97.14,100.0,75.0,AUTO_REJECT,True
APP008554,APP009132,64.06,FUZZY,64.71,55.7,75.0,AUTO_APPROVE,False
APP008555,APP006021,61.9,FUZZY,86.67,48.57,20.0,AUTO_APPROVE,False
APP008556,APP005264,61.25,FUZZY,100.0,37.5,0.0,AUTO_APPROVE,False
APP008557,APP006479,65.22,FUZZY,100.0,50.75,0.0,AUTO_APPROVE,False
APP008558,APP009211,97.0,EXACT_PHONE,100.0,100.0,100.0,AUTO_REJECT,True
APP008559,APP009535,66.72,FUZZY,38.89,90.91,100.0,AUTO_APPROVE,False
APP008560,APP006633,62.95,FUZZY,84.85,68.42,0.0,AUTO_APPROVE,False
APP008561,APP007045,61.82,FUZZY,100.0,39.39,0.0,AUTO_APPROVE,False
APP008562,APP004073,65.01,FUZZY,81.48,67.57,20.0,AUTO_APPROVE,False
APP008563,APP004411,67.37,FUZZY,100.0,57.89,0.0,AUTO_APPROVE,False
APP008564,APP000133,68.75,FUZZY,100.0,62.5,0.0,AUTO_APPROVE,False
APP008565,APP006399,53.25,FUZZY,62.5,60.0,20.0,AUTO_APPROVE,False
APP008566,APP008802,59.02,FUZZY,62.5,79.25,20.0,AUTO_APPROVE,False
APP008567,APP008527,59.9,FUZZY,57.89,53.16,75.0,AUTO_APPROVE,False
APP008568,APP007269,70.33,FUZZY,63.16,79.17,75.0,AUTO_APPROVE,False
APP008569,APP002818,100.0,EXACT_PAN,93.75,100.0,75.0,AUTO_REJECT,True
APP008570,APP005488,57.51,FUZZY,82.35,41.1,20.0,AUTO_APPROVE,False
APP008571,APP001459,61.0,FUZZY,100.0,36.67,0.0,AUTO_APPROVE,False
APP008572,APP001351,73.0,FUZZY,80.0,60.0,75.0,AUTO_APPROVE,False
APP008573,APP000391,63.43,FUZZY,100.0,44.78,0.0,AUTO_APPROVE,False
APP008574,APP003735,59.08,FUZZY,46.15,53.33,100.0,AUTO_APPROVE,False
APP008575,APP007021,61.67,FUZZY,78.57,24.62,75.0,AUTO_APPROVE,False
APP008576,APP009770,97.0,EXACT_PHONE,94.44,100.0,75.0,AUTO_REJECT,True
APP008577,APP003021,98.48,FUZZY,96.97,100.0,100.0,AUTO_REJECT,True
APP008578,APP006075,73.53,FUZZY,100.0,78.43,0.0,AUTO_APPROVE,False
APP008579,APP007940,100.0,EXACT_PAN,100.0,100.0,75.0,AUTO_REJECT,True
APP008580,APP008625,97.0,EXACT_PHONE,95.45,100.0,75.0,AUTO_REJECT,True
APP008581,APP003006,65.38,FUZZY,100.0,51.28,0.0,AUTO_APPROVE,False
APP008582,APP007137,57.51,FUZZY,81.08,43.24,20.0,AUTO_APPROVE,False
APP008583,APP002766,63.43,FUZZY,100.0,44.78,0.0,AUTO_APPROVE,False
APP008584,APP001688,66.46,FUZZY,94.12,51.35,20.0,AUTO_APPROVE,False
APP008585,APP004934,61.51,FUZZY,100.0,38.36,0.0,AUTO_APPROVE,False
APP008586,APP002109,58.88,FUZZY,62.07,79.49,20.0,AUTO_APPROVE,False
APP008587,APP000855,64.31,FUZZY,78.26,70.59,20.0,AUTO_APPROVE,False
APP008588,APP000335,81.96,FUZZY,80.0,89.86,75.0,FLAG_FOR_REVIEW,False
APP008589,APP006020,58.34,FUZZY,68.57,30.19,75.0,AUTO_APPROVE,False
APP008590,APP004103,97.0,EXACT_PHONE,97.3,100.0,100.0,AUTO_REJECT,True
APP008591,APP009557,63.94,FUZZY,65.0,54.79,75.0,AUTO_APPROVE,False
APP008592,APP007264,67.65,FUZZY,100.0,58.82,0.0,AUTO_APPROVE,False
APP008593,APP003084,58.42,FUZZY,100.0,28.07,0.0,AUTO_APPROVE,False
APP008594,APP000827,58.85,FUZZY,100.0,29.51,0.0,AUTO_APPROVE,False
APP008595,APP003942,62.0,FUZZY,100.0,40.0,0.0,AUTO_APPROVE,False
APP008596,APP007041,53.53,FUZZY,70.59,47.46,20.0,AUTO_APPROVE,False
APP008597,APP007521,62.2,FUZZY,70.0,40.68,75.0,AUTO_APPROVE,False
APP008598,APP004393,68.66,FUZZY,86.36,34.92,75.0,AUTO_APPROVE,False
APP008599,APP004969,71.9,FUZZY,61.54,87.1,75.0,AUTO_APPROVE,False
APP008600,APP009203,65.0,FUZZY,100.0,50.0,0.0,AUTO_APPROVE,False
APP008601,APP002207,66.86,FUZZY,100.0,42.86,20.0,AUTO_APPROVE,False
APP008602,APP001716,64.51,FUZZY,84.85,60.27,20.0,AUTO_APPROVE,False
APP008603,APP002092,70.44,FUZZY,100.0,54.79,20.0,AUTO_APPROVE,False
APP008604,APP000707,64.12,FUZZY,64.71,55.88,75.0,AUTO_APPROVE,False
APP008605,APP005635,71.97,FUZZY,100.0,73.24,0.0,AUTO_APPROVE,False
APP008606,APP004128,62.52,FUZZY,63.16,53.12,75.0,AUTO_APPROVE,False
APP008607,APP009250,62.2,FUZZY,100.0,40.68,0.0,AUTO_APPROVE,False
APP008608,APP000478,95.0,FUZZY,100.0,100.0,75.0,AUTO_REJECT,True
APP008609,APP001339,60.17,FUZZY,100.0,33.9,0.0,AUTO_APPROVE,False
APP008610,APP009864,63.62,FUZZY,62.86,40.62,100.0,AUTO_APPROVE,False
APP008611,APP000930,62.0,FUZZY,100.0,40.0,0.0,AUTO_APPROVE,False
APP008612,APP005550,65.47,FUZZY,88.24,57.83,20.0,AUTO_APPROVE,False
APP008613,APP000566,66.67,FUZZY,100.0,55.56,0.0,AUTO_APPROVE,False
APP008614,APP006223,65.23,FUZZY,66.67,56.34,75.0,AUTO_APPROVE,False
APP008615,APP003383,61.15,FUZZY,83.87,50.7,20.0,AUTO_APPROVE,False
APP008616,APP006519,59.02,FUZZY,41.38,61.11,100.0,AUTO_APPROVE,False
APP008617,APP000185,63.85,FUZZY,100.0,46.15,0.0,AUTO_APPROVE,False
APP008618,APP002915,60.13,FUZZY,63.16,45.16,75.0,AUTO_APPROVE,False
APP008619,APP005098,64.74,FUZZY,100.0,49.12,0.0,AUTO_APPROVE,False
APP008620,APP001460,58.77,FUZZY,31.58,76.6,100.0,AUTO_APPROVE,False
APP008621,APP005775,65.23,FUZZY,63.16,62.16,75.0,AUTO_APPROVE,False
APP008622,APP006806,52.29,FUZZY,78.57,43.33,0.0,AUTO_APPROVE,False
APP008623,APP006423,100.0,EXACT_PAN,96.77,100.0,75.0,AUTO_REJECT,True
APP008624,APP007760,59.21,FUZZY,84.85,42.62,20.0,AUTO_APPROVE,False
APP008625,APP008580,97.0,EXACT_PHONE,95.45,100.0,75.0,AUTO_REJECT,True
APP008626,APP009390,70.62,FUZZY,78.95,90.48,20.0,AUTO_APPROVE,False
APP008627,APP007870,61.32,FUZZY,100.0,37.74,0.0,AUTO_APPROVE,False
APP008628,APP006496,95.0,FUZZY,100.0,100.0,75.0,AUTO_REJECT,True
APP008629,APP009618,100.0,FUZZY,100.0,100.0,100.0,AUTO_REJECT,True
APP008630,APP000108,74.79,FUZZY,83.87,42.86,100.0,AUTO_APPROVE,False
APP008631,APP001964,59.57,FUZZY,100.0,31.88,0.0,AUTO_APPROVE,False
APP008632,APP008533,64.31,FUZZY,100.0,34.38,20.0,AUTO_APPROVE,False
APP008633,APP000341,63.2,FUZZY,64.52,53.12,75.0,AUTO_APPROVE,False
APP008634,APP005199,64.94,FUZZY,83.33,27.59,75.0,AUTO_APPROVE,False
APP008635,APP005692,65.32,FUZZY,100.0,51.06,0.0,AUTO_APPROVE,False
APP008636,APP006528,60.17,FUZZY,100.0,33.9,0.0,AUTO_APPROVE,False
APP008637,APP009781,64.17,FUZZY,100.0,33.9,20.0,AUTO_APPROVE,False
APP008638,APP007076,67.48,FUZZY,83.87,35.14,75.0,AUTO_APPROVE,False
APP008639,APP002765,65.0,FUZZY,100.0,50.0,0.0,AUTO_APPROVE,False
APP008640,APP005552,64.55,FUZZY,100.0,48.48,0.0,AUTO_APPROVE,False
APP008641,APP006286,56.22,FUZZY,61.11,72.22,20.0,AUTO_APPROVE,False
APP008642,APP009904,100.0,FUZZY,100.0,100.0,100.0,AUTO_REJECT,True
APP008643,APP000361,61.79,FUZZY,63.16,50.7,75.0,AUTO_APPROVE,False
APP008644,APP006039,64.55,FUZZY,100.0,48.48,0.0,AUTO_APPROVE,False
APP008645,APP001293,61.82,FUZZY,100.0,39.39,0.0,AUTO_APPROVE,False
APP008646,APP005624,80.0,FUZZY,100.0,100.0,0.0,FLAG_FOR_REVIEW,False
APP008647,APP003818,73.4,FUZZY,80.0,61.33,75.0,AUTO_APPROVE,False
APP008648,APP006038,93.48,FUZZY,96.97,100.0,75.0,AUTO_REJECT,True
APP008649,APP001807,100.0,EXACT_PAN,94.12,100.0,75.0,AUTO_REJECT,True
APP008650,APP003968,59.09,FUZZY,100.0,30.3,0.0,AUTO_APPROVE,False
APP008651,APP005030,63.55,FUZZY,100.0,45.16,0.0,AUTO_APPROVE,False
APP008652,APP003519,97.0,EXACT_PHONE,96.77,100.0,75.0,AUTO_REJECT,True
APP008653,APP005028,63.58,FUZZY,100.0,45.28,0.0,AUTO_APPROVE,False
APP008654,APP005666,76.41,FUZZY,66.67,76.92,100.0,AUTO_APPROVE,False
APP008655,APP008621,59.84,FUZZY,100.0,32.79,0.0,AUTO_APPROVE,False
APP008656,APP008919,61.47,FUZZY,100.0,38.24,0.0,AUTO_APPROVE,False
APP008657,APP009697,69.8,FUZZY,75.0,94.34,20.0,AUTO_APPROVE,False
APP008658,APP000053,69.62,FUZZY,100.0,52.05,20.0,AUTO_APPROVE,False
APP008659,APP007492,50.07,FUZZY,57.14,58.33,20.0,AUTO_APPROVE,False
APP008660,APP000158,62.08,FUZZY,47.37,61.33,100.0,AUTO_APPROVE,False
APP008661,APP008332,77.54,FUZZY,100.0,41.79,75.0,AUTO_APPROVE,False
APP008662,APP003704,63.04,FUZZY,100.0,43.48,0.0,AUTO_APPROVE,False
APP008663,APP006885,67.41,FUZZY,85.71,68.49,20.0,AUTO_APPROVE,False
APP008664,,0.0,NO_MATCH,0.0,0.0,0.0,AUTO_APPROVE,False
APP008665,APP001095,65.83,FUZZY,100.0,39.44,20.0,AUTO_APPROVE,False
APP008666,APP003054,69.53,FUZZY,74.29,57.97,75.0,AUTO_APPROVE,False
APP008667,APP002870,64.44,FUZZY,100.0,48.15,0.0,AUTO_APPROVE,False
APP008668,APP005067,72.44,FUZZY,72.0,54.79,100.0,AUTO_APPROVE,False
APP008669,APP007891,55.83,FUZZY,64.52,28.57,75.0,AUTO_APPROVE,False
APP008670,APP000449,60.18,FUZZY,59.46,51.52,75.0,AUTO_APPROVE,False
APP008671,APP005108,100.0,EXACT_PAN,93.75,100.0,75.0,AUTO_REJECT,True
APP008672,APP002969,100.0,FUZZY,100.0,100.0,100.0,AUTO_REJECT,True
APP008673,APP005068,97.0,EXACT_PHONE,97.14,100.0,100.0,AUTO_REJECT,True
APP008674,APP003783,64.77,FUZZY,100.0,49.23,0.0,AUTO_APPROVE,False
APP008675,APP005218,70.06,FUZZY,85.71,77.33,20.0,AUTO_APPROVE,False
APP008676,APP003084,57.63,FUZZY,57.14,46.88,75.0,AUTO_APPROVE,False
APP008677,APP001849,91.51,FUZZY,93.02,100.0,75.0,FLAG_FOR_REVIEW,True
APP008678,APP002087,53.33,FUZZY,63.16,59.15,20.0,AUTO_APPROVE,False
APP008679,APP007716,100.0,FUZZY,100.0,100.0,100.0,AUTO_REJECT,True
APP008680,APP001857,98.0,FUZZY,96.0,100.0,100.0,AUTO_REJECT,True
APP008681,APP007254,67.17,FUZZY,70.59,56.25,75.0,AUTO_APPROVE,False
APP008682,APP009953,63.12,FUZZY,69.57,44.44,75.0,AUTO_APPROVE,False
APP008683,APP000348,69.02,FUZZY,100.0,63.41,0.0,AUTO_APPROVE,False
APP008684,APP007658,63.85,FUZZY,100.0,46.15,0.0,AUTO_APPROVE,False
APP008685,APP007843,95.0,FUZZY,100.0,100.0,75.0,AUTO_REJECT,True
APP008686,APP008155,68.46,FUZZY,76.92,100.0,0.0,AUTO_APPROVE,False
APP008687,APP006190,62.57,FUZZY,80.0,61.9,20.0,AUTO_APPROVE,False
APP008688,APP002692,72.11,FUZZY,100.0,73.68,0.0,AUTO_APPROVE,False
APP008689,APP009712,59.28,FUZZY,78.79,52.94,20.0,AUTO_APPROVE,False
APP008690,APP003383,64.57,FUZZY,100.0,48.57,0.0,AUTO_APPROVE,False
APP008691,APP005257,52.96,FUZZY,59.46,64.1,20.0,AUTO_APPROVE,False
APP008692,APP005475,97.0,EXACT_PHONE,100.0,100.0,100.0,AUTO_REJECT,True
APP008693,APP000645,69.03,FUZZY,81.48,80.95,20.0,AUTO_APPROVE,False
APP008694,APP006107,59.12,FUZZY,60.61,36.07,90.0,AUTO_APPROVE,False
APP008695,APP007867,52.89,FUZZY,66.67,51.85,20.0,AUTO_APPROVE,False
APP008696,APP000010,64.17,FUZZY,100.0,47.22,0.0,AUTO_APPROVE,False
APP008697,,0.0,NO_MATCH,0.0,0.0,0.0,AUTO_APPROVE,False
APP008698,APP005536,55.73,FUZZY,66.67,61.33,20.0,AUTO_APPROVE,False
APP008699,APP006348,72.29,FUZZY,100.0,74.29,0.0,AUTO_APPROVE,False
APP008700,APP009970,56.15,FUZZY,60.0,73.85,20.0,AUTO_APPROVE,False
APP008701,APP003078,56.9,FUZZY,62.86,34.92,75.0,AUTO_APPROVE,False
APP008702,APP006175,57.51,FUZZY,72.73,57.14,20.0,AUTO_APPROVE,False
APP008703,APP007849,62.97,FUZZY,100.0,43.24,0.0,AUTO_APPROVE,False
APP008704,APP009077,67.14,FUZZY,66.67,62.69,75.0,AUTO_APPROVE,False
APP008705,APP008142,58.94,FUZZY,100.0,29.79,0.0,AUTO_APPROVE,False
APP008706,APP004415,91.67,FUZZY,93.33,100.0,75.0,FLAG_FOR_REVIEW,True
APP008707,APP003222,94.88,FUZZY,93.75,100.0,90.0,AUTO_REJECT,True
APP008708,APP009583,69.09,FUZZY,100.0,63.64,0.0,AUTO_APPROVE,False
APP008709,APP006322,70.41,FUZZY,58.82,70.0,100.0,AUTO_APPROVE,False
APP008710,APP001529,60.24,FUZZY,84.85,59.38,0.0,AUTO_APPROVE,False
APP008711,APP000425,66.25,FUZZY,80.0,37.5,75.0,AUTO_APPROVE,False
APP008712,APP001763,73.27,FUZZY,100.0,77.55,0.0,AUTO_APPROVE,False
APP008713,APP005357,63.15,FUZZY,100.0,43.84,0.0,AUTO_APPROVE,False
APP008714,APP001663,50.79,FUZZY,82.76,31.37,0.0,AUTO_APPROVE,False
APP008715,APP009781,58.33,FUZZY,64.52,36.92,75.0,AUTO_APPROVE,False
APP008716,APP009601,95.0,FUZZY,100.0,100.0,75.0,AUTO_REJECT,True
APP008717,APP009567,91.15,FUZZY,92.31,100.0,75.0,FLAG_FOR_REVIEW,True
APP008718,APP005527,57.7,FUZZY,78.26,48.57,20.0,AUTO_APPROVE,False
APP008719,APP009316,97.0,EXACT_PHONE,97.3,100.0,100.0,AUTO_REJECT,True
APP008720,APP000795,68.37,FUZZY,61.11,59.38,100.0,AUTO_APPROVE,False
APP008721,APP008692,60.75,FUZZY,100.0,35.82,0.0,AUTO_APPROVE,False
APP008722,APP004593,95.37,FUZZY,94.74,100.0,90.0,AUTO_REJECT,True
APP008723,APP002878,65.22,FUZZY,100.0,50.75,0.0,AUTO_APPROVE,False
APP008724,APP000477,72.11,FUZZY,100.0,73.68,0.0,AUTO_APPROVE,False
APP008725,APP004451,70.6,FUZZY,100.0,55.32,20.0,AUTO_APPROVE,False
APP008726,APP008450,62.21,FUZZY,81.48,58.23,20.0,AUTO_APPROVE,False
APP008727,APP005649,64.77,FUZZY,100.0,49.23,0.0,AUTO_APPROVE,False
APP008728,APP003789,65.12,FUZZY,63.16,61.82,75.0,AUTO_APPROVE,False
APP008729,APP008298,65.64,FUZZY,100.0,38.81,20.0,AUTO_APPROVE,False
APP008730,APP003300,95.83,FUZZY,91.67,100.0,100.0,AUTO_REJECT,True
APP008731,APP000842,66.52,FUZZY,100.0,55.07,0.0,AUTO_APPROVE,False
APP008732,APP000441,68.79,FUZZY,65.0,70.97,75.0,AUTO_APPROVE,False
APP008733,APP007265,59.8,FUZZY,69.23,33.96,75.0,AUTO_APPROVE,False
APP008734,,0.0,NO_MATCH,0.0,0.0,0.0,AUTO_APPROVE,False
APP008735,APP001788,62.31,FUZZY,100.0,41.03,0.0,AUTO_APPROVE,False
APP008736,APP003615,66.68,FUZZY,68.29,58.46,75.0,AUTO_APPROVE,False
APP008737,APP009641,55.95,FUZZY,81.08,51.35,0.0,AUTO_APPROVE,False
APP008738,APP009774,72.84,FUZZY,77.42,63.77,75.0,AUTO_APPROVE,False
APP008739,APP002122,59.68,FUZZY,62.5,44.78,75.0,AUTO_APPROVE,False
APP008740,APP007966,69.87,FUZZY,66.67,71.79,75.0,AUTO_APPROVE,False
APP008741,APP003463,71.69,FUZZY,100.0,58.97,20.0,AUTO_APPROVE,False
APP008742,APP003651,61.8,FUZZY,64.86,47.89,75.0,AUTO_APPROVE,False
APP008743,APP005801,52.73,FUZZY,36.36,48.48,100.0,AUTO_APPROVE,False
APP008744,APP005278,54.64,FUZZY,42.11,45.28,100.0,AUTO_APPROVE,False
APP008745,APP001911,58.04,FUZZY,62.5,39.29,75.0,AUTO_APPROVE,False
APP008746,APP007748,68.0,FUZZY,100.0,60.0,0.0,AUTO_APPROVE,False
APP008747,APP006140,100.0,EXACT_PAN,94.12,100.0,90.0,AUTO_REJECT,True
APP008748,APP006950,100.0,EXACT_PAN,97.14,100.0,75.0,AUTO_REJECT,True
APP008749,APP008590,56.56,FUZZY,54.55,47.62,75.0,AUTO_APPROVE,False
APP008750,APP006222,71.22,FUZZY,81.48,51.61,75.0,AUTO_APPROVE,False
APP008751,APP008886,56.04,FUZZY,54.55,45.9,75.0,AUTO_APPROVE,False
APP008752,APP003780,64.37,FUZZY,100.0,47.89,0.0,AUTO_APPROVE,False
APP008753,APP009374,100.0,EXACT_PAN,95.45,100.0,100.0,AUTO_REJECT,True
APP008754,APP003259,97.0,EXACT_PHONE,93.75,100.0,100.0,AUTO_REJECT,True
APP008755,APP004857,63.12,FUZZY,100.0,43.75,0.0,AUTO_APPROVE,False
APP008756,APP002726,59.23,FUZZY,100.0,30.77,0.0,AUTO_APPROVE,False
APP008757,APP001499,54.03,FUZZY,56.25,36.36,75.0,AUTO_APPROVE,False
APP008758,APP002079,62.69,FUZZY,100.0,42.31,0.0,AUTO_APPROVE,False
APP008759,APP002289,97.0,EXACT_PHONE,100.0,100.0,100.0,AUTO_REJECT,True
APP008760,APP002820,66.98,FUZZY,80.0,76.6,20.0,AUTO_APPROVE,False
APP008761,APP000310,61.58,FUZZY,63.16,50.0,75.0,AUTO_APPROVE,False
APP008762,APP009814,62.2,FUZZY,100.0,40.68,0.0,AUTO_APPROVE,False
APP008763,APP001782,62.81,FUZZY,83.87,56.25,20.0,AUTO_APPROVE,False
APP008764,APP002642,57.45,FUZZY,62.5,37.33,75.0,AUTO_APPROVE,False
APP008765,APP009330,68.57,FUZZY,100.0,61.9,0.0,AUTO_APPROVE,False
APP008766,APP008895,56.86,FUZZY,85.71,46.67,0.0,AUTO_APPROVE,False
APP008767,APP007105,65.25,FUZZY,100.0,50.85,0.0,AUTO_APPROVE,False
APP008768,APP003404,70.53,FUZZY,100.0,68.42,0.0,AUTO_APPROVE,False
APP008769,APP005061,59.41,FUZZY,66.67,36.92,75.0,AUTO_APPROVE,False
APP008770,APP006961,63.68,FUZZY,100.0,45.61,0.0,AUTO_APPROVE,False
APP008771,APP009177,68.84,FUZZY,52.94,74.58,100.0,AUTO_APPROVE,False
APP008772,APP003594,56.81,FUZZY,59.46,76.92,20.0,AUTO_APPROVE,False
APP008773,APP001998,57.42,FUZZY,42.11,54.55,100.0,AUTO_APPROVE,False
APP008774,APP009180,63.77,FUZZY,100.0,45.9,0.0,AUTO_APPROVE,False
APP008775,APP004332,56.21,FUZZY,60.61,36.36,75.0,AUTO_APPROVE,False
APP008776,APP005865,68.61,FUZZY,85.0,73.68,20.0,AUTO_APPROVE,False
APP008777,APP004467,54.14,FUZZY,78.79,35.82,20.0,AUTO_APPROVE,False
APP008778,APP004915,67.21,FUZZY,92.68,69.57,0.0,AUTO_APPROVE,False
APP008779,APP009625,63.12,FUZZY,100.0,43.75,0.0,AUTO_APPROVE,False
APP008780,APP006514,69.17,FUZZY,70.97,45.61,100.0,AUTO_APPROVE,False
APP008781,APP006534,58.41,FUZZY,60.0,81.36,20.0,AUTO_APPROVE,False
APP008782,APP002634,63.64,FUZZY,51.43,59.74,100.0,AUTO_APPROVE,False
APP008783,APP004920,100.0,EXACT_PAN,94.44,100.0,75.0,AUTO_REJECT,True
APP008784,APP006997,95.0,FUZZY,100.0,100.0,75.0,AUTO_REJECT,True
APP008785,APP007961,65.69,FUZZY,100.0,52.31,0.0,AUTO_APPROVE,False
APP008786,APP003621,64.57,FUZZY,100.0,48.57,0.0,AUTO_APPROVE,False
APP008787,APP001715,66.36,FUZZY,100.0,54.55,0.0,AUTO_APPROVE,False
APP008788,APP006359,100.0,EXACT_PAN,100.0,100.0,100.0,AUTO_REJECT,True
APP008789,APP001787,69.41,FUZZY,100.0,64.71,0.0,AUTO_APPROVE,False
APP008790,APP003987,59.07,FUZZY,80.95,61.97,0.0,AUTO_APPROVE,False
APP008791,APP006563,95.83,FUZZY,91.67,100.0,100.0,AUTO_REJECT,True
APP008792,APP000253,67.79,FUZZY,65.0,67.65,75.0,AUTO_APPROVE,False
APP008793,APP003776,62.41,FUZZY,73.33,72.46,20.0,AUTO_APPROVE,False
APP008794,APP009473,64.72,FUZZY,70.0,49.06,75.0,AUTO_APPROVE,False
APP008795,APP000567,63.6,FUZZY,76.92,33.8,75.0,AUTO_APPROVE,False
APP008796,APP001256,78.77,FUZZY,100.0,45.9,75.0,AUTO_APPROVE,False
APP008797,APP002018,100.0,EXACT_PAN,100.0,100.0,75.0,AUTO_REJECT,True
APP008798,APP001722,94.17,FUZZY,88.33,100.0,100.0,AUTO_REJECT,True
APP008799,APP001425,61.4,FUZZY,63.16,32.73,100.0,AUTO_APPROVE,False
APP008800,APP002584,63.84,FUZZY,100.0,32.79,20.0,AUTO_APPROVE,False
APP008801,APP007208,68.76,FUZZY,78.79,47.89,75.0,AUTO_APPROVE,False
APP008802,APP009706,100.0,EXACT_PAN,92.86,100.0,100.0,AUTO_REJECT,True
APP008803,APP003892,75.14,FUZZY,90.0,33.8,100.0,AUTO_APPROVE,True
APP008804,APP005307,65.29,FUZZY,70.59,100.0,0.0,AUTO_APPROVE,False
APP008805,APP003601,96.72,FUZZY,97.44,100.0,90.0,AUTO_REJECT,True
APP008806,APP005421,100.0,EXACT_PAN,100.0,100.0,100.0,AUTO_REJECT,True
APP008807,APP005529,53.89,FUZZY,70.59,48.65,20.0,AUTO_APPROVE,False
APP008808,APP006328,61.2,FUZZY,100.0,37.33,0.0,AUTO_APPROVE,False
APP008809,APP009867,64.33,FUZZY,100.0,47.76,0.0,AUTO_APPROVE,False
APP008810,APP004651,57.36,FUZZY,77.42,62.16,0.0,AUTO_APPROVE,False
APP008811,APP008057,67.29,FUZZY,78.57,80.0,20.0,AUTO_APPROVE,False
APP008812,APP003613,70.25,FUZZY,100.0,67.5,0.0,AUTO_APPROVE,False
APP008813,APP004661,57.89,FUZZY,62.5,75.47,20.0,AUTO_APPROVE,False
APP008814,APP002235,58.16,FUZZY,62.5,76.36,20.0,AUTO_APPROVE,False
APP008815,APP002101,60.75,FUZZY,100.0,35.82,0.0,AUTO_APPROVE,False
APP008816,APP004928,98.28,FUZZY,96.55,100.0,100.0,AUTO_REJECT,True
APP008817,APP001452,69.09,FUZZY,100.0,63.64,0.0,AUTO_APPROVE,False
APP008818,APP000903,60.29,FUZZY,100.0,34.29,0.0,AUTO_APPROVE,False
APP008819,APP008796,66.77,FUZZY,100.0,42.55,20.0,AUTO_APPROVE,False
APP008820,APP009933,64.48,FUZZY,68.97,100.0,0.0,AUTO_APPROVE,False
APP008821,APP001919,66.29,FUZZY,100.0,54.29,0.0,AUTO_APPROVE,False
APP008822,APP004345,71.0,FUZZY,100.0,70.0,0.0,AUTO_APPROVE,False
APP008823,APP004989,60.14,FUZZY,75.0,25.45,75.0,AUTO_APPROVE,False
APP008824,APP000086,68.53,FUZZY,100.0,61.76,0.0,AUTO_APPROVE,False
APP008825,APP001839,61.95,FUZZY,40.0,73.17,100.0,AUTO_APPROVE,False
APP008826,APP007239,70.53,FUZZY,100.0,68.42,0.0,AUTO_APPROVE,False
APP008827,APP002888,70.0,FUZZY,100.0,53.33,20.0,AUTO_APPROVE,False
APP008828,APP009441,56.95,FUZZY,75.0,51.52,20.0,AUTO_APPROVE,False
APP008829,APP006095,58.33,FUZZY,66.67,33.33,75.0,AUTO_APPROVE,False
APP008830,APP007474,76.51,FUZZY,78.57,74.07,75.0,AUTO_APPROVE,False
APP008831,APP009613,72.14,FUZZY,58.82,75.76,100.0,AUTO_APPROVE,False
APP008832,APP007420,66.29,FUZZY,59.46,71.88,75.0,AUTO_APPROVE,False
APP008833,APP002446,98.0,FUZZY,100.0,100.0,90.0,AUTO_REJECT,True
APP008834,APP004902,67.08,FUZZY,77.78,80.65,20.0,AUTO_APPROVE,False
APP008835,APP004854,63.33,FUZZY,66.67,100.0,0.0,AUTO_APPROVE,False
APP008836,APP003183,100.0,EXACT_PAN,96.55,100.0,100.0,AUTO_REJECT,True
APP008837,APP002784,100.0,FUZZY,100.0,100.0,100.0,AUTO_REJECT,True
APP008838,APP008853,66.36,FUZZY,72.73,100.0,0.0,AUTO_APPROVE,False
APP008839,APP004110,62.54,FUZZY,100.0,41.79,0.0,AUTO_APPROVE,False
APP008840,APP004361,54.0,FUZZY,57.14,71.43,20.0,AUTO_APPROVE,False
APP008841,APP007499,67.5,FUZZY,100.0,58.33,0.0,AUTO_APPROVE,False
APP008842,APP002110,67.56,FUZZY,100.0,58.54,0.0,AUTO_APPROVE,False
APP008843,APP005588,63.6,FUZZY,100.0,45.33,0.0,AUTO_APPROVE,False
APP008844,APP005810,71.96,FUZZY,75.0,64.86,75.0,AUTO_APPROVE,False
APP008845,APP003012,97.0,EXACT_PHONE,94.74,100.0,100.0,AUTO_REJECT,True
APP008846,APP001239,64.27,FUZZY,92.31,47.06,20.0,AUTO_APPROVE,False
APP008847,APP007359,50.93,FUZZY,66.67,45.33,20.0,AUTO_APPROVE,False
APP008848,APP002802,71.9,FUZZY,87.8,80.0,20.0,AUTO_APPROVE,False
APP008849,APP002887,55.1,FUZZY,83.33,44.78,0.0,AUTO_APPROVE,False
APP008850,APP003098,66.0,FUZZY,100.0,40.0,20.0,AUTO_APPROVE,False
APP008851,APP004272,66.76,FUZZY,100.0,55.88,0.0,AUTO_APPROVE,False
APP008852,APP006041,54.25,FUZZY,59.26,68.75,20.0,AUTO_APPROVE,False
APP008853,APP008838,66.36,FUZZY,72.73,100.0,0.0,AUTO_APPROVE,False
APP008854,APP001731,60.18,FUZZY,82.35,50.0,20.0,AUTO_APPROVE,False
APP008855,APP004109,66.31,FUZZY,56.25,60.61,100.0,AUTO_APPROVE,False
APP008856,APP003930,64.17,FUZZY,100.0,47.22,0.0,AUTO_APPROVE,False
APP008857,APP004860,70.4,FUZZY,71.79,65.0,75.0,AUTO_APPROVE,False
APP008858,APP008353,58.64,FUZZY,78.57,64.52,0.0,AUTO_APPROVE,False
APP008859,APP002360,69.5,FUZZY,100.0,65.0,0.0,AUTO_APPROVE,False
APP008860,APP008106,67.27,FUZZY,100.0,57.58,0.0,AUTO_APPROVE,False
APP008861,APP007605,60.0,FUZZY,100.0,33.33,0.0,AUTO_APPROVE,False
APP008862,APP009428,71.01,FUZZY,70.97,68.42,75.0,AUTO_APPROVE,False
APP008863,APP000602,97.0,EXACT_PHONE,100.0,100.0,75.0,AUTO_REJECT,True
APP008864,APP008536,58.62,FUZZY,50.0,62.07,75.0,AUTO_APPROVE,False
APP008865,APP002138,63.59,FUZZY,76.92,33.77,75.0,AUTO_APPROVE,False
APP008866,APP003163,58.53,FUZZY,58.82,47.06,75.0,AUTO_APPROVE,False
APP008867,APP006493,67.42,FUZZY,100.0,58.06,0.0,AUTO_APPROVE,False
APP008868,APP003557,93.48,FUZZY,96.97,100.0,75.0,AUTO_REJECT,True
APP008869,APP003666,65.33,FUZZY,59.46,68.66,75.0,AUTO_APPROVE,False
APP008870,APP007788,67.43,FUZZY,62.86,53.33,100.0,AUTO_APPROVE,False
APP008871,APP001122,64.14,FUZZY,78.57,32.84,75.0,AUTO_APPROVE,False
APP008872,APP009056,51.8,FUZZY,68.42,45.28,20.0,AUTO_APPROVE,False
APP008873,APP007109,59.85,FUZZY,100.0,32.84,0.0,AUTO_APPROVE,False
APP008874,APP000424,68.29,FUZZY,100.0,47.62,20.0,AUTO_APPROVE,False
APP008875,APP001395,100.0,FUZZY,100.0,100.0,100.0,AUTO_REJECT,True
APP008876,APP007362,65.59,FUZZY,88.89,57.14,20.0,AUTO_APPROVE,False
APP008877,APP007333,66.17,FUZZY,100.0,40.58,20.0,AUTO_APPROVE,False
APP008878,APP009331,53.93,FUZZY,66.67,55.32,20.0,AUTO_APPROVE,False
APP008879,APP006340,59.72,FUZZY,76.92,57.53,20.0,AUTO_APPROVE,False
APP008880,APP001767,62.57,FUZZY,66.67,47.46,75.0,AUTO_APPROVE,False
APP008881,APP006263,66.65,FUZZY,57.14,76.92,75.0,AUTO_APPROVE,False
APP008882,APP006476,54.54,FUZZY,57.89,35.29,75.0,AUTO_APPROVE,False
APP008883,APP002730,62.27,FUZZY,58.54,60.0,75.0,AUTO_APPROVE,False
APP008884,APP001828,100.0,FUZZY,100.0,100.0,100.0,AUTO_REJECT,True
APP008885,APP007262,54.03,FUZZY,68.75,52.17,20.0,AUTO_APPROVE,False
APP008886,APP002785,65.82,FUZZY,100.0,39.39,20.0,AUTO_APPROVE,False
APP008887,APP004645,55.72,FUZZY,64.52,64.86,20.0,AUTO_APPROVE,False
APP008888,APP003862,100.0,FUZZY,100.0,100.0,100.0,AUTO_REJECT,True
APP008889,APP006456,56.26,FUZZY,64.52,66.67,20.0,AUTO_APPROVE,False
APP008890,APP003352,61.7,FUZZY,84.85,50.91,20.0,AUTO_APPROVE,False
APP008891,APP002691,57.47,FUZZY,55.0,86.57,20.0,AUTO_APPROVE,False
APP008892,APP002189,67.81,FUZZY,86.49,68.57,20.0,AUTO_APPROVE,False
APP008893,APP007724,67.25,FUZZY,100.0,57.5,0.0,AUTO_APPROVE,False
APP008894,APP004150,95.0,FUZZY,100.0,100.0,75.0,AUTO_REJECT,True
APP008895,APP000303,60.24,FUZZY,66.67,76.36,20.0,AUTO_APPROVE,False
APP008896,APP000979,60.81,FUZZY,82.76,51.43,20.0,AUTO_APPROVE,False
APP008897,APP003339,71.67,FUZZY,60.0,72.22,100.0,AUTO_APPROVE,False
APP008898,APP003646,78.52,FUZZY,100.0,95.08,0.0,AUTO_APPROVE,False
APP008899,APP006232,61.61,FUZZY,100.0,38.71,0.0,AUTO_APPROVE,False
APP008900,APP000860,97.0,EXACT_PHONE,97.44,100.0,100.0,AUTO_REJECT,True
APP008901,APP007063,65.91,FUZZY,63.16,47.76,100.0,AUTO_APPROVE,False
APP008902,APP004378,64.46,FUZZY,82.05,64.79,20.0,AUTO_APPROVE,False
APP008903,APP001590,100.0,EXACT_PAN,97.14,100.0,100.0,AUTO_REJECT,True
APP008904,APP002858,63.64,FUZZY,82.35,61.54,20.0,AUTO_APPROVE,False
APP008905,APP009606,68.03,FUZZY,66.67,65.67,75.0,AUTO_APPROVE,False
APP008906,APP002410,52.46,FUZZY,57.14,29.63,75.0,AUTO_APPROVE,False
APP008907,APP006550,63.78,FUZZY,82.76,61.33,20.0,AUTO_APPROVE,False
APP008908,APP000659,50.26,FUZZY,57.89,57.69,20.0,AUTO_APPROVE,False
APP008909,APP007329,69.44,FUZZY,100.0,64.79,0.0,AUTO_APPROVE,False
APP008910,APP008668,59.84,FUZZY,100.0,32.79,0.0,AUTO_APPROVE,False
APP008911,APP001276,65.92,FUZZY,100.0,53.06,0.0,AUTO_APPROVE,False
APP008912,APP005464,65.69,FUZZY,100.0,52.31,0.0,AUTO_APPROVE,False
APP008913,APP003758,63.25,FUZZY,64.86,36.07,100.0,AUTO_APPROVE,False
APP008914,APP002744,60.1,FUZZY,37.84,70.59,100.0,AUTO_APPROVE,False
APP008915,APP001993,56.29,FUZZY,75.0,49.32,20.0,AUTO_APPROVE,False
APP008916,APP000304,68.65,FUZZY,100.0,62.16,0.0,AUTO_APPROVE,False
APP008917,APP006849,63.82,FUZZY,84.85,57.97,20.0,AUTO_APPROVE,False
APP008918,APP003826,66.47,FUZZY,100.0,54.9,0.0,AUTO_APPROVE,False
APP008919,APP008656,61.47,FUZZY,100.0,38.24,0.0,AUTO_APPROVE,False
APP008920,APP003483,66.62,FUZZY,100.0,55.38,0.0,AUTO_APPROVE,False
APP008921,APP002328,56.71,FUZZY,78.95,44.12,20.0,AUTO_APPROVE,False
APP008922,APP004905,62.58,FUZZY,100.0,41.94,0.0,AUTO_APPROVE,False
APP008923,APP008939,62.58,FUZZY,84.85,53.85,20.0,AUTO_APPROVE,False
APP008924,APP000618,95.0,FUZZY,100.0,100.0,75.0,AUTO_REJECT,True
APP008925,APP000691,100.0,EXACT_PAN,100.0,100.0,100.0,AUTO_REJECT,True
APP008926,APP005355,63.77,FUZZY,100.0,45.9,0.0,AUTO_APPROVE,False
APP008927,APP005307,59.85,FUZZY,100.0,32.84,0.0,AUTO_APPROVE,False
APP008928,APP000696,98.0,FUZZY,100.0,100.0,90.0,AUTO_REJECT,True
APP008929,APP003722,70.62,FUZZY,100.0,68.75,0.0,AUTO_APPROVE,False
APP008930,APP009876,60.56,FUZZY,84.62,47.5,20.0,AUTO_APPROVE,False
APP008931,APP004891,71.27,FUZZY,100.0,57.58,20.0,AUTO_APPROVE,False
APP008932,APP007276,68.8,FUZZY,84.85,37.93,75.0,AUTO_APPROVE,False
APP008933,APP005566,71.23,FUZZY,100.0,70.77,0.0,AUTO_APPROVE,False
APP008934,APP006305,66.44,FUZZY,100.0,54.79,0.0,AUTO_APPROVE,False
APP008935,APP000017,59.08,FUZZY,56.0,36.92,100.0,AUTO_APPROVE,False
APP008936,APP009550,57.31,FUZZY,84.62,50.0,0.0,AUTO_APPROVE,False
APP008937,APP000829,60.61,FUZZY,70.59,71.05,20.0,AUTO_APPROVE,False
APP008938,APP000577,54.38,FUZZY,61.11,29.41,75.0,AUTO_APPROVE,False
APP008939,APP008923,62.58,FUZZY,84.85,53.85,20.0,AUTO_APPROVE,False
APP008940,APP008184,64.69,FUZZY,100.0,48.98,0.0,AUTO_APPROVE,False
APP008941,APP006508,97.0,EXACT_PHONE,94.74,100.0,75.0,AUTO_REJECT,True
APP008942,APP007865,66.48,FUZZY,72.0,51.61,75.0,AUTO_APPROVE,False
APP008943,APP002800,67.48,FUZZY,58.54,60.71,100.0,AUTO_APPROVE,False
APP008944,APP004022,68.77,FUZZY,80.0,45.9,75.0,AUTO_APPROVE,False
APP008945,APP003297,63.85,FUZZY,100.0,46.15,0.0,AUTO_APPROVE,False
APP008946,APP005414,64.72,FUZZY,100.0,49.06,0.0,AUTO_APPROVE,False
APP008947,APP003210,61.56,FUZZY,59.26,93.1,20.0,AUTO_APPROVE,False
APP008948,APP001798,98.48,FUZZY,96.97,100.0,100.0,AUTO_REJECT,True
APP008949,APP008265,95.71,FUZZY,91.43,100.0,100.0,AUTO_REJECT,True
APP008950,APP002300,57.66,FUZZY,45.71,49.35,100.0,AUTO_APPROVE,False
APP008951,APP005713,58.33,FUZZY,57.14,49.18,75.0,AUTO_APPROVE,False
APP008952,APP006441,100.0,FUZZY,100.0,100.0,100.0,AUTO_REJECT,True
APP008953,APP003836,61.25,FUZZY,100.0,37.5,0.0,AUTO_APPROVE,False
APP008954,APP002839,66.68,FUZZY,72.73,51.06,75.0,AUTO_APPROVE,False
APP008955,APP004754,64.17,FUZZY,88.24,53.52,20.0,AUTO_APPROVE,False
APP008956,APP006294,65.15,FUZZY,66.67,39.39,100.0,AUTO_APPROVE,False
APP008957,APP005627,69.48,FUZZY,100.0,64.94,0.0,AUTO_APPROVE,False
APP008958,APP008848,71.54,FUZZY,78.79,57.14,75.0,AUTO_APPROVE,False
APP008959,APP002640,69.37,FUZZY,80.0,47.89,75.0,AUTO_APPROVE,False
APP008960,APP002497,58.57,FUZZY,100.0,28.57,0.0,AUTO_APPROVE,False
APP008961,APP006943,65.18,FUZZY,90.91,65.75,0.0,AUTO_APPROVE,False
APP008962,APP007622,66.36,FUZZY,100.0,54.55,0.0,AUTO_APPROVE,False
APP008963,APP003127,60.27,FUZZY,78.26,57.14,20.0,AUTO_APPROVE,False
APP008964,APP003612,63.33,FUZZY,66.67,100.0,0.0,AUTO_APPROVE,False
APP008965,APP003614,59.31,FUZZY,81.48,48.57,20.0,AUTO_APPROVE,False
APP008966,APP005402,59.71,FUZZY,100.0,32.35,0.0,AUTO_APPROVE,False
APP008967,APP003225,100.0,EXACT_PAN,94.12,100.0,100.0,AUTO_REJECT,True
APP008968,APP002252,65.85,FUZZY,100.0,52.83,0.0,AUTO_APPROVE,False
APP008969,APP006307,72.11,FUZZY,100.0,73.68,0.0,AUTO_APPROVE,False
APP008970,APP006813,67.09,FUZZY,83.87,33.85,75.0,AUTO_APPROVE,False
APP008971,APP000737,100.0,EXACT_PAN,100.0,100.0,90.0,AUTO_REJECT,True
APP008972,APP007170,54.85,FUZZY,50.0,32.84,100.0,AUTO_APPROVE,False
APP008973,APP003419,61.06,FUZZY,66.67,42.42,75.0,AUTO_APPROVE,False
APP008974,APP009686,61.43,FUZZY,100.0,38.1,0.0,AUTO_APPROVE,False
APP008975,,0.0,NO_MATCH,0.0,0.0,0.0,AUTO_APPROVE,False
APP008976,APP005177,97.06,FUZZY,94.12,100.0,100.0,AUTO_REJECT,True
APP008977,APP007747,66.06,FUZZY,74.07,46.75,75.0,AUTO_APPROVE,False
APP008978,APP003596,60.19,FUZZY,100.0,33.96,0.0,AUTO_APPROVE,False
APP008979,APP005250,63.59,FUZZY,66.67,50.85,75.0,AUTO_APPROVE,False
APP008980,APP004171,57.58,FUZZY,63.16,36.67,75.0,AUTO_APPROVE,False
APP008981,APP007962,58.86,FUZZY,81.25,47.46,20.0,AUTO_APPROVE,False
APP008982,APP000020,63.75,FUZZY,30.77,94.55,100.0,AUTO_APPROVE,False
APP008983,APP007451,62.91,FUZZY,100.0,43.04,0.0,AUTO_APPROVE,False
APP008984,APP006419,83.2,FUZZY,100.0,44.0,100.0,FLAG_FOR_REVIEW,True
APP008985,APP006988,63.24,FUZZY,100.0,44.12,0.0,AUTO_APPROVE,False
APP008986,APP006890,72.04,FUZZY,77.42,61.11,75.0,AUTO_APPROVE,False
APP008987,APP008843,55.39,FUZZY,73.68,48.48,20.0,AUTO_APPROVE,False
APP008988,APP002596,59.51,FUZZY,78.79,53.73,20.0,AUTO_APPROVE,False
APP008989,APP000495,77.15,FUZZY,84.85,65.75,75.0,AUTO_APPROVE,False
APP008990,APP007177,58.57,FUZZY,57.14,100.0,0.0,AUTO_APPROVE,False
APP008991,APP008490,68.14,FUZZY,100.0,60.47,0.0,AUTO_APPROVE,False
APP008992,APP003447,62.03,FUZZY,76.92,65.22,20.0,AUTO_APPROVE,False
APP008993,APP001865,72.62,FUZZY,81.48,56.25,75.0,AUTO_APPROVE,False
APP008994,APP006715,53.46,FUZZY,61.54,62.3,20.0,AUTO_APPROVE,False
APP008995,APP000572,90.83,FUZZY,91.67,100.0,75.0,FLAG_FOR_REVIEW,True
APP008996,APP002333,75.24,FUZZY,86.49,56.67,75.0,AUTO_APPROVE,False
APP008997,APP002806,58.93,FUZZY,63.16,41.18,75.0,AUTO_APPROVE,False
APP008998,APP008420,57.26,FUZZY,76.47,63.41,0.0,AUTO_APPROVE,False
APP008999,APP004912,59.85,FUZZY,100.0,32.84,0.0,AUTO_APPROVE,False
APP009000,APP002996,60.75,FUZZY,100.0,35.82,0.0,AUTO_APPROVE,False
APP009001,APP001020,52.95,FUZZY,56.41,69.14,20.0,AUTO_APPROVE,False
APP009002,APP002193,97.0,EXACT_PHONE,96.77,100.0,75.0,AUTO_REJECT,True
APP009003,APP000592,95.37,FUZZY,94.74,100.0,90.0,AUTO_REJECT,True
APP009004,APP009684,70.81,FUZZY,81.08,50.91,75.0,AUTO_APPROVE,False
APP009005,APP002000,66.55,FUZZY,100.0,55.17,0.0,AUTO_APPROVE,False
APP009006,APP007327,64.74,FUZZY,81.48,66.67,20.0,AUTO_APPROVE,False
APP009007,APP003632,82.37,FUZZY,100.0,57.89,75.0,FLAG_FOR_REVIEW,False
APP009008,APP006356,62.73,FUZZY,100.0,42.42,0.0,AUTO_APPROVE,False
APP009009,APP007893,65.0,FUZZY,100.0,50.0,0.0,AUTO_APPROVE,False
APP009010,APP005969,62.0,FUZZY,100.0,40.0,0.0,AUTO_APPROVE,False
APP009011,APP000204,100.0,EXACT_PAN,100.0,100.0,100.0,AUTO_REJECT,True
APP009012,APP003038,56.17,FUZZY,83.87,47.46,0.0,AUTO_APPROVE,False
APP009013,APP004912,64.49,FUZZY,66.67,53.85,75.0,AUTO_APPROVE,False
APP009014,APP001959,56.82,FUZZY,60.0,39.39,75.0,AUTO_APPROVE,False
APP009015,APP004847,59.67,FUZZY,82.76,47.62,20.0,AUTO_APPROVE,False
APP009016,APP006456,57.92,FUZZY,64.52,72.22,20.0,AUTO_APPROVE,False
APP009017,APP002754,56.2,FUZZY,81.25,38.6,20.0,AUTO_APPROVE,False
APP009018,APP000756,70.78,FUZZY,73.33,47.06,100.0,AUTO_APPROVE,False
APP009019,APP004448,76.71,FUZZY,84.85,64.29,75.0,AUTO_APPROVE,False
APP009020,APP009724,67.5,FUZZY,100.0,58.33,0.0,AUTO_APPROVE,False
APP009021,APP009829,61.82,FUZZY,100.0,39.39,0.0,AUTO_APPROVE,False
APP009022,APP000527,61.58,FUZZY,100.0,38.6,0.0,AUTO_APPROVE,False
APP009023,APP006649,68.48,FUZZY,94.12,58.06,20.0,AUTO_APPROVE,False
APP009024,APP001626,52.14,FUZZY,57.14,28.57,75.0,AUTO_APPROVE,False
APP009025,APP004173,62.69,FUZZY,70.0,42.31,75.0,AUTO_APPROVE,False
APP009026,APP007601,75.24,FUZZY,83.33,61.9,75.0,AUTO_APPROVE,False
APP009027,APP002999,55.67,FUZZY,66.67,61.11,20.0,AUTO_APPROVE,False
APP009028,APP007032,59.64,FUZZY,100.0,32.14,0.0,AUTO_APPROVE,False
APP009029,APP009726,96.65,FUZZY,97.3,100.0,90.0,AUTO_REJECT,True
APP009030,APP006836,58.54,FUZZY,36.36,67.86,100.0,AUTO_APPROVE,False
APP009031,APP000438,57.41,FUZZY,81.25,42.62,20.0,AUTO_APPROVE,False
APP009032,APP007314,66.85,FUZZY,64.71,65.0,75.0,AUTO_APPROVE,False
APP009033,APP002847,93.0,FUZZY,96.0,100.0,75.0,AUTO_REJECT,True
APP009034,APP005759,64.68,FUZZY,85.71,72.73,0.0,AUTO_APPROVE,False
APP009035,APP006152,93.0,FUZZY,86.0,100.0,100.0,AUTO_REJECT,True
APP009036,APP002297,78.06,FUZZY,100.0,93.55,0.0,AUTO_APPROVE,False
APP009037,APP009612,63.91,FUZZY,100.0,46.38,0.0,AUTO_APPROVE,False
APP009038,APP004460,93.78,FUZZY,97.56,100.0,75.0,AUTO_REJECT,True
APP009039,APP001000,62.67,FUZZY,58.82,60.87,75.0,AUTO_APPROVE,False
APP009040,APP000894,64.59,FUZZY,100.0,48.65,0.0,AUTO_APPROVE,False
APP009041,APP005773,100.0,EXACT_PAN,97.14,100.0,100.0,AUTO_REJECT,True
APP009042,APP005804,63.75,FUZZY,100.0,45.83,0.0,AUTO_APPROVE,False
APP009043,APP005464,65.29,FUZZY,78.57,36.67,75.0,AUTO_APPROVE,False
APP009044,APP000475,69.74,FUZZY,82.05,45.71,75.0,AUTO_APPROVE,False
APP009045,APP009004,57.83,FUZZY,87.18,47.46,0.0,AUTO_APPROVE,False
APP009046,APP007154,65.0,FUZZY,100.0,50.0,0.0,AUTO_APPROVE,False
APP009047,APP000637,93.48,FUZZY,96.97,100.0,75.0,AUTO_REJECT,True
APP009048,APP005313,63.54,FUZZY,74.29,74.67,20.0,AUTO_APPROVE,False
APP009049,APP003934,60.27,FUZZY,48.78,52.94,100.0,AUTO_APPROVE,False
APP009050,APP000920,70.0,FUZZY,100.0,66.67,0.0,AUTO_APPROVE,False
APP009051,APP001796,58.61,FUZZY,70.97,63.77,20.0,AUTO_APPROVE,False
APP009052,APP000645,62.77,FUZZY,82.76,57.97,20.0,AUTO_APPROVE,False
APP009053,APP006601,67.57,FUZZY,58.82,77.19,75.0,AUTO_APPROVE,False
APP009054,APP007208,68.18,FUZZY,100.0,60.61,0.0,AUTO_APPROVE,False
APP009055,APP008868,56.06,FUZZY,54.55,45.95,75.0,AUTO_APPROVE,False
APP009056,APP004811,64.74,FUZZY,100.0,49.12,0.0,AUTO_APPROVE,False
APP009057,APP006727,62.24,FUZZY,60.0,94.12,20.0,AUTO_APPROVE,False
APP009058,,0.0,NO_MATCH,0.0,0.0,0.0,AUTO_APPROVE,False
APP009059,APP004010,71.62,FUZZY,81.48,52.94,75.0,AUTO_APPROVE,False
APP009060,APP005518,67.45,FUZZY,66.67,47.06,100.0,AUTO_APPROVE,False
APP009061,APP004813,63.6,FUZZY,100.0,45.33,0.0,AUTO_APPROVE,False
APP009062,APP004800,64.17,FUZZY,100.0,47.22,0.0,AUTO_APPROVE,False
APP009063,APP005016,60.91,FUZZY,100.0,36.36,0.0,AUTO_APPROVE,False
APP009064,APP004004,63.1,FUZZY,75.0,72.0,20.0,AUTO_APPROVE,False
APP009065,APP007497,93.39,FUZZY,96.77,100.0,75.0,AUTO_REJECT,True
APP009066,APP000264,66.73,FUZZY,66.67,61.33,75.0,AUTO_APPROVE,False
APP009067,APP000415,100.0,FUZZY,100.0,100.0,100.0,AUTO_REJECT,True
APP009068,APP002176,65.43,FUZZY,100.0,51.43,0.0,AUTO_APPROVE,False
APP009069,APP002734,61.84,FUZZY,100.0,39.47,0.0,AUTO_APPROVE,False
APP009070,APP005629,100.0,EXACT_PAN,94.44,100.0,100.0,AUTO_REJECT,True
APP009071,,0.0,NO_MATCH,0.0,0.0,0.0,AUTO_APPROVE,False
APP009072,APP005813,65.75,FUZZY,100.0,52.5,0.0,AUTO_APPROVE,False
APP009073,APP003916,65.65,FUZZY,68.57,54.55,75.0,AUTO_APPROVE,False
APP009074,APP001270,61.11,FUZZY,62.22,50.0,75.0,AUTO_APPROVE,False
APP009075,APP009026,73.59,FUZZY,73.68,72.5,75.0,AUTO_APPROVE,False
APP009076,APP007195,63.33,FUZZY,66.67,100.0,0.0,AUTO_APPROVE,False
APP009077,APP008704,67.14,FUZZY,66.67,62.69,75.0,AUTO_APPROVE,False
APP009078,APP009376,73.67,FUZZY,82.05,58.82,75.0,AUTO_APPROVE,False
APP009079,APP002398,64.91,FUZZY,100.0,36.36,20.0,AUTO_APPROVE,False
APP009080,APP000968,54.57,FUZZY,68.42,67.86,0.0,AUTO_APPROVE,False
APP009081,APP009270,57.9,FUZZY,82.35,42.42,20.0,AUTO_APPROVE,False
APP009082,APP005185,62.92,FUZZY,100.0,43.08,0.0,AUTO_APPROVE,False
APP009083,APP001911,61.82,FUZZY,63.64,100.0,0.0,AUTO_APPROVE,False
APP009084,APP002571,61.88,FUZZY,60.0,56.25,75.0,AUTO_APPROVE,False
APP009085,APP003809,65.0,FUZZY,100.0,50.0,0.0,AUTO_APPROVE,False
APP009086,APP008215,63.25,FUZZY,100.0,44.16,0.0,AUTO_APPROVE,False
APP009087,APP002235,58.33,FUZZY,56.25,50.67,75.0,AUTO_APPROVE,False
APP009088,APP003976,61.25,FUZZY,62.5,100.0,0.0,AUTO_APPROVE,False
APP009089,APP001671,67.1,FUZZY,83.33,34.78,75.0,AUTO_APPROVE,False
APP009090,APP002598,62.69,FUZZY,64.52,51.43,75.0,AUTO_APPROVE,False
APP009091,APP004961,66.36,FUZZY,72.73,100.0,0.0,AUTO_APPROVE,False
APP009092,APP008220,67.42,FUZZY,100.0,58.06,0.0,AUTO_APPROVE,False
APP009093,APP004216,66.33,FUZZY,82.76,69.84,20.0,AUTO_APPROVE,False
APP009094,APP001406,58.71,FUZZY,100.0,29.03,0.0,AUTO_APPROVE,False
APP009095,APP004146,95.0,FUZZY,100.0,100.0,75.0,AUTO_REJECT,True
APP009096,APP000079,62.23,FUZZY,70.0,77.42,20.0,AUTO_APPROVE,False
APP009097,APP002195,57.68,FUZZY,63.16,73.68,20.0,AUTO_APPROVE,False
APP009098,APP006117,68.1,FUZZY,100.0,60.32,0.0,AUTO_APPROVE,False
APP009099,APP001585,62.58,FUZZY,100.0,41.94,0.0,AUTO_APPROVE,False
APP009100,APP002084,67.75,FUZZY,100.0,59.15,0.0,AUTO_APPROVE,False
APP009101,APP007831,51.67,FUZZY,60.61,57.89,20.0,AUTO_APPROVE,False
APP009102,APP003489,65.24,FUZZY,100.0,50.79,0.0,AUTO_APPROVE,False
APP009103,APP009686,73.33,FUZZY,100.0,77.78,0.0,AUTO_APPROVE,False
APP009104,APP002545,67.5,FUZZY,100.0,58.33,0.0,AUTO_APPROVE,False
APP009105,APP009599,62.73,FUZZY,100.0,42.42,0.0,AUTO_APPROVE,False
APP009106,APP004504,62.33,FUZZY,100.0,41.1,0.0,AUTO_APPROVE,False
APP009107,APP009422,67.67,FUZZY,100.0,45.57,20.0,AUTO_APPROVE,False
APP009108,APP003469,96.15,FUZZY,96.3,100.0,90.0,AUTO_REJECT,True
APP009109,APP000406,60.93,FUZZY,86.67,45.33,20.0,AUTO_APPROVE,False
APP009110,APP005411,60.99,FUZZY,100.0,36.62,0.0,AUTO_APPROVE,False
APP009111,APP005238,54.23,FUZZY,81.25,32.0,20.0,AUTO_APPROVE,False
APP009112,APP009278,53.13,FUZZY,78.57,46.15,0.0,AUTO_APPROVE,False
APP009113,APP002382,63.1,FUZZY,78.57,79.37,0.0,AUTO_APPROVE,False
APP009114,APP003404,75.82,FUZZY,100.0,36.07,75.0,AUTO_APPROVE,False
APP009115,APP006460,60.29,FUZZY,100.0,34.29,0.0,AUTO_APPROVE,False
APP009116,APP007645,64.51,FUZZY,95.0,56.72,0.0,AUTO_APPROVE,False
APP009117,APP009352,100.0,EXACT_PAN,97.44,100.0,75.0,AUTO_REJECT,True
APP009118,APP006090,76.84,FUZZY,100.0,89.47,0.0,AUTO_APPROVE,False
APP009119,APP008057,64.81,FUZZY,100.0,49.35,0.0,AUTO_APPROVE,False
APP009120,APP006568,65.08,FUZZY,63.64,60.87,75.0,AUTO_APPROVE,False
APP009121,APP006885,86.19,FUZZY,100.0,53.97,100.0,FLAG_FOR_REVIEW,True
APP009122,APP004148,66.84,FUZZY,100.0,56.14,0.0,AUTO_APPROVE,False
APP009123,APP009539,62.43,FUZZY,47.37,62.5,100.0,AUTO_APPROVE,False
APP009124,APP006431,62.25,FUZZY,61.11,92.31,20.0,AUTO_APPROVE,False
APP009125,APP009860,70.16,FUZZY,64.86,75.76,75.0,AUTO_APPROVE,False
APP009126,APP001751,65.71,FUZZY,51.43,66.67,100.0,AUTO_APPROVE,False
APP009127,APP001802,58.4,FUZZY,100.0,28.0,0.0,AUTO_APPROVE,False
APP009128,APP007008,64.91,FUZZY,66.67,55.26,75.0,AUTO_APPROVE,False
APP009129,APP007767,97.0,EXACT_PHONE,97.3,100.0,75.0,AUTO_REJECT,True
APP009130,APP007065,50.73,FUZZY,55.56,63.16,20.0,AUTO_APPROVE,False
APP009131,APP009566,65.7,FUZZY,70.97,50.7,75.0,AUTO_APPROVE,False
APP009132,APP006797,69.23,FUZZY,100.0,64.1,0.0,AUTO_APPROVE,False
APP009133,APP000713,61.19,FUZZY,100.0,37.29,0.0,AUTO_APPROVE,False
APP009134,APP000307,65.85,FUZZY,100.0,52.83,0.0,AUTO_APPROVE,False
APP009135,APP007329,50.02,FUZZY,60.47,52.63,20.0,AUTO_APPROVE,False
APP009136,APP001441,58.42,FUZZY,37.5,65.57,100.0,AUTO_APPROVE,False
APP009137,APP001378,61.43,FUZZY,100.0,38.1,0.0,AUTO_APPROVE,False
APP009138,APP002466,74.0,FUZZY,100.0,80.0,0.0,AUTO_APPROVE,False
APP009139,APP001338,66.82,FUZZY,70.59,55.07,75.0,AUTO_APPROVE,False
APP009140,APP000140,98.65,FUZZY,97.3,100.0,100.0,AUTO_REJECT,True
APP009141,APP001776,95.0,EXACT_EMAIL,100.0,32.84,0.0,AUTO_REJECT,False
APP009142,APP007315,63.37,FUZZY,90.0,47.89,20.0,AUTO_APPROVE,False
APP009143,APP007190,60.31,FUZZY,100.0,34.38,0.0,AUTO_APPROVE,False
APP009144,APP005223,71.18,FUZZY,100.0,70.59,0.0,AUTO_APPROVE,False
APP009145,APP003715,58.05,FUZZY,74.07,56.72,20.0,AUTO_APPROVE,False
APP009146,APP004578,65.67,FUZZY,82.76,67.65,20.0,AUTO_APPROVE,False
APP009147,APP008797,70.8,FUZZY,100.0,56.0,20.0,AUTO_APPROVE,False
APP009148,APP009056,62.62,FUZZY,59.46,59.65,75.0,AUTO_APPROVE,False
APP009149,APP009178,63.33,FUZZY,66.67,50.0,75.0,AUTO_APPROVE,False
APP009150,APP006976,66.72,FUZZY,100.0,55.74,0.0,AUTO_APPROVE,False
APP009151,APP005357,57.68,FUZZY,77.78,49.32,20.0,AUTO_APPROVE,False
APP009152,APP008229,72.0,FUZZY,100.0,73.33,0.0,AUTO_APPROVE,False
APP009153,APP009341,63.02,FUZZY,80.0,63.41,20.0,AUTO_APPROVE,False
APP009154,APP005588,64.92,FUZZY,73.68,43.59,75.0,AUTO_APPROVE,False
APP009155,APP003622,63.85,FUZZY,100.0,46.15,0.0,AUTO_APPROVE,False
APP009156,APP006509,59.33,FUZZY,87.8,38.1,20.0,AUTO_APPROVE,False
APP009157,APP006786,79.77,FUZZY,93.02,60.87,75.0,AUTO_APPROVE,False
APP009158,APP009913,61.35,FUZZY,100.0,37.84,0.0,AUTO_APPROVE,False
APP009159,APP000468,69.64,FUZZY,100.0,65.45,0.0,AUTO_APPROVE,False
APP009160,APP007254,65.29,FUZZY,70.59,100.0,0.0,AUTO_APPROVE,False
APP009161,APP004489,56.22,FUZZY,61.11,72.22,20.0,AUTO_APPROVE,False
APP009162,APP008970,57.8,FUZZY,60.0,42.67,75.0,AUTO_APPROVE,False
APP009163,APP005228,57.85,FUZZY,54.05,36.07,100.0,AUTO_APPROVE,False
APP009164,APP006239,63.39,FUZZY,54.05,54.55,100.0,AUTO_APPROVE,False
APP009165,APP008835,61.54,FUZZY,54.05,48.39,100.0,AUTO_APPROVE,False
APP009166,APP008108,68.68,FUZZY,58.06,82.14,75.0,AUTO_APPROVE,False
APP009167,APP007718,63.58,FUZZY,100.0,45.28,0.0,AUTO_APPROVE,False
APP009168,APP006885,65.35,FUZZY,100.0,37.84,20.0,AUTO_APPROVE,False
APP009169,APP006439,63.33,FUZZY,100.0,44.44,0.0,AUTO_APPROVE,False
APP009170,APP005618,67.28,FUZZY,82.35,73.68,20.0,AUTO_APPROVE,False
APP009171,APP003548,65.48,FUZZY,70.97,100.0,0.0,AUTO_APPROVE,False
APP009172,APP001964,55.84,FUZZY,80.0,39.47,20.0,AUTO_APPROVE,False
APP009173,APP009653,60.91,FUZZY,100.0,36.36,0.0,AUTO_APPROVE,False
APP009174,APP008177,67.65,FUZZY,100.0,58.82,0.0,AUTO_APPROVE,False
APP009175,APP004474,60.5,FUZZY,69.57,35.71,75.0,AUTO_APPROVE,False
APP009176,APP005611,62.14,FUZZY,64.29,50.0,75.0,AUTO_APPROVE,False
APP009177,APP008771,68.84,FUZZY,52.94,74.58,100.0,AUTO_APPROVE,False
APP009178,APP001172,77.11,FUZZY,95.88,30.56,100.0,AUTO_APPROVE,True
APP009179,APP006807,72.98,FUZZY,100.0,76.6,0.0,AUTO_APPROVE,False
APP009180,APP008774,63.77,FUZZY,100.0,45.9,0.0,AUTO_APPROVE,False
APP009181,APP005889,61.64,FUZZY,100.0,38.81,0.0,AUTO_APPROVE,False
APP009182,APP006775,59.9,FUZZY,62.86,44.9,75.0,AUTO_APPROVE,False
APP009183,APP000083,97.0,EXACT_PHONE,97.3,100.0,100.0,AUTO_REJECT,True
APP009184,APP006973,69.55,FUZZY,82.93,43.64,75.0,AUTO_APPROVE,False
APP009185,APP000812,65.48,FUZZY,70.97,100.0,0.0,AUTO_APPROVE,False
APP009186,APP006234,68.65,FUZZY,100.0,62.16,0.0,AUTO_APPROVE,False
APP009187,APP002378,64.71,FUZZY,56.41,55.0,100.0,AUTO_APPROVE,False
APP009188,APP003475,58.14,FUZZY,100.0,27.12,0.0,AUTO_APPROVE,False
APP009189,APP006051,55.95,FUZZY,40.0,53.16,100.0,AUTO_APPROVE,False
APP009190,APP006863,67.83,FUZZY,66.67,65.0,75.0,AUTO_APPROVE,False
APP009191,APP002969,70.6,FUZZY,83.33,96.43,0.0,AUTO_APPROVE,False
APP009192,APP000712,61.38,FUZZY,100.0,37.93,0.0,AUTO_APPROVE,False
APP009193,APP000780,97.0,EXACT_PHONE,94.44,100.0,75.0,AUTO_REJECT,True
APP009194,APP004782,63.33,FUZZY,66.67,50.0,75.0,AUTO_APPROVE,False
APP009195,APP007993,97.0,EXACT_PHONE,94.74,100.0,75.0,AUTO_REJECT,True
APP009196,APP003991,64.89,FUZZY,76.92,38.1,75.0,AUTO_APPROVE,False
APP009197,APP008169,100.0,EXACT_PAN,96.55,100.0,100.0,AUTO_REJECT,True
APP009198,APP000139,67.31,FUZZY,100.0,57.69,0.0,AUTO_APPROVE,False
APP009199,APP004289,100.0,FUZZY,100.0,100.0,100.0,AUTO_REJECT,True
APP009200,APP009670,60.93,FUZZY,51.85,66.67,75.0,AUTO_APPROVE,False
APP009201,APP004126,64.17,FUZZY,100.0,47.22,0.0,AUTO_APPROVE,False
APP009202,APP005229,70.53,FUZZY,100.0,68.42,0.0,AUTO_APPROVE,False
APP009203,APP006924,67.78,FUZZY,100.0,59.26,0.0,AUTO_APPROVE,False
APP009204,APP000450,59.06,FUZZY,100.0,30.19,0.0,AUTO_APPROVE,False
APP009205,APP004697,62.24,FUZZY,70.0,40.82,75.0,AUTO_APPROVE,False
APP009206,APP002780,66.34,FUZZY,78.79,76.47,20.0,AUTO_APPROVE,False
APP009207,APP000113,60.4,FUZZY,47.06,56.25,100.0,AUTO_APPROVE,False
APP009208,APP009627,58.68,FUZZY,66.67,34.48,75.0,AUTO_APPROVE,False
APP009209,APP006571,69.09,FUZZY,100.0,63.64,0.0,AUTO_APPROVE,False
APP009210,APP009549,62.45,FUZZY,78.57,63.89,20.0,AUTO_APPROVE,False
APP009211,APP008558,97.0,EXACT_PHONE,100.0,100.0,100.0,AUTO_REJECT,True
APP009212,APP000491,64.67,FUZZY,62.5,44.74,100.0,AUTO_APPROVE,False
APP009213,APP002310,92.5,FUZZY,95.0,100.0,75.0,AUTO_REJECT,True
APP009214,APP002682,66.8,FUZZY,100.0,56.0,0.0,AUTO_APPROVE,False
APP009215,APP003540,63.11,FUZZY,57.89,47.22,100.0,AUTO_APPROVE,False
APP009216,APP000120,54.31,FUZZY,66.67,56.6,20.0,AUTO_APPROVE,False
APP009217,APP009594,64.35,FUZZY,100.0,47.83,0.0,AUTO_APPROVE,False
APP009218,APP008818,54.08,FUZZY,53.33,41.38,75.0,AUTO_APPROVE,False
APP009219,APP009460,62.68,FUZZY,100.0,42.25,0.0,AUTO_APPROVE,False
APP009220,APP000888,67.89,FUZZY,100.0,59.65,0.0,AUTO_APPROVE,False
APP009221,APP004377,100.0,FUZZY,100.0,100.0,100.0,AUTO_REJECT,True
APP009222,APP009157,63.1,FUZZY,95.24,51.61,0.0,AUTO_APPROVE,False
APP009223,APP001463,67.5,FUZZY,75.0,100.0,0.0,AUTO_APPROVE,False
APP009224,APP006498,65.0,FUZZY,100.0,50.0,0.0,AUTO_APPROVE,False
APP009225,APP001759,60.61,FUZZY,69.77,72.41,20.0,AUTO_APPROVE,False
APP009226,APP006198,55.79,FUZZY,58.82,37.93,75.0,AUTO_APPROVE,False
APP009227,APP007849,63.94,FUZZY,83.87,60.0,20.0,AUTO_APPROVE,False
APP009228,APP002098,66.84,FUZZY,73.68,100.0,0.0,AUTO_APPROVE,False
APP009229,APP007529,62.54,FUZZY,100.0,41.79,0.0,AUTO_APPROVE,False
APP009230,APP000431,62.1,FUZZY,66.67,45.9,75.0,AUTO_APPROVE,False
APP009231,APP000157,67.33,FUZZY,100.0,44.44,20.0,AUTO_APPROVE,False
APP009232,APP003452,55.25,FUZZY,58.82,36.11,75.0,AUTO_APPROVE,False
APP009233,APP000224,100.0,EXACT_PAN,95.0,100.0,100.0,AUTO_REJECT,True
APP009234,APP000658,67.92,FUZZY,100.0,59.74,0.0,AUTO_APPROVE,False
APP009235,APP005363,75.18,FUZZY,100.0,70.59,20.0,AUTO_APPROVE,False
APP009236,APP006294,58.84,FUZZY,84.85,41.38,20.0,AUTO_APPROVE,False
APP009237,APP004044,63.33,FUZZY,66.67,100.0,0.0,AUTO_APPROVE,False
APP009238,APP005343,64.37,FUZZY,100.0,47.89,0.0,AUTO_APPROVE,False
APP009239,APP003952,64.77,FUZZY,100.0,49.23,0.0,AUTO_APPROVE,False
APP009240,APP005862,61.71,FUZZY,73.68,69.57,20.0,AUTO_APPROVE,False
APP009241,APP005460,97.0,EXACT_PHONE,94.12,100.0,90.0,AUTO_REJECT,True
APP009242,APP005758,62.7,FUZZY,80.0,62.34,20.0,AUTO_APPROVE,False
APP009243,APP001979,63.97,FUZZY,52.94,58.33,100.0,AUTO_APPROVE,False
APP009244,APP005110,62.66,FUZZY,88.24,48.48,20.0,AUTO_APPROVE,False
APP009245,APP006810,60.34,FUZZY,100.0,34.48,0.0,AUTO_APPROVE,False
APP009246,APP002272,71.39,FUZZY,61.54,68.75,100.0,AUTO_APPROVE,False
APP009247,APP008451,62.35,FUZZY,100.0,41.18,0.0,AUTO_APPROVE,False
APP009248,APP001160,64.29,FUZZY,100.0,47.62,0.0,AUTO_APPROVE,False
APP009249,APP000812,63.23,FUZZY,80.0,64.1,20.0,AUTO_APPROVE,False
APP009250,APP002126,100.0,FUZZY,100.0,100.0,100.0,AUTO_REJECT,True
APP009251,APP009228,64.84,FUZZY,73.68,80.0,20.0,AUTO_APPROVE,False
APP009252,APP005178,97.0,EXACT_PHONE,91.67,100.0,75.0,AUTO_REJECT,True
APP009253,APP001856,60.99,FUZZY,100.0,36.62,0.0,AUTO_APPROVE,False
APP009254,APP004303,64.44,FUZZY,100.0,48.15,0.0,AUTO_APPROVE,False
APP009255,APP003430,98.72,FUZZY,97.44,100.0,100.0,AUTO_REJECT,True
APP009256,APP001527,56.43,FUZZY,50.0,38.1,100.0,AUTO_APPROVE,False
APP009257,APP006836,70.34,FUZZY,76.92,56.25,75.0,AUTO_APPROVE,False
APP009258,APP004165,97.0,EXACT_PHONE,100.0,100.0,75.0,AUTO_REJECT,True
APP009259,APP008130,60.99,FUZZY,100.0,36.62,0.0,AUTO_APPROVE,False
APP009260,APP008279,97.0,EXACT_PHONE,100.0,100.0,100.0,AUTO_REJECT,True
APP009261,APP002620,67.14,FUZZY,100.0,57.14,0.0,AUTO_APPROVE,False
APP009262,APP006248,66.19,FUZZY,100.0,53.97,0.0,AUTO_APPROVE,False
APP009263,APP006238,61.52,FUZZY,68.42,41.03,75.0,AUTO_APPROVE,False
APP009264,APP007182,62.47,FUZZY,100.0,41.56,0.0,AUTO_APPROVE,False
APP009265,APP001976,64.0,FUZZY,100.0,33.33,20.0,AUTO_APPROVE,False
APP009266,APP000762,59.64,FUZZY,100.0,32.14,0.0,AUTO_APPROVE,False
APP009267,APP007248,64.06,FUZZY,100.0,46.88,0.0,AUTO_APPROVE,False
APP009268,APP005315,62.92,FUZZY,100.0,43.08,0.0,AUTO_APPROVE,False
APP009269,APP003652,65.41,FUZZY,56.25,57.63,100.0,AUTO_APPROVE,False
APP009270,APP001346,61.29,FUZZY,78.57,60.0,20.0,AUTO_APPROVE,False
APP009271,APP008384,63.52,FUZZY,100.0,45.07,0.0,AUTO_APPROVE,False
APP009272,APP009258,52.0,FUZZY,64.0,53.33,20.0,AUTO_APPROVE,False
APP009273,APP002736,66.45,FUZZY,70.59,53.85,75.0,AUTO_APPROVE,False
APP009274,APP007096,67.03,FUZZY,100.0,56.76,0.0,AUTO_APPROVE,False
APP009275,APP006551,64.44,FUZZY,57.14,69.57,75.0,AUTO_APPROVE,False
APP009276,APP009746,64.52,FUZZY,100.0,48.39,0.0,AUTO_APPROVE,False
APP009277,APP007488,58.51,FUZZY,59.46,45.95,75.0,AUTO_APPROVE,False
APP009278,APP001793,97.37,FUZZY,94.74,100.0,100.0,AUTO_REJECT,True
APP009279,APP005691,59.13,FUZZY,40.0,63.77,100.0,AUTO_APPROVE,False
APP009280,APP009903,67.01,FUZZY,100.0,56.72,0.0,AUTO_APPROVE,False
APP009281,APP003079,67.33,FUZZY,66.67,100.0,20.0,AUTO_APPROVE,False
APP009282,APP005939,100.0,FUZZY,100.0,100.0,100.0,AUTO_REJECT,True
APP009283,APP009053,67.39,FUZZY,100.0,57.97,0.0,AUTO_APPROVE,False
APP009284,APP008016,63.27,FUZZY,76.19,70.59,20.0,AUTO_APPROVE,False
APP009285,APP004667,65.03,FUZZY,66.67,92.31,20.0,AUTO_APPROVE,False
APP009286,APP005070,59.84,FUZZY,100.0,32.79,0.0,AUTO_APPROVE,False
APP009287,APP000962,61.67,FUZZY,50.0,55.56,100.0,AUTO_APPROVE,False
APP009288,APP008531,69.79,FUZZY,100.0,52.63,20.0,AUTO_APPROVE,False
APP009289,APP006165,62.69,FUZZY,100.0,42.31,0.0,AUTO_APPROVE,False
APP009290,APP003650,60.91,FUZZY,100.0,36.36,0.0,AUTO_APPROVE,False
APP009291,APP001559,70.0,FUZZY,100.0,66.67,0.0,AUTO_APPROVE,False
APP009292,APP008844,60.21,FUZZY,97.14,38.81,0.0,AUTO_APPROVE,False
APP009293,APP002152,70.28,FUZZY,100.0,67.61,0.0,AUTO_APPROVE,False
APP009294,APP004142,66.12,FUZZY,100.0,53.73,0.0,AUTO_APPROVE,False
APP009295,APP007338,100.0,EXACT_PAN,100.0,100.0,100.0,AUTO_REJECT,True
APP009296,APP007461,71.37,FUZZY,100.0,71.23,0.0,AUTO_APPROVE,False
APP009297,APP002381,63.09,FUZZY,76.47,32.84,75.0,AUTO_APPROVE,False
APP009298,APP008393,64.09,FUZZY,75.68,37.5,75.0,AUTO_APPROVE,False
APP009299,APP002148,60.91,FUZZY,100.0,36.36,0.0,AUTO_APPROVE,False
APP009300,,0.0,NO_MATCH,0.0,0.0,0.0,AUTO_APPROVE,False
APP009301,APP003586,61.58,FUZZY,100.0,38.6,0.0,AUTO_APPROVE,False
APP009302,APP009849,62.97,FUZZY,100.0,43.24,0.0,AUTO_APPROVE,False
APP009303,APP001942,70.46,FUZZY,76.19,57.89,75.0,AUTO_APPROVE,False
APP009304,APP001230,71.49,FUZZY,100.0,71.64,0.0,AUTO_APPROVE,False
APP009305,APP004247,66.3,FUZZY,55.56,61.73,100.0,AUTO_APPROVE,False
APP009306,APP009848,63.85,FUZZY,100.0,46.15,0.0,AUTO_APPROVE,False
APP009307,APP007571,70.62,FUZZY,100.0,68.75,0.0,AUTO_APPROVE,False
APP009308,APP002425,68.75,FUZZY,100.0,62.5,0.0,AUTO_APPROVE,False
APP009309,APP007023,54.53,FUZZY,82.35,31.17,20.0,AUTO_APPROVE,False
APP009310,APP005780,67.27,FUZZY,100.0,57.58,0.0,AUTO_APPROVE,False
APP009311,APP000105,50.2,FUZZY,76.92,25.81,20.0,AUTO_APPROVE,False
APP009312,APP007038,56.6,FUZZY,50.0,92.0,20.0,AUTO_APPROVE,False
APP009313,APP000627,100.0,FUZZY,100.0,100.0,100.0,AUTO_REJECT,True
APP009314,APP007441,97.0,EXACT_PHONE,95.24,100.0,75.0,AUTO_REJECT,True
APP009315,APP001682,67.01,FUZZY,100.0,56.72,0.0,AUTO_APPROVE,False
APP009316,APP008719,97.0,EXACT_PHONE,97.3,100.0,100.0,AUTO_REJECT,True
APP009317,APP007059,58.01,FUZZY,54.05,36.62,100.0,AUTO_APPROVE,False
APP009318,APP009393,100.0,EXACT_PAN,95.24,100.0,100.0,AUTO_REJECT,True
APP009319,APP001033,64.22,FUZZY,66.67,52.94,75.0,AUTO_APPROVE,False
APP009320,APP000366,65.03,FUZZY,82.05,66.67,20.0,AUTO_APPROVE,False
APP009321,APP004299,57.19,FUZZY,33.33,68.42,100.0,AUTO_APPROVE,False
APP009322,APP009319,62.5,FUZZY,100.0,41.67,0.0,AUTO_APPROVE,False
APP009323,APP000755,57.82,FUZZY,28.57,78.43,100.0,AUTO_APPROVE,False
APP009324,APP008138,62.88,FUZZY,57.89,46.43,100.0,AUTO_APPROVE,False
APP009325,APP001226,72.45,FUZZY,88.24,44.44,75.0,AUTO_APPROVE,False
APP009326,APP002725,66.94,FUZZY,68.42,42.42,100.0,AUTO_APPROVE,False
APP009327,APP001282,92.22,FUZZY,94.44,100.0,75.0,AUTO_REJECT,True
APP009328,APP008469,57.85,FUZZY,59.46,43.75,75.0,AUTO_APPROVE,False
APP009329,APP001889,65.62,FUZZY,100.0,52.05,0.0,AUTO_APPROVE,False
APP009330,APP008765,68.57,FUZZY,100.0,61.9,0.0,AUTO_APPROVE,False
APP009331,APP005494,55.25,FUZZY,62.5,66.67,20.0,AUTO_APPROVE,False
APP009332,APP005227,75.16,FUZZY,90.32,50.0,75.0,AUTO_APPROVE,False
APP009333,APP003231,65.02,FUZZY,66.67,45.61,90.0,AUTO_APPROVE,False
APP009334,APP007845,59.28,FUZZY,78.79,52.94,20.0,AUTO_APPROVE,False
APP009335,APP009827,59.52,FUZZY,66.67,37.29,75.0,AUTO_APPROVE,False
APP009336,APP001442,100.0,EXACT_PAN,96.0,100.0,100.0,AUTO_REJECT,True
APP009337,APP004815,67.44,FUZZY,70.59,57.14,75.0,AUTO_APPROVE,False
APP009338,APP005888,65.37,FUZZY,84.85,63.16,20.0,AUTO_APPROVE,False
APP009339,APP002397,96.88,FUZZY,93.75,100.0,100.0,AUTO_REJECT,True
APP009340,APP001899,62.86,FUZZY,100.0,42.86,0.0,AUTO_APPROVE,False
APP009341,APP009153,63.02,FUZZY,80.0,63.41,20.0,AUTO_APPROVE,False
APP009342,APP002197,63.2,FUZZY,54.05,70.59,75.0,AUTO_APPROVE,False
APP009343,APP000218,58.47,FUZZY,81.25,46.15,20.0,AUTO_APPROVE,False
APP009344,APP002893,64.72,FUZZY,74.07,78.95,20.0,AUTO_APPROVE,False
APP009345,APP005711,66.76,FUZZY,100.0,55.88,0.0,AUTO_APPROVE,False
APP009346,APP007832,61.97,FUZZY,75.0,31.58,75.0,AUTO_APPROVE,False
APP009347,APP006567,54.46,FUZZY,76.92,40.0,20.0,AUTO_APPROVE,False
APP009348,APP006238,62.54,FUZZY,100.0,41.79,0.0,AUTO_APPROVE,False
APP009349,APP006178,100.0,FUZZY,100.0,100.0,100.0,AUTO_REJECT,True
APP009350,APP006400,100.0,EXACT_PAN,97.3,100.0,75.0,AUTO_REJECT,True
APP009351,APP001008,65.2,FUZZY,100.0,50.67,0.0,AUTO_APPROVE,False
APP009352,APP009117,100.0,EXACT_PAN,97.44,100.0,75.0,AUTO_REJECT,True
APP009353,APP002526,53.1,FUZZY,58.82,65.62,20.0,AUTO_APPROVE,False
APP009354,APP001306,58.67,FUZZY,70.97,27.27,75.0,AUTO_APPROVE,False
APP009355,APP000525,100.0,EXACT_PAN,96.77,100.0,75.0,AUTO_REJECT,True
APP009356,APP003268,97.0,EXACT_PHONE,94.44,100.0,100.0,AUTO_REJECT,True
APP009357,APP001555,63.61,FUZZY,84.21,58.33,20.0,AUTO_APPROVE,False
APP009358,APP002693,97.31,FUZZY,94.62,100.0,100.0,AUTO_REJECT,True
APP009359,APP005771,67.04,FUZZY,100.0,56.79,0.0,AUTO_APPROVE,False
APP009360,APP003605,60.86,FUZZY,78.79,58.23,20.0,AUTO_APPROVE,False
APP009361,APP004830,100.0,EXACT_PAN,93.33,100.0,100.0,AUTO_REJECT,True
APP009362,APP005427,50.23,FUZZY,35.29,41.94,100.0,AUTO_APPROVE,False
APP009363,APP002662,66.76,FUZZY,76.47,45.07,75.0,AUTO_APPROVE,False
APP009364,APP000622,62.38,FUZZY,100.0,41.27,0.0,AUTO_APPROVE,False
APP009365,APP005915,63.71,FUZZY,100.0,45.71,0.0,AUTO_APPROVE,False
APP009366,APP002330,91.88,FUZZY,93.75,100.0,75.0,FLAG_FOR_REVIEW,True
APP009367,APP008182,62.08,FUZZY,84.85,52.17,20.0,AUTO_APPROVE,False
APP009368,APP009738,98.57,FUZZY,97.14,100.0,100.0,AUTO_REJECT,True
APP009369,APP003424,71.27,FUZZY,100.0,57.58,20.0,AUTO_APPROVE,False
APP009370,APP006024,93.72,FUZZY,97.44,100.0,75.0,AUTO_REJECT,True
APP009371,APP007376,93.48,FUZZY,96.97,100.0,75.0,AUTO_REJECT,True
APP009372,APP009278,64.4,FUZZY,100.0,48.0,0.0,AUTO_APPROVE,False
APP009373,APP005147,97.0,EXACT_PHONE,97.56,100.0,75.0,AUTO_REJECT,True
APP009374,APP008753,100.0,EXACT_PAN,95.45,100.0,100.0,AUTO_REJECT,True
APP009375,APP000068,69.16,FUZZY,62.86,59.09,100.0,AUTO_APPROVE,False
APP009376,APP009078,73.67,FUZZY,82.05,58.82,75.0,AUTO_APPROVE,False
APP009377,APP008610,62.54,FUZZY,100.0,41.79,0.0,AUTO_APPROVE,False
APP009378,APP005632,68.5,FUZZY,75.0,53.33,75.0,AUTO_APPROVE,False
APP009379,APP006888,67.05,FUZZY,76.92,45.28,75.0,AUTO_APPROVE,False
APP009380,APP008957,60.22,FUZZY,64.86,42.62,75.0,AUTO_APPROVE,False
APP009381,APP005734,66.67,FUZZY,100.0,55.56,0.0,AUTO_APPROVE,False
APP009382,APP007551,62.55,FUZZY,57.89,45.33,100.0,AUTO_APPROVE,False
APP009383,APP005870,61.19,FUZZY,68.42,76.6,20.0,AUTO_APPROVE,False
APP009384,APP006952,65.52,FUZZY,100.0,51.72,0.0,AUTO_APPROVE,False
APP009385,APP006893,65.4,FUZZY,62.5,63.83,75.0,AUTO_APPROVE,False
APP009386,APP000275,72.7,FUZZY,100.0,75.68,0.0,AUTO_APPROVE,False
APP009387,APP003492,66.67,FUZZY,80.0,38.89,75.0,AUTO_APPROVE,False
APP009388,APP004418,59.6,FUZZY,42.42,61.29,100.0,AUTO_APPROVE,False
APP009389,APP000283,65.93,FUZZY,78.57,38.81,75.0,AUTO_APPROVE,False
APP009390,APP008626,70.62,FUZZY,78.95,90.48,20.0,AUTO_APPROVE,False
APP009391,APP009570,69.57,FUZZY,89.47,32.79,75.0,AUTO_APPROVE,False
APP009392,APP006468,63.77,FUZZY,82.35,61.97,20.0,AUTO_APPROVE,False
APP009393,APP009318,100.0,EXACT_PAN,95.24,100.0,100.0,AUTO_REJECT,True
APP009394,APP003136,69.57,FUZZY,57.14,70.0,100.0,AUTO_APPROVE,False
APP009395,APP002966,60.35,FUZZY,70.59,70.18,20.0,AUTO_APPROVE,False
APP009396,APP001089,61.47,FUZZY,78.57,60.61,20.0,AUTO_APPROVE,False
APP009397,APP002845,62.34,FUZZY,45.71,64.94,100.0,AUTO_APPROVE,False
APP009398,APP003869,62.58,FUZZY,45.16,66.67,100.0,AUTO_APPROVE,False
APP009399,APP006668,65.65,FUZZY,100.0,52.17,0.0,AUTO_APPROVE,False
APP009400,APP002544,63.77,FUZZY,100.0,45.9,0.0,AUTO_APPROVE,False
APP009401,APP004234,59.3,FUZZY,100.0,30.99,0.0,AUTO_APPROVE,False
APP009402,APP006692,60.54,FUZZY,100.0,35.14,0.0,AUTO_APPROVE,False
APP009403,APP007692,66.44,FUZZY,100.0,54.79,0.0,AUTO_APPROVE,False
APP009404,APP009705,58.86,FUZZY,77.42,53.85,20.0,AUTO_APPROVE,False
APP009405,APP001985,64.78,FUZZY,100.0,49.28,0.0,AUTO_APPROVE,False
APP009406,APP000660,73.91,FUZZY,78.79,48.39,100.0,AUTO_APPROVE,False
APP009407,APP000275,65.33,FUZZY,92.86,63.01,0.0,AUTO_APPROVE,False
APP009408,APP009532,66.52,FUZZY,100.0,55.07,0.0,AUTO_APPROVE,False
APP009409,APP009019,60.54,FUZZY,84.85,47.06,20.0,AUTO_APPROVE,False
APP009410,APP005665,65.72,FUZZY,81.08,70.59,20.0,AUTO_APPROVE,False
APP009411,APP002194,58.95,FUZZY,57.89,50.0,75.0,AUTO_APPROVE,False
APP009412,APP000111,67.12,FUZZY,81.25,75.0,20.0,AUTO_APPROVE,False
APP009413,APP006286,97.5,FUZZY,95.0,100.0,100.0,AUTO_REJECT,True
APP009414,APP004584,68.72,FUZZY,100.0,49.06,20.0,AUTO_APPROVE,False
APP009415,APP002147,97.0,EXACT_PHONE,94.74,100.0,100.0,AUTO_REJECT,True
APP009416,APP005308,69.13,FUZZY,66.67,69.33,75.0,AUTO_APPROVE,False
APP009417,APP002976,66.36,FUZZY,72.73,100.0,0.0,AUTO_APPROVE,False
APP009418,APP004833,100.0,FUZZY,100.0,100.0,100.0,AUTO_REJECT,True
APP009419,APP003498,61.33,FUZZY,66.67,80.0,20.0,AUTO_APPROVE,False
APP009420,APP006553,64.18,FUZZY,100.0,47.27,0.0,AUTO_APPROVE,False
APP009421,APP006492,62.0,FUZZY,100.0,40.0,0.0,AUTO_APPROVE,False
APP009422,APP009107,67.67,FUZZY,100.0,45.57,20.0,AUTO_APPROVE,False
APP009423,APP003667,67.66,FUZZY,61.54,72.97,75.0,AUTO_APPROVE,False
APP009424,APP000324,68.07,FUZZY,54.05,70.13,100.0,AUTO_APPROVE,False
APP009425,APP003093,58.33,FUZZY,57.14,49.18,75.0,AUTO_APPROVE,False
APP009426,APP008617,53.29,FUZZY,85.71,34.78,0.0,AUTO_APPROVE,False
APP009427,APP007536,59.41,FUZZY,58.82,86.67,20.0,AUTO_APPROVE,False
APP009428,APP008862,71.01,FUZZY,70.97,68.42,75.0,AUTO_APPROVE,False
APP009429,APP008224,100.0,FUZZY,100.0,100.0,100.0,AUTO_REJECT,True
APP009430,APP009289,61.08,FUZZY,41.18,68.29,100.0,AUTO_APPROVE,False
APP009431,APP009222,56.93,FUZZY,80.95,54.84,0.0,AUTO_APPROVE,False
APP009432,APP009897,65.26,FUZZY,66.67,56.41,75.0,AUTO_APPROVE,False
APP009433,APP008132,61.81,FUZZY,58.54,58.46,75.0,AUTO_APPROVE,False
APP009434,APP006756,70.0,FUZZY,100.0,66.67,0.0,AUTO_APPROVE,False
APP009435,APP001571,63.29,FUZZY,80.0,64.29,20.0,AUTO_APPROVE,False
APP009436,APP005127,60.48,FUZZY,82.05,51.52,20.0,AUTO_APPROVE,False
APP009437,APP004642,71.37,FUZZY,100.0,71.23,0.0,AUTO_APPROVE,False
APP009438,APP004182,62.14,FUZZY,64.29,100.0,0.0,AUTO_APPROVE,False
APP009439,APP002608,64.53,FUZZY,42.11,78.26,100.0,AUTO_APPROVE,False
APP009440,APP004781,100.0,EXACT_PAN,92.31,100.0,100.0,AUTO_REJECT,True
APP009441,APP005053,69.21,FUZZY,81.48,81.58,20.0,AUTO_APPROVE,False
APP009442,APP002353,65.0,FUZZY,100.0,50.0,0.0,AUTO_APPROVE,False
APP009443,APP006788,51.99,FUZZY,37.5,44.12,100.0,AUTO_APPROVE,False
APP009444,APP009255,67.37,FUZZY,100.0,57.89,0.0,AUTO_APPROVE,False
APP009445,APP005958,66.5,FUZZY,100.0,55.0,0.0,AUTO_APPROVE,False
APP009446,APP002738,98.65,FUZZY,97.3,100.0,100.0,AUTO_REJECT,True
APP009447,APP009813,66.15,FUZZY,100.0,53.85,0.0,AUTO_APPROVE,False
APP009448,APP006384,93.57,FUZZY,97.14,100.0,75.0,AUTO_REJECT,True
APP009449,APP004227,71.23,FUZZY,66.67,76.32,75.0,AUTO_APPROVE,False
APP009450,APP008168,56.56,FUZZY,56.25,44.78,75.0,AUTO_APPROVE,False
APP009451,APP001702,100.0,FUZZY,100.0,100.0,100.0,AUTO_REJECT,True
APP009452,APP005681,70.22,FUZZY,75.86,57.63,75.0,AUTO_APPROVE,False
APP009453,APP005583,73.08,FUZZY,100.0,76.92,0.0,AUTO_APPROVE,False
APP009454,APP001999,100.0,EXACT_PAN,91.43,100.0,90.0,AUTO_REJECT,True
APP009455,APP009729,59.49,FUZZY,56.41,54.29,75.0,AUTO_APPROVE,False
APP009456,APP004193,66.42,FUZZY,60.47,53.97,100.0,AUTO_APPROVE,False
APP009457,APP006459,60.78,FUZZY,51.16,50.67,100.0,AUTO_APPROVE,False
APP009458,APP005599,71.36,FUZZY,80.0,54.55,75.0,AUTO_APPROVE,False
APP009459,APP006966,55.06,FUZZY,54.55,42.62,75.0,AUTO_APPROVE,False
APP009460,APP005448,63.0,FUZZY,60.0,60.0,75.0,AUTO_APPROVE,False
APP009461,APP006047,59.21,FUZZY,74.42,60.0,20.0,AUTO_APPROVE,False
APP009462,APP003411,62.31,FUZZY,100.0,41.03,0.0,AUTO_APPROVE,False
APP009463,APP003743,65.95,FUZZY,100.0,53.16,0.0,AUTO_APPROVE,False
APP009464,APP002708,58.1,FUZZY,44.44,52.94,100.0,AUTO_APPROVE,False
APP009465,APP005086,78.04,FUZZY,100.0,43.48,75.0,AUTO_APPROVE,False
APP009466,APP005474,60.62,FUZZY,81.25,53.33,20.0,AUTO_APPROVE,False
APP009467,APP008800,62.43,FUZZY,59.46,59.02,75.0,AUTO_APPROVE,False
APP009468,APP003068,93.72,FUZZY,97.44,100.0,75.0,AUTO_REJECT,True
APP009469,APP002383,97.0,EXACT_PHONE,97.3,100.0,75.0,AUTO_REJECT,True
APP009470,APP001227,66.9,FUZZY,100.0,56.34,0.0,AUTO_APPROVE,False
APP009471,APP009185,61.47,FUZZY,100.0,38.24,0.0,AUTO_APPROVE,False
APP009472,APP002676,66.71,FUZZY,100.0,55.7,0.0,AUTO_APPROVE,False
APP009473,APP009583,100.0,FUZZY,100.0,100.0,100.0,AUTO_REJECT,True
APP009474,APP008588,62.42,FUZZY,88.89,46.58,20.0,AUTO_APPROVE,False
APP009475,APP004198,60.0,FUZZY,83.87,46.88,20.0,AUTO_APPROVE,False
APP009476,APP009360,56.96,FUZZY,81.48,54.05,0.0,AUTO_APPROVE,False
APP009477,APP005131,66.34,FUZZY,81.25,35.71,75.0,AUTO_APPROVE,False
APP009478,APP009750,97.37,FUZZY,94.74,100.0,100.0,AUTO_REJECT,True
APP009479,APP008869,61.83,FUZZY,100.0,39.44,0.0,AUTO_APPROVE,False
APP009480,APP009376,59.58,FUZZY,64.86,40.51,75.0,AUTO_APPROVE,False
APP009481,APP007466,97.5,FUZZY,95.0,100.0,100.0,AUTO_REJECT,True
APP009482,APP008402,90.45,FUZZY,90.91,100.0,75.0,FLAG_FOR_REVIEW,True
APP009483,APP009412,66.21,FUZZY,81.25,35.29,75.0,AUTO_APPROVE,False
APP009484,APP002217,57.9,FUZZY,63.16,74.42,20.0,AUTO_APPROVE,False
APP009485,APP005443,71.04,FUZZY,100.0,70.13,0.0,AUTO_APPROVE,False
APP009486,APP009830,61.08,FUZZY,100.0,36.92,0.0,AUTO_APPROVE,False
APP009487,APP004244,64.37,FUZZY,76.92,36.36,75.0,AUTO_APPROVE,False
APP009488,APP001821,93.65,FUZZY,97.3,100.0,75.0,AUTO_REJECT,True
APP009489,APP003106,56.97,FUZZY,92.31,36.07,0.0,AUTO_APPROVE,False
APP009490,APP004416,72.27,FUZZY,72.73,69.7,75.0,AUTO_APPROVE,False
APP009491,APP005362,63.12,FUZZY,100.0,43.75,0.0,AUTO_APPROVE,False
APP009492,APP001611,64.27,FUZZY,56.0,70.89,75.0,AUTO_APPROVE,False
APP009493,APP008609,58.58,FUZZY,62.5,41.1,75.0,AUTO_APPROVE,False
APP009494,APP009913,67.56,FUZZY,60.0,58.54,100.0,AUTO_APPROVE,False
APP009495,APP004521,57.11,FUZZY,82.35,53.12,0.0,AUTO_APPROVE,False
APP009496,APP004357,58.61,FUZZY,48.48,47.89,100.0,AUTO_APPROVE,False
APP009497,APP007553,85.27,FUZZY,100.0,50.91,100.0,FLAG_FOR_REVIEW,True
APP009498,APP002742,97.0,EXACT_PHONE,92.86,100.0,100.0,AUTO_REJECT,True
APP009499,APP000957,68.67,FUZZY,68.57,64.62,75.0,AUTO_APPROVE,False
APP009500,APP007254,58.49,FUZZY,70.59,64.0,20.0,AUTO_APPROVE,False
APP009501,APP009923,59.34,FUZZY,57.14,42.55,90.0,AUTO_APPROVE,False
APP009502,APP009555,69.94,FUZZY,56.25,72.73,100.0,AUTO_APPROVE,False
APP009503,APP006421,67.52,FUZZY,78.79,43.75,75.0,AUTO_APPROVE,False
APP009504,APP002165,100.0,FUZZY,100.0,100.0,100.0,AUTO_REJECT,True
APP009505,APP009186,54.56,FUZZY,30.3,64.71,100.0,AUTO_APPROVE,False
APP009506,APP001768,72.5,FUZZY,100.0,75.0,0.0,AUTO_APPROVE,False
APP009507,APP005933,69.68,FUZZY,62.22,61.9,100.0,AUTO_APPROVE,False
APP009508,APP009710,93.28,FUZZY,96.55,100.0,75.0,AUTO_REJECT,True
APP009509,APP000044,74.38,FUZZY,63.16,76.0,100.0,AUTO_APPROVE,False
APP009510,APP002332,67.33,FUZZY,66.67,100.0,20.0,AUTO_APPROVE,False
APP009511,APP003029,64.31,FUZZY,100.0,34.38,20.0,AUTO_APPROVE,False
APP009512,APP007779,60.17,FUZZY,100.0,33.9,0.0,AUTO_APPROVE,False
APP009513,APP004935,62.57,FUZZY,100.0,28.57,20.0,AUTO_APPROVE,False
APP009514,APP003868,100.0,EXACT_PAN,95.0,100.0,75.0,AUTO_REJECT,True
APP009515,APP000362,64.0,FUZZY,80.0,80.0,0.0,AUTO_APPROVE,False
APP009516,APP005806,64.59,FUZZY,64.71,94.12,20.0,AUTO_APPROVE,False
APP009517,APP006924,68.63,FUZZY,100.0,48.78,20.0,AUTO_APPROVE,False
APP009518,APP009803,52.68,FUZZY,75.86,35.82,20.0,AUTO_APPROVE,False
APP009519,APP001541,54.93,FUZZY,66.67,58.67,20.0,AUTO_APPROVE,False
APP009520,APP006648,98.78,FUZZY,97.56,100.0,100.0,AUTO_REJECT,True
APP009521,APP001169,64.52,FUZZY,61.54,62.5,75.0,AUTO_APPROVE,False
APP009522,APP006267,60.17,FUZZY,88.24,53.52,0.0,AUTO_APPROVE,False
APP009523,APP009697,66.8,FUZZY,100.0,56.0,0.0,AUTO_APPROVE,False
APP009524,APP007149,52.74,FUZZY,81.48,40.0,0.0,AUTO_APPROVE,False
APP009525,APP008902,60.07,FUZZY,57.14,91.67,20.0,AUTO_APPROVE,False
APP009526,APP003271,95.0,FUZZY,100.0,100.0,75.0,AUTO_REJECT,True
APP009527,APP003929,70.34,FUZZY,81.48,48.65,75.0,AUTO_APPROVE,False
APP009528,APP002080,61.25,FUZZY,86.67,46.38,20.0,AUTO_APPROVE,False
APP009529,APP006664,62.38,FUZZY,100.0,41.27,0.0,AUTO_APPROVE,False
APP009530,APP005799,66.75,FUZZY,100.0,42.5,20.0,AUTO_APPROVE,False
APP009531,APP003456,71.92,FUZZY,76.92,61.54,75.0,AUTO_APPROVE,False
APP009532,APP009408,66.52,FUZZY,100.0,55.07,0.0,AUTO_APPROVE,False
APP009533,APP008100,95.0,FUZZY,90.0,100.0,100.0,AUTO_REJECT,True
APP009534,APP001682,60.0,FUZZY,68.57,35.71,75.0,AUTO_APPROVE,False
APP009535,APP008559,66.72,FUZZY,38.89,90.91,100.0,AUTO_APPROVE,False
APP009536,APP006743,69.41,FUZZY,100.0,64.71,0.0,AUTO_APPROVE,False
APP009537,APP002754,65.22,FUZZY,100.0,50.75,0.0,AUTO_APPROVE,False
APP009538,APP007469,71.6,FUZZY,81.08,53.52,75.0,AUTO_APPROVE,False
APP009539,APP005278,67.11,FUZZY,84.21,33.33,75.0,AUTO_APPROVE,False
APP009540,APP008523,68.26,FUZZY,100.0,60.87,0.0,AUTO_APPROVE,False
APP009541,APP009645,64.74,FUZZY,100.0,49.12,0.0,AUTO_APPROVE,False
APP009542,APP001053,61.24,FUZZY,86.49,46.67,20.0,AUTO_APPROVE,False
APP009543,APP005818,56.08,FUZZY,89.66,37.5,0.0,AUTO_APPROVE,False
APP009544,APP004039,65.0,FUZZY,100.0,50.0,0.0,AUTO_APPROVE,False
APP009545,APP009314,63.33,FUZZY,66.67,100.0,0.0,AUTO_APPROVE,False
APP009546,APP006257,63.33,FUZZY,66.67,100.0,0.0,AUTO_APPROVE,False
APP009547,APP005146,66.88,FUZZY,100.0,56.25,0.0,AUTO_APPROVE,False
APP009548,APP005160,61.57,FUZZY,26.67,94.12,100.0,AUTO_APPROVE,False
APP009549,APP009210,62.45,FUZZY,78.57,63.89,20.0,AUTO_APPROVE,False
APP009550,APP008936,57.31,FUZZY,84.62,50.0,0.0,AUTO_APPROVE,False
APP009551,APP009778,64.91,FUZZY,72.73,45.16,75.0,AUTO_APPROVE,False
APP009552,APP000200,59.24,FUZZY,66.67,36.36,75.0,AUTO_APPROVE,False
APP009553,APP003654,67.0,FUZZY,80.0,40.0,75.0,AUTO_APPROVE,False
APP009554,APP003063,63.74,FUZZY,54.05,55.7,100.0,AUTO_APPROVE,False
APP009555,APP009502,69.94,FUZZY,56.25,72.73,100.0,AUTO_APPROVE,False
APP009556,APP000536,72.39,FUZZY,82.35,54.05,75.0,AUTO_APPROVE,False
APP009557,APP008268,67.57,FUZZY,66.67,47.46,100.0,AUTO_APPROVE,False
APP009558,APP004486,61.76,FUZZY,100.0,39.22,0.0,AUTO_APPROVE,False
APP009559,APP006983,59.69,FUZZY,66.67,74.51,20.0,AUTO_APPROVE,False
APP009560,APP004683,64.38,FUZZY,62.5,43.75,100.0,AUTO_APPROVE,False
APP009561,APP005661,67.93,FUZZY,78.57,82.14,20.0,AUTO_APPROVE,False
APP009562,APP001981,71.11,FUZZY,83.33,48.15,75.0,AUTO_APPROVE,False
APP009563,APP007265,57.17,FUZZY,48.48,43.08,100.0,AUTO_APPROVE,False
APP009564,APP002552,62.26,FUZZY,64.52,100.0,0.0,AUTO_APPROVE,False
APP009565,APP002117,65.46,FUZZY,76.92,40.0,75.0,AUTO_APPROVE,False
APP009566,APP009131,65.7,FUZZY,70.97,50.7,75.0,AUTO_APPROVE,False
APP009567,APP008717,91.15,FUZZY,92.31,100.0,75.0,FLAG_FOR_REVIEW,True
APP009568,APP007286,72.26,FUZZY,100.0,74.19,0.0,AUTO_APPROVE,False
APP009569,APP003908,62.83,FUZZY,52.94,54.55,100.0,AUTO_APPROVE,False
APP009570,APP009391,69.57,FUZZY,89.47,32.79,75.0,AUTO_APPROVE,False
APP009571,APP008037,65.5,FUZZY,75.0,80.0,20.0,AUTO_APPROVE,False
APP009572,APP008415,66.04,FUZZY,76.47,42.67,75.0,AUTO_APPROVE,False
APP009573,APP002127,100.0,FUZZY,100.0,100.0,100.0,AUTO_REJECT,True
APP009574,APP002667,61.42,FUZZY,81.08,56.25,20.0,AUTO_APPROVE,False
APP009575,APP000230,62.86,FUZZY,100.0,42.86,0.0,AUTO_APPROVE,False
APP009576,APP003762,61.33,FUZZY,66.67,80.0,20.0,AUTO_APPROVE,False
APP009577,APP001290,60.99,FUZZY,62.5,49.12,75.0,AUTO_APPROVE,False
APP009578,APP000931,90.71,FUZZY,91.43,100.0,75.0,FLAG_FOR_REVIEW,True
APP009579,APP001850,66.73,FUZZY,100.0,42.42,20.0,AUTO_APPROVE,False
APP009580,APP005915,69.44,FUZZY,100.0,64.79,0.0,AUTO_APPROVE,False
APP009581,APP002385,61.84,FUZZY,100.0,39.47,0.0,AUTO_APPROVE,False
APP009582,APP006505,58.47,FUZZY,52.94,40.0,100.0,AUTO_APPROVE,False
APP009583,APP009473,100.0,FUZZY,100.0,100.0,100.0,AUTO_REJECT,True
APP009584,APP005478,68.86,FUZZY,72.73,41.67,100.0,AUTO_APPROVE,False
APP009585,APP005487,63.67,FUZZY,62.5,58.06,75.0,AUTO_APPROVE,False
APP009586,APP000056,53.51,FUZZY,34.29,54.55,100.0,AUTO_APPROVE,False
APP009587,APP003124,57.48,FUZZY,77.78,48.65,20.0,AUTO_APPROVE,False
APP009588,APP004302,59.74,FUZZY,54.55,58.23,75.0,AUTO_APPROVE,False
APP009589,APP000887,97.0,EXACT_PHONE,100.0,100.0,100.0,AUTO_REJECT,True
APP009590,APP004019,97.0,EXACT_PHONE,97.44,100.0,100.0,AUTO_REJECT,True
APP009591,APP006868,64.81,FUZZY,100.0,49.35,0.0,AUTO_APPROVE,False
APP009592,APP009582,54.24,FUZZY,82.76,42.86,0.0,AUTO_APPROVE,False
APP009593,APP003166,66.04,FUZZY,62.5,49.32,100.0,AUTO_APPROVE,False
APP009594,APP009217,64.35,FUZZY,100.0,47.83,0.0,AUTO_APPROVE,False
APP009595,APP005161,75.5,FUZZY,100.0,85.0,0.0,AUTO_APPROVE,False
APP009596,APP000940,65.3,FUZZY,78.79,36.36,75.0,AUTO_APPROVE,False
APP009597,APP009924,61.12,FUZZY,75.0,65.38,20.0,AUTO_APPROVE,False
APP009598,APP008477,63.54,FUZZY,66.67,50.7,75.0,AUTO_APPROVE,False
APP009599,APP009105,62.73,FUZZY,100.0,42.42,0.0,AUTO_APPROVE,False
APP009600,APP006992,63.78,FUZZY,82.76,61.33,20.0,AUTO_APPROVE,False
APP009601,APP008716,95.0,FUZZY,100.0,100.0,75.0,AUTO_REJECT,True
APP009602,APP003832,51.08,FUZZY,62.5,52.78,20.0,AUTO_APPROVE,False
APP009603,APP003691,59.7,FUZZY,62.5,44.83,75.0,AUTO_APPROVE,False
APP009604,APP001775,63.85,FUZZY,58.82,64.79,75.0,AUTO_APPROVE,False
APP009605,APP007336,63.16,FUZZY,58.82,62.5,75.0,AUTO_APPROVE,False
APP009606,APP003819,68.62,FUZZY,81.25,26.67,100.0,AUTO_APPROVE,False
APP009607,APP001454,53.35,FUZZY,60.0,64.52,20.0,AUTO_APPROVE,False
APP009608,APP008467,64.58,FUZZY,68.75,50.67,75.0,AUTO_APPROVE,False
APP009609,APP000165,60.36,FUZZY,71.43,32.14,75.0,AUTO_APPROVE,False
APP009610,APP008170,64.93,FUZZY,80.95,68.18,20.0,AUTO_APPROVE,False
APP009611,APP009959,64.91,FUZZY,66.67,55.26,75.0,AUTO_APPROVE,False
APP009612,APP009037,63.91,FUZZY,100.0,46.38,0.0,AUTO_APPROVE,False
APP009613,APP008831,72.14,FUZZY,58.82,75.76,100.0,AUTO_APPROVE,False
APP009614,APP002433,100.0,FUZZY,100.0,100.0,100.0,AUTO_REJECT,True
APP009615,APP007287,100.0,EXACT_PAN,95.24,100.0,100.0,AUTO_REJECT,True
APP009616,APP008148,98.65,FUZZY,97.3,100.0,100.0,AUTO_REJECT,True
APP009617,APP004705,100.0,EXACT_PAN,94.74,100.0,90.0,AUTO_REJECT,True
APP009618,APP008629,100.0,FUZZY,100.0,100.0,100.0,AUTO_REJECT,True
APP009619,APP007708,62.18,FUZZY,90.91,42.42,20.0,AUTO_APPROVE,False
APP009620,APP001732,57.05,FUZZY,66.67,65.71,20.0,AUTO_APPROVE,False
APP009621,APP003007,58.23,FUZZY,62.5,76.6,20.0,AUTO_APPROVE,False
APP009622,APP008253,67.75,FUZZY,100.0,59.15,0.0,AUTO_APPROVE,False
APP009623,APP001093,60.0,FUZZY,63.16,44.74,75.0,AUTO_APPROVE,False
APP009624,APP009141,54.34,FUZZY,83.33,42.25,0.0,AUTO_APPROVE,False
APP009625,APP008779,63.12,FUZZY,100.0,43.75,0.0,AUTO_APPROVE,False
APP009626,APP000288,64.07,FUZZY,82.76,62.3,20.0,AUTO_APPROVE,False
APP009627,APP009208,58.68,FUZZY,66.67,34.48,75.0,AUTO_APPROVE,False
APP009628,APP004174,66.46,FUZZY,83.72,32.0,75.0,AUTO_APPROVE,False
APP009629,APP004206,63.97,FUZZY,53.66,57.14,100.0,AUTO_APPROVE,False
APP009630,APP005159,57.76,FUZZY,66.67,31.43,75.0,AUTO_APPROVE,False
APP009631,APP004984,70.32,FUZZY,100.0,67.74,0.0,AUTO_APPROVE,False
APP009632,APP008289,97.0,EXACT_PHONE,94.74,100.0,100.0,AUTO_REJECT,True
APP009633,APP004438,66.0,FUZZY,100.0,53.33,0.0,AUTO_APPROVE,False
APP009634,APP006522,60.69,FUZZY,70.59,34.67,75.0,AUTO_APPROVE,False
APP009635,APP002202,62.81,FUZZY,83.33,57.14,20.0,AUTO_APPROVE,False
APP009636,APP003528,97.22,FUZZY,94.44,100.0,100.0,AUTO_REJECT,True
APP009637,APP006432,100.0,FUZZY,100.0,100.0,100.0,AUTO_REJECT,True
APP009638,APP005399,63.28,FUZZY,75.86,34.48,75.0,AUTO_APPROVE,False
APP009639,APP004244,52.44,FUZZY,54.55,33.9,75.0,AUTO_APPROVE,False
APP009640,APP003831,95.0,FUZZY,100.0,100.0,75.0,AUTO_REJECT,True
APP009641,APP007514,65.94,FUZZY,83.87,66.67,20.0,AUTO_APPROVE,False
APP009642,APP000698,63.63,FUZZY,70.59,44.44,75.0,AUTO_APPROVE,False
APP009643,APP004304,66.36,FUZZY,100.0,54.55,0.0,AUTO_APPROVE,False
APP009644,APP005012,66.47,FUZZY,100.0,54.9,0.0,AUTO_APPROVE,False
APP009645,APP009541,64.74,FUZZY,100.0,49.12,0.0,AUTO_APPROVE,False
APP009646,APP005426,52.42,FUZZY,48.65,43.64,75.0,AUTO_APPROVE,False
APP009647,APP005462,100.0,EXACT_PAN,100.0,100.0,75.0,AUTO_REJECT,True
APP009648,APP007467,68.46,FUZZY,84.21,37.84,75.0,AUTO_APPROVE,False
APP009649,APP004655,59.63,FUZZY,62.86,44.0,75.0,AUTO_APPROVE,False
APP009650,APP004246,69.53,FUZZY,100.0,65.12,0.0,AUTO_APPROVE,False
APP009651,APP003213,97.5,FUZZY,95.0,100.0,100.0,AUTO_REJECT,True
APP009652,APP003636,63.57,FUZZY,70.0,45.24,75.0,AUTO_APPROVE,False
APP009653,APP004611,67.77,FUZZY,82.35,75.32,20.0,AUTO_APPROVE,False
APP009654,APP005651,75.89,FUZZY,84.85,61.54,75.0,AUTO_APPROVE,False
APP009655,APP007062,62.92,FUZZY,100.0,43.08,0.0,AUTO_APPROVE,False
APP009656,APP007990,61.7,FUZZY,62.5,51.52,75.0,AUTO_APPROVE,False
APP009657,APP005264,67.2,FUZZY,63.16,68.75,75.0,AUTO_APPROVE,False
APP009658,,0.0,NO_MATCH,0.0,0.0,0.0,AUTO_APPROVE,False
APP009659,APP008204,61.19,FUZZY,100.0,37.29,0.0,AUTO_APPROVE,False
APP009660,APP005484,62.12,FUZZY,83.33,54.84,20.0,AUTO_APPROVE,False
APP009661,APP000056,57.45,FUZZY,81.08,43.04,20.0,AUTO_APPROVE,False
APP009662,APP008474,63.55,FUZZY,100.0,45.16,0.0,AUTO_APPROVE,False
APP009663,APP007621,60.42,FUZZY,62.5,47.22,75.0,AUTO_APPROVE,False
APP009664,APP007201,59.93,FUZZY,75.86,60.0,20.0,AUTO_APPROVE,False
APP009665,APP002894,66.0,FUZZY,100.0,53.33,0.0,AUTO_APPROVE,False
APP009666,APP002276,65.34,FUZZY,80.0,34.48,75.0,AUTO_APPROVE,False
APP009667,APP004958,66.79,FUZZY,100.0,42.62,20.0,AUTO_APPROVE,False
APP009668,APP009525,51.18,FUZZY,36.36,43.33,100.0,AUTO_APPROVE,False
APP009669,APP004160,58.52,FUZZY,66.67,33.96,75.0,AUTO_APPROVE,False
APP009670,APP000571,63.68,FUZZY,100.0,45.61,0.0,AUTO_APPROVE,False
APP009671,APP002633,71.74,FUZZY,100.0,72.46,0.0,AUTO_APPROVE,False
APP009672,APP007520,60.24,FUZZY,83.33,48.57,20.0,AUTO_APPROVE,False
APP009673,APP007460,57.83,FUZZY,78.57,48.48,20.0,AUTO_APPROVE,False
APP009674,APP007337,96.82,FUZZY,93.64,100.0,100.0,AUTO_REJECT,True
APP009675,APP005120,100.0,EXACT_PAN,94.44,100.0,75.0,AUTO_REJECT,True
APP009676,APP003369,61.42,FUZZY,84.85,50.0,20.0,AUTO_APPROVE,False
APP009677,APP006533,100.0,FUZZY,100.0,100.0,100.0,AUTO_REJECT,True
APP009678,APP002244,70.19,FUZZY,75.86,57.53,75.0,AUTO_APPROVE,False
APP009679,APP008377,65.88,FUZZY,72.22,49.23,75.0,AUTO_APPROVE,False
APP009680,APP007044,64.12,FUZZY,100.0,47.06,0.0,AUTO_APPROVE,False
APP009681,APP002422,59.15,FUZZY,100.0,30.51,0.0,AUTO_APPROVE,False
APP009682,APP001262,98.39,FUZZY,96.77,100.0,100.0,AUTO_REJECT,True
APP009683,APP005152,63.42,FUZZY,100.0,44.74,0.0,AUTO_APPROVE,False
APP009684,APP009004,70.81,FUZZY,81.08,50.91,75.0,AUTO_APPROVE,False
APP009685,APP002244,64.06,FUZZY,100.0,46.88,0.0,AUTO_APPROVE,False
APP009686,APP009103,73.33,FUZZY,100.0,77.78,0.0,AUTO_APPROVE,False
APP009687,APP005835,73.02,FUZZY,100.0,63.41,20.0,AUTO_APPROVE,False
APP009688,APP000501,100.0,EXACT_PAN,97.44,100.0,100.0,AUTO_REJECT,True
APP009689,APP003595,53.02,FUZZY,73.68,40.58,20.0,AUTO_APPROVE,False
APP009690,APP004463,64.29,FUZZY,100.0,47.62,0.0,AUTO_APPROVE,False
APP009691,APP005802,67.09,FUZZY,100.0,43.64,20.0,AUTO_APPROVE,False
APP009692,APP008002,57.92,FUZZY,64.52,72.22,20.0,AUTO_APPROVE,False
APP009693,APP002613,62.22,FUZZY,100.0,40.74,0.0,AUTO_APPROVE,False
APP009694,APP005030,57.68,FUZZY,62.86,37.5,75.0,AUTO_APPROVE,False
APP009695,APP006717,60.59,FUZZY,100.0,35.29,0.0,AUTO_APPROVE,False
APP009696,APP003784,55.06,FUZZY,38.89,52.05,100.0,AUTO_APPROVE,False
APP009697,APP008657,69.8,FUZZY,75.0,94.34,20.0,AUTO_APPROVE,False
APP009698,APP005173,67.65,FUZZY,72.73,54.29,75.0,AUTO_APPROVE,False
APP009699,APP004340,56.82,FUZZY,54.05,49.32,75.0,AUTO_APPROVE,False
APP009700,APP002791,62.76,FUZZY,54.55,51.61,100.0,AUTO_APPROVE,False
APP009701,APP004245,52.08,FUZZY,70.59,42.62,20.0,AUTO_APPROVE,False
APP009702,APP000855,62.5,FUZZY,80.0,75.0,0.0,AUTO_APPROVE,False
APP009703,APP004781,60.07,FUZZY,57.14,91.67,20.0,AUTO_APPROVE,False
APP009704,APP008065,55.27,FUZZY,70.0,54.24,20.0,AUTO_APPROVE,False
APP009705,APP007014,63.29,FUZZY,63.16,55.7,75.0,AUTO_APPROVE,False
APP009706,APP008802,100.0,EXACT_PAN,92.86,100.0,100.0,AUTO_REJECT,True
APP009707,APP007975,73.75,FUZZY,100.0,65.82,20.0,AUTO_APPROVE,False
APP009708,APP005031,66.67,FUZZY,100.0,55.56,0.0,AUTO_APPROVE,False
APP009709,APP004940,60.31,FUZZY,100.0,34.38,0.0,AUTO_APPROVE,False
APP009710,APP009508,93.28,FUZZY,96.55,100.0,75.0,AUTO_REJECT,True
APP009711,APP002339,68.95,FUZZY,100.0,63.16,0.0,AUTO_APPROVE,False
APP009712,APP002152,69.17,FUZZY,100.0,63.89,0.0,AUTO_APPROVE,False
APP009713,APP008410,61.11,FUZZY,100.0,37.04,0.0,AUTO_APPROVE,False
APP009714,APP005822,100.0,FUZZY,100.0,100.0,100.0,AUTO_REJECT,True
APP009715,APP007979,100.0,FUZZY,100.0,100.0,100.0,AUTO_REJECT,True
APP009716,APP002372,70.0,FUZZY,100.0,66.67,0.0,AUTO_APPROVE,False
APP009717,APP001525,53.71,FUZZY,62.5,61.54,20.0,AUTO_APPROVE,False
APP009718,APP009601,68.46,FUZZY,100.0,61.54,0.0,AUTO_APPROVE,False
APP009719,APP005190,63.22,FUZZY,100.0,44.07,0.0,AUTO_APPROVE,False
APP009720,APP001252,69.5,FUZZY,78.57,50.7,75.0,AUTO_APPROVE,False
APP009721,APP009117,57.88,FUZZY,87.18,34.29,20.0,AUTO_APPROVE,False
APP009722,APP000333,66.44,FUZZY,100.0,54.79,0.0,AUTO_APPROVE,False
APP009723,APP008013,97.37,FUZZY,94.74,100.0,100.0,AUTO_REJECT,True
APP009724,APP009020,67.5,FUZZY,100.0,58.33,0.0,AUTO_APPROVE,False
APP009725,APP005041,66.44,FUZZY,100.0,54.79,0.0,AUTO_APPROVE,False
APP009726,APP009029,96.65,FUZZY,97.3,100.0,90.0,AUTO_REJECT,True
APP009727,APP001924,97.0,EXACT_PHONE,100.0,100.0,75.0,AUTO_REJECT,True
APP009728,APP005785,52.93,FUZZY,57.14,67.86,20.0,AUTO_APPROVE,False
APP009729,APP009455,59.49,FUZZY,56.41,54.29,75.0,AUTO_APPROVE,False
APP009730,APP004414,67.95,FUZZY,62.5,72.34,75.0,AUTO_APPROVE,False
APP009731,APP002504,61.35,FUZZY,100.0,37.84,0.0,AUTO_APPROVE,False
APP009732,APP004452,92.37,FUZZY,94.74,100.0,75.0,AUTO_REJECT,True
APP009733,APP004312,57.21,FUZZY,57.14,45.45,75.0,AUTO_APPROVE,False
APP009734,APP006142,93.72,FUZZY,97.44,100.0,75.0,AUTO_REJECT,True
APP009735,APP003870,97.0,EXACT_PHONE,97.44,100.0,100.0,AUTO_REJECT,True
APP009736,APP003741,57.11,FUZZY,55.56,47.76,75.0,AUTO_APPROVE,False
APP009737,APP003308,65.71,FUZZY,100.0,52.38,0.0,AUTO_APPROVE,False
APP009738,APP009368,98.57,FUZZY,97.14,100.0,100.0,AUTO_REJECT,True
APP009739,APP000818,60.13,FUZZY,78.26,70.0,0.0,AUTO_APPROVE,False
APP009740,APP003526,62.46,FUZZY,80.0,61.54,20.0,AUTO_APPROVE,False
APP009741,APP004753,60.54,FUZZY,62.5,47.62,75.0,AUTO_APPROVE,False
APP009742,APP007398,56.88,FUZZY,43.75,50.0,100.0,AUTO_APPROVE,False
APP009743,APP000495,78.97,FUZZY,100.0,46.58,75.0,AUTO_APPROVE,True
APP009744,APP007315,73.54,FUZZY,75.0,70.13,75.0,AUTO_APPROVE,False
APP009745,APP007187,64.68,FUZZY,100.0,35.62,20.0,AUTO_APPROVE,False
APP009746,APP009276,64.52,FUZZY,100.0,48.39,0.0,AUTO_APPROVE,False
APP009747,APP005872,67.62,FUZZY,81.25,40.0,75.0,AUTO_APPROVE,False
APP009748,APP007399,72.57,FUZZY,100.0,61.9,20.0,AUTO_APPROVE,False
APP009749,APP006977,61.84,FUZZY,77.78,63.16,20.0,AUTO_APPROVE,False
APP009750,APP009478,97.37,FUZZY,94.74,100.0,100.0,AUTO_REJECT,True
APP009751,APP008124,80.79,FUZZY,75.86,92.86,75.0,FLAG_FOR_REVIEW,False
APP009752,APP005995,66.29,FUZZY,50.0,70.97,100.0,AUTO_APPROVE,False
APP009753,APP001796,100.0,EXACT_PAN,100.0,100.0,100.0,AUTO_REJECT,True
APP009754,APP005424,68.08,FUZZY,100.0,60.27,0.0,AUTO_APPROVE,False
APP009755,APP003051,60.87,FUZZY,64.86,44.78,75.0,AUTO_APPROVE,False
APP009756,APP005335,65.2,FUZZY,100.0,50.67,0.0,AUTO_APPROVE,False
APP009757,APP006863,54.22,FUZZY,63.16,25.45,75.0,AUTO_APPROVE,False
APP009758,APP003780,100.0,EXACT_PAN,100.0,100.0,90.0,AUTO_REJECT,True
APP009759,APP009909,60.96,FUZZY,57.14,57.97,75.0,AUTO_APPROVE,False
APP009760,APP009782,67.81,FUZZY,100.0,59.38,0.0,AUTO_APPROVE,False
APP009761,APP004872,100.0,FUZZY,100.0,100.0,100.0,AUTO_REJECT,True
APP009762,APP003448,73.84,FUZZY,100.0,79.45,0.0,AUTO_APPROVE,False
APP009763,APP009826,65.14,FUZZY,100.0,37.14,20.0,AUTO_APPROVE,False
APP009764,APP009912,63.85,FUZZY,60.61,45.16,100.0,AUTO_APPROVE,False
APP009765,APP006244,71.91,FUZZY,76.92,44.83,100.0,AUTO_APPROVE,False
APP009766,APP001711,55.47,FUZZY,80.0,38.24,20.0,AUTO_APPROVE,False
APP009767,APP007888,95.0,FUZZY,100.0,100.0,75.0,AUTO_REJECT,True
APP009768,APP006618,59.01,FUZZY,56.25,52.94,75.0,AUTO_APPROVE,False
APP009769,APP008434,59.57,FUZZY,100.0,31.88,0.0,AUTO_APPROVE,False
APP009770,APP008576,97.0,EXACT_PHONE,94.44,100.0,75.0,AUTO_REJECT,True
APP009771,APP004338,62.92,FUZZY,56.41,65.71,75.0,AUTO_APPROVE,False
APP009772,APP005909,65.56,FUZZY,68.42,37.84,100.0,AUTO_APPROVE,False
APP009773,APP000097,100.0,EXACT_PAN,94.74,100.0,100.0,AUTO_REJECT,True
APP009774,APP008738,72.84,FUZZY,77.42,63.77,75.0,AUTO_APPROVE,False
APP009775,APP009351,60.94,FUZZY,83.87,50.0,20.0,AUTO_APPROVE,False
APP009776,APP003151,61.38,FUZZY,100.0,37.93,0.0,AUTO_APPROVE,False
APP009777,APP003751,68.91,FUZZY,82.76,78.43,20.0,AUTO_APPROVE,False
APP009778,APP008016,68.1,FUZZY,76.19,100.0,0.0,AUTO_APPROVE,False
APP009779,APP004750,96.82,FUZZY,93.64,100.0,100.0,AUTO_REJECT,True
APP009780,APP001483,65.62,FUZZY,100.0,52.05,0.0,AUTO_APPROVE,False
APP009781,APP001271,68.21,FUZZY,100.0,60.71,0.0,AUTO_APPROVE,False
APP009782,APP005363,68.33,FUZZY,73.33,55.56,75.0,AUTO_APPROVE,False
APP009783,APP005349,63.43,FUZZY,100.0,44.78,0.0,AUTO_APPROVE,False
APP009784,APP000670,56.51,FUZZY,62.86,70.27,20.0,AUTO_APPROVE,False
APP009785,APP005683,98.78,FUZZY,97.56,100.0,100.0,AUTO_REJECT,True
APP009786,APP007442,59.73,FUZZY,100.0,32.43,0.0,AUTO_APPROVE,False
APP009787,APP001814,61.65,FUZZY,58.54,41.27,100.0,AUTO_APPROVE,False
APP009788,APP003435,95.0,FUZZY,100.0,100.0,75.0,AUTO_REJECT,True
APP009789,APP008167,95.0,FUZZY,100.0,100.0,75.0,AUTO_REJECT,True
APP009790,APP002223,65.22,FUZZY,100.0,50.75,0.0,AUTO_APPROVE,False
APP009791,APP001983,69.3,FUZZY,64.29,73.85,75.0,AUTO_APPROVE,False
APP009792,APP006819,66.14,FUZZY,84.85,65.71,20.0,AUTO_APPROVE,False
APP009793,APP008344,59.43,FUZZY,100.0,31.43,0.0,AUTO_APPROVE,False
APP009794,APP007475,54.1,FUZZY,35.9,53.85,100.0,AUTO_APPROVE,False
APP009795,APP005514,61.8,FUZZY,70.0,39.34,75.0,AUTO_APPROVE,False
APP009796,APP002037,69.29,FUZZY,100.0,64.29,0.0,AUTO_APPROVE,False
APP009797,APP002227,53.55,FUZZY,71.43,59.46,0.0,AUTO_APPROVE,False
APP009798,APP000131,63.43,FUZZY,62.07,57.97,75.0,AUTO_APPROVE,False
APP009799,APP009974,58.74,FUZZY,64.0,39.13,75.0,AUTO_APPROVE,False
APP009800,APP007408,66.0,FUZZY,100.0,40.0,20.0,AUTO_APPROVE,False
APP009801,APP001269,100.0,FUZZY,100.0,100.0,100.0,AUTO_REJECT,True
APP009802,APP003371,59.35,FUZZY,70.59,30.19,75.0,AUTO_APPROVE,False
APP009803,APP000879,67.75,FUZZY,100.0,59.15,0.0,AUTO_APPROVE,False
APP009804,APP005274,69.32,FUZZY,100.0,64.41,0.0,AUTO_APPROVE,False
APP009805,APP002811,64.4,FUZZY,100.0,48.0,0.0,AUTO_APPROVE,False
APP009806,APP005877,72.29,FUZZY,80.0,57.63,75.0,AUTO_APPROVE,False
APP009807,APP006261,59.26,FUZZY,82.35,60.27,0.0,AUTO_APPROVE,False
APP009808,APP008047,57.09,FUZZY,57.14,45.07,75.0,AUTO_APPROVE,False
APP009809,APP006437,64.89,FUZZY,66.67,55.17,75.0,AUTO_APPROVE,False
APP009810,APP003543,60.55,FUZZY,78.57,57.53,20.0,AUTO_APPROVE,False
APP009811,APP008063,57.32,FUZZY,83.87,51.28,0.0,AUTO_APPROVE,False
APP009812,APP001216,57.27,FUZZY,54.55,33.33,100.0,AUTO_APPROVE,False
APP009813,APP009447,66.15,FUZZY,100.0,53.85,0.0,AUTO_APPROVE,False
APP009814,APP004247,69.5,FUZZY,100.0,65.0,0.0,AUTO_APPROVE,False
APP009815,APP007002,60.71,FUZZY,100.0,35.71,0.0,AUTO_APPROVE,False
APP009816,APP002863,100.0,FUZZY,100.0,100.0,100.0,AUTO_REJECT,True
APP009817,APP005336,61.44,FUZZY,58.82,56.76,75.0,AUTO_APPROVE,False
APP009818,APP004617,66.46,FUZZY,76.47,44.07,75.0,AUTO_APPROVE,False
APP009819,APP002778,75.07,FUZZY,78.95,68.66,75.0,AUTO_APPROVE,False
APP009820,APP002335,59.84,FUZZY,100.0,32.79,0.0,AUTO_APPROVE,False
APP009821,APP000599,67.84,FUZZY,100.0,59.46,0.0,AUTO_APPROVE,False
APP009822,APP007899,63.97,FUZZY,100.0,46.58,0.0,AUTO_APPROVE,False
APP009823,APP008544,64.74,FUZZY,100.0,49.12,0.0,AUTO_APPROVE,False
APP009824,APP006273,63.33,FUZZY,66.67,100.0,0.0,AUTO_APPROVE,False
APP009825,APP001847,54.13,FUZZY,66.67,56.0,20.0,AUTO_APPROVE,False
APP009826,APP000025,71.82,FUZZY,100.0,72.73,0.0,AUTO_APPROVE,False
APP009827,APP009335,59.52,FUZZY,66.67,37.29,75.0,AUTO_APPROVE,False
APP009828,APP002174,66.84,FUZZY,73.68,100.0,0.0,AUTO_APPROVE,False
APP009829,APP001240,62.44,FUZZY,100.0,41.46,0.0,AUTO_APPROVE,False
APP009830,APP009486,61.08,FUZZY,100.0,36.92,0.0,AUTO_APPROVE,False
APP009831,APP007541,100.0,FUZZY,100.0,100.0,100.0,AUTO_REJECT,True
APP009832,APP000539,55.73,FUZZY,60.61,71.43,20.0,AUTO_APPROVE,False
APP009833,APP001394,70.62,FUZZY,100.0,68.75,0.0,AUTO_APPROVE,False
APP009834,APP005334,71.29,FUZZY,70.59,70.0,75.0,AUTO_APPROVE,False
APP009835,APP008495,69.29,FUZZY,100.0,64.29,0.0,AUTO_APPROVE,False
APP009836,APP006655,57.79,FUZZY,78.79,48.0,20.0,AUTO_APPROVE,False
APP009837,APP001270,59.67,FUZZY,83.33,46.67,20.0,AUTO_APPROVE,False
APP009838,APP002496,63.73,FUZZY,84.62,58.06,20.0,AUTO_APPROVE,False
APP009839,APP008827,67.01,FUZZY,100.0,56.72,0.0,AUTO_APPROVE,False
APP009840,APP000466,77.86,FUZZY,100.0,92.86,0.0,AUTO_APPROVE,False
APP009841,APP007714,63.74,FUZZY,89.47,50.0,20.0,AUTO_APPROVE,False
APP009842,APP002232,100.0,EXACT_PAN,100.0,100.0,100.0,AUTO_REJECT,True
APP009843,APP008634,61.15,FUZZY,48.48,73.02,75.0,AUTO_APPROVE,False
APP009844,APP008462,67.81,FUZZY,100.0,59.38,0.0,AUTO_APPROVE,False
APP009845,APP003400,53.3,FUZZY,70.27,47.22,20.0,AUTO_APPROVE,False
APP009846,APP007922,97.0,EXACT_PHONE,96.97,100.0,100.0,AUTO_REJECT,True
APP009847,APP008305,64.12,FUZZY,100.0,47.06,0.0,AUTO_APPROVE,False
APP009848,APP000025,64.68,FUZZY,72.0,45.61,75.0,AUTO_APPROVE,False
APP009849,APP009302,62.97,FUZZY,100.0,43.24,0.0,AUTO_APPROVE,False
APP009850,APP008229,63.71,FUZZY,100.0,45.71,0.0,AUTO_APPROVE,False
APP009851,APP003753,61.94,FUZZY,62.5,52.31,75.0,AUTO_APPROVE,False
APP009852,APP000392,59.08,FUZZY,59.46,31.17,100.0,AUTO_APPROVE,False
APP009853,APP002944,65.19,FUZZY,87.18,58.67,20.0,AUTO_APPROVE,False
APP009854,APP001535,54.09,FUZZY,48.48,32.84,100.0,AUTO_APPROVE,False
APP009855,,0.0,NO_MATCH,0.0,0.0,0.0,AUTO_APPROVE,False
APP009856,APP008503,65.17,FUZZY,81.82,67.53,20.0,AUTO_APPROVE,False
APP009857,APP004426,59.66,FUZZY,86.49,41.38,20.0,AUTO_APPROVE,False
APP009858,APP006191,61.14,FUZZY,100.0,37.14,0.0,AUTO_APPROVE,False
APP009859,APP003164,63.43,FUZZY,100.0,44.78,0.0,AUTO_APPROVE,False
APP009860,APP001440,100.0,FUZZY,100.0,100.0,100.0,AUTO_REJECT,True
APP009861,APP007568,67.54,FUZZY,83.87,72.0,20.0,AUTO_APPROVE,False
APP009862,APP000956,59.13,FUZZY,78.95,52.17,20.0,AUTO_APPROVE,False
APP009863,APP006046,61.0,FUZZY,100.0,36.67,0.0,AUTO_APPROVE,False
APP009864,APP008610,63.62,FUZZY,62.86,40.62,100.0,AUTO_APPROVE,False
APP009865,APP007108,95.0,FUZZY,100.0,100.0,75.0,AUTO_REJECT,True
APP009866,APP008065,100.0,FUZZY,100.0,100.0,100.0,AUTO_REJECT,True
APP009867,APP008809,64.33,FUZZY,100.0,47.76,0.0,AUTO_APPROVE,False
APP009868,APP000594,65.23,FUZZY,80.0,70.77,20.0,AUTO_APPROVE,False
APP009869,APP002043,98.0,FUZZY,100.0,100.0,90.0,AUTO_REJECT,True
APP009870,APP005632,69.79,FUZZY,44.44,91.89,100.0,AUTO_APPROVE,False
APP009871,APP001563,64.12,FUZZY,100.0,47.06,0.0,AUTO_APPROVE,False
APP009872,APP003318,97.0,EXACT_PHONE,94.12,100.0,75.0,AUTO_REJECT,True
APP009873,APP007101,61.4,FUZZY,59.46,55.56,75.0,AUTO_APPROVE,False
APP009874,APP005107,73.02,FUZZY,100.0,63.41,20.0,AUTO_APPROVE,False
APP009875,APP009837,56.97,FUZZY,83.33,37.68,20.0,AUTO_APPROVE,False
APP009876,APP008930,60.56,FUZZY,84.62,47.5,20.0,AUTO_APPROVE,False
APP009877,APP000874,69.66,FUZZY,100.0,65.52,0.0,AUTO_APPROVE,False
APP009878,APP004702,68.69,FUZZY,100.0,62.3,0.0,AUTO_APPROVE,False
APP009879,APP008893,64.17,FUZZY,100.0,47.22,0.0,AUTO_APPROVE,False
APP009880,APP005601,64.36,FUZZY,72.73,80.0,20.0,AUTO_APPROVE,False
APP009881,APP000405,58.81,FUZZY,62.86,41.27,75.0,AUTO_APPROVE,False
APP009882,APP002147,70.26,FUZZY,100.0,67.53,0.0,AUTO_APPROVE,False
APP009883,APP001907,58.45,FUZZY,85.0,53.16,0.0,AUTO_APPROVE,False
APP009884,APP008283,61.29,FUZZY,80.0,70.97,0.0,AUTO_APPROVE,False
APP009885,APP007387,66.71,FUZZY,100.0,55.7,0.0,AUTO_APPROVE,False
APP009886,APP005860,71.87,FUZZY,70.59,55.26,100.0,AUTO_APPROVE,False
APP009887,APP009843,52.59,FUZZY,84.62,34.29,0.0,AUTO_APPROVE,False
APP009888,APP004191,75.26,FUZZY,100.0,84.21,0.0,AUTO_APPROVE,False
APP009889,,0.0,NO_MATCH,0.0,0.0,0.0,AUTO_APPROVE,False
APP009890,APP006658,64.09,FUZZY,68.75,49.06,75.0,AUTO_APPROVE,False
APP009891,APP001549,100.0,EXACT_PAN,95.0,100.0,75.0,AUTO_REJECT,True
APP009892,APP003045,62.81,FUZZY,58.82,61.33,75.0,AUTO_APPROVE,False
APP009893,APP003619,56.21,FUZZY,72.73,52.83,20.0,AUTO_APPROVE,False
APP009894,APP006310,69.09,FUZZY,100.0,63.64,0.0,AUTO_APPROVE,False
APP009895,APP001820,67.39,FUZZY,100.0,57.97,0.0,AUTO_APPROVE,False
APP009896,APP001951,63.22,FUZZY,83.87,57.63,20.0,AUTO_APPROVE,False
APP009897,APP009432,65.26,FUZZY,66.67,56.41,75.0,AUTO_APPROVE,False
APP009898,APP006081,59.47,FUZZY,100.0,31.58,0.0,AUTO_APPROVE,False
APP009899,APP006722,60.77,FUZZY,61.54,100.0,0.0,AUTO_APPROVE,False
APP009900,APP002461,58.86,FUZZY,81.48,47.06,20.0,AUTO_APPROVE,False
APP009901,APP005920,100.0,EXACT_PAN,97.56,100.0,75.0,AUTO_REJECT,True
APP009902,APP006338,63.74,FUZZY,61.11,60.61,75.0,AUTO_APPROVE,False
APP009903,APP009280,67.01,FUZZY,100.0,56.72,0.0,AUTO_APPROVE,False
APP009904,APP008642,100.0,FUZZY,100.0,100.0,100.0,AUTO_REJECT,True
APP009905,APP009604,62.97,FUZZY,100.0,43.24,0.0,AUTO_APPROVE,False
APP009906,APP004959,97.0,EXACT_PHONE,100.0,100.0,75.0,AUTO_REJECT,True
APP009907,APP003394,60.65,FUZZY,100.0,35.48,0.0,AUTO_APPROVE,False
APP009908,APP002514,51.44,FUZZY,57.14,26.23,75.0,AUTO_APPROVE,False
APP009909,APP009759,60.96,FUZZY,57.14,57.97,75.0,AUTO_APPROVE,False
APP009910,APP007743,75.29,FUZZY,100.0,70.97,20.0,AUTO_APPROVE,False
APP009911,APP007978,64.66,FUZZY,82.93,64.0,20.0,AUTO_APPROVE,False
APP009912,APP007683,67.63,FUZZY,80.0,42.11,75.0,AUTO_APPROVE,False
APP009913,APP009494,67.56,FUZZY,60.0,58.54,100.0,AUTO_APPROVE,False
APP009914,APP001340,93.72,FUZZY,97.44,100.0,75.0,AUTO_REJECT,True
APP009915,APP000767,100.0,FUZZY,100.0,100.0,100.0,AUTO_REJECT,True
APP009916,APP008438,62.0,FUZZY,100.0,40.0,0.0,AUTO_APPROVE,False
APP009917,APP008968,64.06,FUZZY,100.0,46.88,0.0,AUTO_APPROVE,False
APP009918,APP003758,74.07,FUZZY,74.29,56.41,100.0,AUTO_APPROVE,False
APP009919,APP006887,59.0,FUZZY,100.0,30.0,0.0,AUTO_APPROVE,False
APP009920,APP008666,63.62,FUZZY,85.71,55.88,20.0,AUTO_APPROVE,False
APP009921,APP001310,57.66,FUZZY,43.75,52.63,100.0,AUTO_APPROVE,False
APP009922,APP000176,100.0,EXACT_PAN,100.0,100.0,100.0,AUTO_REJECT,True
APP009923,APP005472,62.24,FUZZY,100.0,40.82,0.0,AUTO_APPROVE,False
APP009924,APP001408,64.72,FUZZY,100.0,49.06,0.0,AUTO_APPROVE,False
APP009925,APP002508,63.27,FUZZY,64.86,52.78,75.0,AUTO_APPROVE,False
APP009926,APP005562,64.75,FUZZY,100.0,49.18,0.0,AUTO_APPROVE,False
APP009927,APP009804,55.04,FUZZY,74.07,46.67,20.0,AUTO_APPROVE,False
APP009928,APP000442,60.85,FUZZY,72.73,68.29,20.0,AUTO_APPROVE,False
APP009929,APP005115,62.2,FUZZY,100.0,40.68,0.0,AUTO_APPROVE,False
APP009930,APP000963,64.07,FUZZY,75.86,37.14,75.0,AUTO_APPROVE,False
APP009931,APP000155,65.18,FUZZY,65.0,42.25,100.0,AUTO_APPROVE,False
APP009932,APP009708,55.91,FUZZY,58.82,75.0,20.0,AUTO_APPROVE,False
APP009933,APP008820,64.48,FUZZY,68.97,100.0,0.0,AUTO_APPROVE,False
APP009934,APP005559,65.41,FUZZY,100.0,51.35,0.0,AUTO_APPROVE,False
APP009935,APP007202,58.14,FUZZY,100.0,27.12,0.0,AUTO_APPROVE,False
APP009936,APP003294,67.82,FUZZY,80.0,79.41,20.0,AUTO_APPROVE,False
APP009937,APP001272,93.57,FUZZY,97.14,100.0,75.0,AUTO_REJECT,True
APP009938,APP000654,100.0,EXACT_PAN,92.31,100.0,100.0,AUTO_REJECT,True
APP009939,APP005720,93.78,FUZZY,97.56,100.0,75.0,AUTO_REJECT,True
APP009940,APP003503,97.22,FUZZY,94.44,100.0,100.0,AUTO_REJECT,True
APP009941,APP003232,64.29,FUZZY,100.0,47.62,0.0,AUTO_APPROVE,False
APP009942,APP003725,71.9,FUZZY,80.0,56.34,75.0,AUTO_APPROVE,False
APP009943,APP006764,100.0,EXACT_PAN,100.0,100.0,100.0,AUTO_REJECT,True
APP009944,APP007946,97.37,FUZZY,94.74,100.0,100.0,AUTO_REJECT,True
APP009945,APP001247,65.59,FUZZY,64.52,61.11,75.0,AUTO_APPROVE,False
APP009946,APP004512,65.49,FUZZY,48.0,71.64,100.0,AUTO_APPROVE,False
APP009947,APP005705,56.73,FUZZY,75.86,49.32,20.0,AUTO_APPROVE,False
APP009948,,0.0,NO_MATCH,0.0,0.0,0.0,AUTO_APPROVE,False
APP009949,APP003572,69.02,FUZZY,100.0,63.41,0.0,AUTO_APPROVE,False
APP009950,APP008070,69.29,FUZZY,78.57,50.0,75.0,AUTO_APPROVE,False
APP009951,APP002639,61.0,FUZZY,80.0,56.67,20.0,AUTO_APPROVE,False
APP009952,APP005791,59.97,FUZZY,82.35,49.32,20.0,AUTO_APPROVE,False
APP009953,APP008682,63.12,FUZZY,69.57,44.44,75.0,AUTO_APPROVE,False
APP009954,APP002658,61.05,FUZZY,42.11,66.67,100.0,AUTO_APPROVE,False
APP009955,APP008151,60.4,FUZZY,100.0,34.67,0.0,AUTO_APPROVE,False
APP009956,APP007068,100.0,EXACT_PAN,94.74,100.0,75.0,AUTO_REJECT,True
APP009957,APP005739,63.04,FUZZY,100.0,43.48,0.0,AUTO_APPROVE,False
APP009958,APP001199,71.24,FUZZY,66.67,59.7,100.0,AUTO_APPROVE,False
APP009959,APP006801,65.5,FUZZY,66.67,93.88,20.0,AUTO_APPROVE,False
APP009960,APP004910,58.94,FUZZY,100.0,29.79,0.0,AUTO_APPROVE,False
APP009961,APP007283,55.36,FUZZY,72.73,50.0,20.0,AUTO_APPROVE,False
APP009962,APP004508,62.63,FUZZY,100.0,42.11,0.0,AUTO_APPROVE,False
APP009963,APP001202,66.92,FUZZY,100.0,56.41,0.0,AUTO_APPROVE,False
APP009964,APP001147,61.98,FUZZY,77.78,63.64,20.0,AUTO_APPROVE,False
APP009965,APP002039,59.58,FUZZY,62.5,44.44,75.0,AUTO_APPROVE,False
APP009966,APP004226,51.67,FUZZY,64.71,64.41,0.0,AUTO_APPROVE,False
APP009967,APP005316,98.65,FUZZY,97.3,100.0,100.0,AUTO_REJECT,True
APP009968,APP004290,62.31,FUZZY,66.67,46.58,75.0,AUTO_APPROVE,False
APP009969,APP002910,58.89,FUZZY,100.0,29.63,0.0,AUTO_APPROVE,False
APP009970,APP001867,60.99,FUZZY,100.0,36.62,0.0,AUTO_APPROVE,False
APP009971,APP000432,97.0,EXACT_PHONE,100.0,100.0,100.0,AUTO_REJECT,True
APP009972,APP005363,63.76,FUZZY,45.16,70.59,100.0,AUTO_APPROVE,False
APP009973,APP002663,63.0,FUZZY,100.0,43.33,0.0,AUTO_APPROVE,False
APP009974,APP009799,58.74,FUZZY,64.0,39.13,75.0,AUTO_APPROVE,False
APP009975,APP004374,53.39,FUZZY,66.67,53.52,20.0,AUTO_APPROVE,False
APP009976,APP000065,65.45,FUZZY,100.0,51.52,0.0,AUTO_APPROVE,False
APP009977,APP005202,63.33,FUZZY,100.0,44.44,0.0,AUTO_APPROVE,False
APP009978,APP000598,93.57,FUZZY,97.14,100.0,75.0,AUTO_REJECT,True
APP009979,APP006650,96.43,FUZZY,92.86,100.0,100.0,AUTO_REJECT,True
APP009980,APP003975,74.18,FUZZY,62.5,93.1,75.0,AUTO_APPROVE,False
APP009981,APP006167,60.8,FUZZY,66.67,41.56,75.0,AUTO_APPROVE,False
APP009982,APP004026,59.76,FUZZY,62.86,44.44,75.0,AUTO_APPROVE,False
APP009983,APP006410,63.04,FUZZY,100.0,43.48,0.0,AUTO_APPROVE,False
APP009984,APP001227,74.56,FUZZY,82.93,60.32,75.0,AUTO_APPROVE,False
APP009985,APP001701,92.83,FUZZY,95.65,100.0,75.0,AUTO_REJECT,True
APP009986,APP001102,68.75,FUZZY,100.0,62.5,0.0,AUTO_APPROVE,False
APP009987,APP003975,59.68,FUZZY,100.0,32.26,0.0,AUTO_APPROVE,False
APP009988,APP009941,57.64,FUZZY,66.67,31.03,75.0,AUTO_APPROVE,False
APP009989,APP000617,66.12,FUZZY,90.91,55.56,20.0,AUTO_APPROVE,False
APP009990,APP004362,65.45,FUZZY,100.0,51.52,0.0,AUTO_APPROVE,False
APP009991,APP001052,68.35,FUZZY,62.86,73.08,75.0,AUTO_APPROVE,False
APP009992,APP007396,61.91,FUZZY,68.75,41.79,75.0,AUTO_APPROVE,False
APP009993,APP007131,69.09,FUZZY,100.0,63.64,0.0,AUTO_APPROVE,False
APP009994,APP005496,67.29,FUZZY,70.59,56.67,75.0,AUTO_APPROVE,False
APP009995,APP001269,66.35,FUZZY,100.0,41.18,20.0,AUTO_APPROVE,False
APP009996,APP004985,64.72,FUZZY,100.0,49.06,0.0,AUTO_APPROVE,False
APP009997,APP000345,60.48,FUZZY,100.0,34.92,0.0,AUTO_APPROVE,False
APP009998,APP005008,61.9,FUZZY,82.76,55.07,20.0,AUTO_APPROVE,False
APP009999,APP007397,65.13,FUZZY,56.41,56.41,100.0,AUTO_APPROVE,False
